1,-3.91999999999999,39.22,0,-5.26071428571429,31.2013411428571,-43.2281260714286,0.274135714285714,0.595810714285714,10.3397895714286,392.857142857143,0,0,0,0,0,0,0,0,0,0,0,0,0,0,0,0,0,-67.4285714285714,0,0,0,-71.5,0,0,-81.4285714285714,0,0,0,0,0,0,0,0,0,-68.3571428571429,0,-73.0714285714286,0,0,0,0,-76.2142857142857,-93,-65.1428571428571,-90.8571428571429,0,0,0,0,0,0,0,0,0,0,0,0,0,0,0,0,-78.8571428571429,0,0,0,0,0,0,-91.1428571428571,0,-79.7142857142857,0,0,0,0,0,0,0,0,0,0,0,-66,-70.2857142857143,0,0,0,0,0,0,0,0,0,0,0,0,0,0,0,0,0,0,0,0,0,0,0,0,0,0,0,0,0,0,0,0,0,0,0,0,0,0,0,0,0,0,0,0,0,0,0,-66,-71.1428571428571,0,0,0,0,0,0,0,0,0,0,0,0,0,0,-65.7142857142857,0,0,0,0,0,0,0,0,0,0,0,0,0,0,0,0,0,0,-66.7857142857143,-74.5714285714286,0,0,0,0,0,0,-42.8571428571429,0,0,0,0,0,0,0,0,0,0,0,0,0,-65.7142857142857,0,0,0,-65
2,-3.98,39.55,0.133333333333333,-5.55669642857143,29.1991083571429,-44.4401800714286,0.354514285714286,1.20169285714286,9.67000771428572,128.571428571429,0,0,0,0,0,0,0,0,0,0,0,0,0,0,0,0,0,-49.2857142857143,0,0,0,-65,0,0,-67.8571428571429,0,0,0,0,0,0,0,0,0,-47.1428571428571,0,-66.4285714285714,-22.5714285714286,0,0,0,-75.2857142857143,-93.5714285714286,-54.2857142857143,-75.7142857142857,0,0,0,0,0,0,0,0,0,0,0,0,0,0,0,0,-65.7142857142857,0,0,0,0,0,0,-90.2857142857143,0,-66.4285714285714,0,0,0,0,0,0,0,0,0,0,0,-55,-81.7142857142857,0,0,0,0,0,0,0,0,0,0,0,0,0,0,0,0,0,0,0,0,0,0,0,0,0,0,0,0,0,0,0,0,0,0,0,0,0,0,0,0,0,0,0,0,0,0,0,-55,-82.4285714285714,0,0,0,0,0,0,0,0,0,0,0,0,0,0,0,0,0,0,0,0,0,0,0,0,0,0,0,0,0,0,0,0,0,-60.7142857142857,-62.1428571428571,0,0,0,0,0,0,-35.7142857142857,0,0,0,0,0,0,0,0,0,0,0,-25.7142857142857,0,0,0,0,0,0
3,-3.98999999999999,39.76,0.266666666666667,-4.48846153846154,30.7024051538462,-43.6586556153846,-0.0880615384615385,0.71505,9.61407738461538,276.923076923077,0,0,0,0,0,0,0,0,0,0,0,0,0,0,0,0,0,-58.3846153846154,0,0,0,-88.9230769230769,0,0,-80.3846153846154,0,0,0,0,0,0,0,0,0,-55.8461538461538,0,-71.5384615384615,-66.8461538461538,0,0,0,-72.6153846153846,-95,-64.3076923076923,-89.6923076923077,0,0,0,0,0,0,0,0,0,0,0,0,0,0,0,0,-77.8461538461538,0,0,0,0,0,0,-95.5384615384615,0,-78.6923076923077,0,0,0,0,0,0,0,0,0,0,0,-65.1538461538462,-81.6923076923077,0,0,0,0,0,0,0,0,0,0,0,0,0,0,0,0,0,0,0,0,0,0,0,0,0,0,0,0,0,0,0,-19.3846153846154,0,0,0,0,0,0,0,0,0,0,0,0,0,0,0,-65.1538461538462,-81.6923076923077,0,0,0,0,0,0,0,0,0,0,0,0,0,0,0,0,0,0,0,0,0,0,0,0,0,0,0,-20.0769230769231,0,0,0,0,0,-65.3846153846154,-87,0,0,0,0,0,0,-42.3076923076923,0,0,0,0,0,0,0,0,0,0,0,-90.4615384615385,0,0,0,0,0,0
4,-3.98999999999999,39.98,0.4,-3.08303571428571,30.913394,-43.4049119285714,0.194421428571429,0.733135714285714,9.84414685714286,107.142857142857,0,0,0,0,0,0,0,0,0,0,0,0,0,0,0,0,0,-68.4285714285714,0,0,0,-58.5714285714286,0,0,-67.8571428571429,0,0,0,0,0,0,0,0,0,-47.1428571428571,0,0,-80.4285714285714,0,0,0,-79.1428571428571,-94.4285714285714,-54.2857142857143,-75.7142857142857,0,0,0,0,0,0,0,0,0,0,0,0,0,0,0,0,-65.7142857142857,0,0,0,0,0,0,-67.1428571428571,0,-66.4285714285714,0,0,0,0,0,0,0,0,0,0,0,-55,-84,0,0,0,0,0,0,0,0,0,0,0,0,0,0,0,0,0,0,0,0,0,0,0,0,0,0,0,0,0,0,0,-60,-27.1428571428571,0,0,0,0,0,0,0,0,0,0,0,0,0,0,-55,-84,0,0,0,0,0,0,0,0,0,0,0,0,0,0,0,0,0,0,0,0,0,0,0,0,0,0,0,-84.4285714285714,-26.5714285714286,0,0,0,0,0,-62.1428571428571,0,0,0,0,0,0,-35.7142857142857,-18.5714285714286,0,0,0,0,0,0,0,0,0,0,-65.7142857142857,0,0,0,0,0,0
5,-4,40.2,0.533333333333333,-2.99,29.9825014,-43.7250020666667,-0.13074,0.77661,9.93513033333334,-120,0,0,0,0,0,0,0,0,0,0,0,0,0,0,0,0,0,-58.0666666666667,0,0,0,-71.0666666666667,0,0,0,0,0,0,0,0,0,0,0,0,-44,0,0,-83.3333333333333,0,0,0,-80.6666666666667,-80.6,0,0,0,0,0,0,0,0,0,0,-27,0,0,0,0,0,0,0,0,0,0,0,0,0,0,-81.4666666666667,0,0,0,0,0,0,0,0,0,0,0,0,0,0,-86,0,0,0,0,0,0,0,0,0,0,0,0,0,0,0,0,0,0,0,0,0,0,0,0,0,0,0,0,0,0,0,-72.8,-82.3333333333333,0,0,0,0,0,0,0,0,0,0,0,0,0,0,0,-85.6666666666667,0,0,0,0,0,0,0,0,0,0,0,0,0,0,0,0,0,0,0,0,0,0,0,0,0,0,0,-67.6,-80.6,0,0,0,0,0,-88.6666666666667,0,0,0,0,0,0,0,-67.3333333333333,0,0,0,0,0,0,0,0,0,0,-79.7333333333333,0,0,0,0,0,0
6,-4,40.41,0.666666666666667,-3.63028846153846,31.4350974615385,-42.6764436153846,-0.0506884615384616,0.420161538461538,9.818239,-269.230769230769,0,0,0,0,0,0,0,0,0,0,0,0,0,0,0,0,0,-46.3846153846154,0,-34.6153846153846,0,-56.7692307692308,0,0,0,0,0,0,0,0,0,0,0,0,0,0,0,-82,0,0,0,-54,-64.3846153846154,0,0,0,0,0,0,0,0,0,0,-56.0769230769231,0,0,0,0,0,0,0,0,0,0,0,0,0,0,-65.0769230769231,0,0,0,0,0,0,0,0,-35.7692307692308,0,0,0,0,0,-87.6923076923077,0,0,0,0,0,0,0,0,0,0,0,0,0,0,0,0,0,0,0,0,0,0,0,0,0,0,0,0,0,0,0,-58.1538461538462,-95.3846153846154,0,0,0,0,0,0,0,0,0,0,0,0,0,0,0,-61.6153846153846,0,0,0,0,0,0,0,0,0,0,0,0,0,0,0,0,-36.5384615384615,0,0,0,0,0,0,0,0,0,0,-54,-64.3846153846154,0,0,0,0,0,-63.6923076923077,0,0,0,0,0,0,0,-49.8461538461538,-34.2307692307692,0,0,0,0,0,0,0,0,0,-63.6923076923077,0,0,0,0,0,0
7,-4,40.64,0.8,-2.221875,29.4296886666667,-43.6359395,-0.1266625,0.7098375,9.78617533333333,-450,0,0,0,0,0,0,0,0,0,0,0,0,0,0,0,0,0,-55.8333333333333,0,-75,0,-61.5,0,0,0,0,0,0,0,0,0,0,0,0,0,0,0,-68.3333333333333,0,0,0,-78.75,-93.5,0,0,0,0,0,0,0,0,0,0,-67.5,0,0,0,0,0,0,0,-22,0,0,0,0,0,0,-94.5,0,0,0,0,0,0,0,0,-77.5,0,0,0,0,0,-85,0,0,0,0,0,0,0,0,0,0,0,0,0,0,0,0,0,0,0,0,0,0,0,0,0,0,0,0,0,0,0,-63,-80,0,0,0,0,0,0,0,0,0,0,0,0,0,0,0,-88.75,0,0,0,0,0,0,0,0,0,0,0,0,0,0,0,0,-79.1666666666667,0,0,0,0,0,0,0,0,0,0,-65,-77.5,0,0,0,0,0,-91.75,0,0,0,-22.5,0,0,0,-71.5,-74.1666666666667,0,0,0,0,0,0,0,0,0,-92.5,0,0,0,0,0,0
8,-4.01,41.06,0.933333333333333,-1.5375,27.7354181111111,-44.6020846666667,0.0128833333333333,0.648,9.66380044444444,-766.666666666667,0,0,0,0,0,0,0,0,0,0,0,0,0,0,0,0,0,-67,0,-90,0,0,0,0,0,0,0,0,0,0,0,0,0,0,0,0,0,-82,0,0,0,-81,-95,0,0,0,0,0,0,0,0,0,0,-81,0,0,0,0,0,0,0,-88,0,0,0,0,0,0,-96,0,0,0,0,0,0,0,0,-93,0,0,0,0,0,-88,0,0,0,0,0,0,0,0,0,0,0,0,0,0,0,0,0,0,0,0,0,0,0,0,0,0,0,0,0,0,0,0,-96,0,0,0,0,0,0,0,0,0,0,0,0,0,0,0,-88,0,0,0,0,0,0,0,0,0,0,0,0,0,0,0,0,-95,0,0,0,0,0,0,0,0,0,0,-78,-93,0,0,0,0,0,-91,0,0,0,-90,0,0,0,-70,-89,0,0,0,0,0,0,0,0,0,-94,0,0,0,0,0,0
9,-3.98999999999999,41.35,1.06666666666667,-32.4618757,-1.456875,-41.9981267,-0.019725,0.53589,9.6653105,-710,0,0,0,0,0,0,0,0,0,0,0,0,0,0,0,0,0,-77,0,-63,0,0,0,0,0,0,0,0,0,0,0,0,0,0,-70,0,0,-57.4,0,0,0,-78,-66.5,-77,0,-85,0,0,0,0,0,-80,0,-56.7,0,0,0,0,0,0,0,-61.6,0,0,0,0,0,0,-67.2,0,0,0,0,0,0,0,0,-65.1,0,0,0,0,0,-90,0,0,0,0,0,0,0,0,0,0,0,0,0,0,0,0,0,0,0,0,0,0,0,0,0,0,0,0,0,0,0,0,-67.2,0,0,0,0,0,0,0,0,0,0,0,0,0,0,0,-90,0,0,0,0,0,0,0,0,0,0,0,0,0,0,0,0,-66.5,0,0,0,0,0,0,0,0,0,0,0,0,0,0,0,0,0,-63.7,0,0,0,-63,0,0,0,-49,-62.3,0,0,0,0,0,0,0,0,0,-65.8,0,0,0,0,0,0
10,-3.48,41.42,1.2,-32.7112512666667,-3.88,-41.743752,-0.04055,0.77428,9.92026053333334,-906.666666666667,0,0,0,0,0,0,0,0,0,0,0,0,0,0,0,0,0,-66.7333333333333,0,-78,0,0,0,0,0,0,0,0,0,0,0,0,0,0,-60.6666666666667,0,0,-71.0666666666667,0,0,0,-76.8,-92.6,-76.4,0,-73.6666666666667,0,-47.4,0,0,0,-69.3333333333333,0,-32.4,0,0,0,0,0,0,0,-76.2666666666667,0,0,0,0,0,0,-83.2,0,0,0,0,0,0,0,0,-80.6,0,0,0,0,0,-83.4,0,0,0,0,0,0,0,0,0,0,0,0,0,0,0,0,0,0,0,0,0,0,0,0,0,-51.6,0,0,0,0,0,0,-83.2,0,0,0,0,0,0,0,0,0,0,0,0,0,0,0,-83.4,0,0,0,0,0,0,0,0,0,0,0,0,0,0,-50.4,0,-94.4,0,0,0,0,0,0,-50.4,0,0,0,0,0,0,0,0,0,0,-78.8666666666667,0,0,0,-78,0,0,0,-60.6666666666667,-77.1333333333333,0,0,0,0,0,0,0,0,0,-92.2,0,0,0,0,0,0
11,-3.21,41.45,1.33333333333333,-31.4250010666667,-2.30375,-42.7662516,-0.11673,0.61732,10.0886505333333,-906.666666666667,0,0,0,0,0,0,0,0,0,0,0,0,0,0,0,0,0,-56.4666666666667,0,-12,0,0,0,0,0,0,0,0,0,0,0,0,0,0,-51.3333333333333,0,0,-83.7333333333333,0,0,0,-73.4,-88.4,-55.7333333333333,0,-62.3333333333333,0,-57.9333333333333,0,0,0,-58.6666666666667,0,0,0,0,0,0,0,0,0,-89.7333333333333,0,0,0,0,0,0,-96,0,0,0,0,0,0,0,0,-12.4,0,0,0,0,0,-79.8666666666667,0,0,0,0,0,0,0,0,0,0,0,0,0,0,-67.6,0,0,0,0,0,0,0,0,0,0,-63.0666666666667,-81.4666666666667,0,0,0,0,0,-12.8,0,0,0,0,0,0,0,0,0,0,0,0,0,0,0,-79.8666666666667,0,0,0,0,0,0,0,0,0,0,0,0,0,0,-78.8,0,-95.7333333333333,0,0,0,0,0,0,-61.6,0,0,0,0,0,0,0,0,0,0,-84.0666666666667,0,0,0,-66,0,0,0,-51.3333333333333,-11.8666666666667,0,0,0,0,0,0,0,0,0,-91,0,0,0,0,0,0
12,-2.91999999999999,41.49,1.46666666666667,-32.42812675,-2.724609375,-42.124220625,-0.021628125,0.5836875,9.5536318125,-1218.75,0,0,0,0,0,0,0,0,0,0,0,0,0,0,-78,0,0,-67.375,0,0,0,0,0,0,0,0,0,0,0,0,-5.625,0,0,0,-61.25,0,0,-73.5,0,0,0,-76.5625,-91.1875,-66.5,0,-74.375,0,-78.125,0,0,0,-75,0,0,0,0,0,0,0,-5.875,0,-78.75,0,0,0,0,0,0,-84,0,0,0,0,0,0,0,0,0,0,0,0,0,0,-79.875,0,0,0,0,0,0,0,0,0,0,0,0,0,0,-73.5,0,0,0,0,0,0,0,0,0,0,-75.25,-82.25,0,0,0,0,0,-77.1875,0,0,0,0,0,0,0,-5.4375,0,0,0,0,0,0,0,-79.9375,0,0,0,0,0,0,0,0,0,0,0,0,0,0,-73.5,0,-84,0,0,0,0,0,0,-73.5,0,0,0,0,0,0,0,0,0,0,-72.625,0,0,0,-11.25,0,-5.4375,0,-8.75,0,0,0,0,0,0,0,0,0,0,-79.625,0,0,0,0,0,0
13,-2.64,41.48,1.6,-33.3667983125,-1.911328125,-41.3507829375,0.221184375,0.4113375,10.22280975,-1406.25,0,0,0,0,0,0,0,0,0,0,0,0,0,0,-72,0,0,0,0,0,0,0,0,0,0,-11.375,0,0,0,0,-89.875,0,0,0,0,0,0,-73.5,0,0,0,-62.25,-87.375,-67.125,0,0,0,-63,0,0,0,-70,0,0,0,0,0,0,0,-82.25,0,-67.5,-11.875,0,0,0,0,0,-72,0,0,0,0,0,0,0,0,0,0,0,0,0,0,-78.125,0,0,0,0,0,0,0,0,0,0,0,0,0,0,-83.5,0,0,0,0,0,0,0,0,0,0,-64.5,-70.5,0,0,0,0,0,-83,0,0,0,0,0,0,0,-76.125,0,0,0,0,0,0,0,-79,0,0,0,0,0,0,0,0,0,0,0,0,0,0,-83.5,0,-72,0,0,0,0,0,0,-63,0,0,0,0,0,0,0,0,0,0,-62.25,0,0,0,0,0,-87.25,0,0,0,0,0,0,0,0,0,0,0,0,-79.5,0,0,0,0,0,0
14,-2.34,41.5,1.73333333333333,-33.0144246923077,-0.504807692307692,-41.1923098461538,-0.0832384615384615,0.331938461538461,9.86599638461538,-1438.46153846154,0,0,0,0,0,0,0,0,0,0,-14.4615384615385,0,0,0,-81.2307692307692,0,0,0,0,-14,0,0,0,0,0,-77,0,0,0,0,-75.3076923076923,0,0,0,0,0,0,-71.0769230769231,0,0,0,-82.5384615384615,-89.5384615384615,-68.5384615384615,0,0,0,-71.0769230769231,0,0,0,-67.6923076923077,0,0,0,0,0,0,0,-79.5384615384615,0,-76.1538461538462,-80.3846153846154,0,0,0,0,0,-95.3846153846154,0,0,0,0,0,0,0,0,0,0,0,0,0,0,-78.5384615384615,0,0,0,0,0,0,0,0,0,0,0,0,0,0,-79.6923076923077,0,0,0,0,0,0,0,0,0,0,-6.61538461538461,-94,0,0,0,0,0,-79.5384615384615,0,0,0,0,0,0,0,-73.6153846153846,0,0,0,0,0,0,0,-78.3846153846154,0,0,0,0,0,0,0,0,0,0,0,0,0,0,-79.6923076923077,0,-95.5384615384615,0,0,0,0,0,0,0,0,0,0,0,0,0,0,0,-13.6923076923077,-14.4615384615385,-83.1538461538462,0,0,0,0,0,-75.3076923076923,0,0,0,0,0,0,0,0,0,0,0,0,-90.4615384615385,0,0,0,0,0,0
15,-2.06,41.51,1.86666666666667,-32.6859393125,-2.855859375,-40.6218765625,0.068878125,0.714253125,9.858938,-1637.5,0,0,0,0,0,0,0,0,0,0,-82.25,0,0,0,-72,0,0,0,0,-79.625,0,0,0,0,0,-85.875,0,0,0,0,-84.375,0,0,0,0,0,0,-68.25,0,0,0,-79.0625,-86.8125,-65.8125,0,0,0,-63,0,0,0,-65,0,0,0,0,0,0,0,-76.375,0,0,-88.5,0,0,0,0,0,-80.5,0,0,0,0,0,0,0,0,0,0,0,0,0,0,-76.1875,0,0,0,0,0,0,0,0,0,0,0,0,0,0,-78.75,0,0,0,0,0,0,0,0,0,0,0,-82.25,0,0,0,0,0,-88.3125,0,0,0,0,0,0,0,-70.6875,0,0,0,0,0,0,0,-75.375,0,0,0,0,0,0,0,0,0,0,0,0,0,0,-78.75,0,-81.375,0,0,0,0,0,0,0,0,0,0,0,0,0,0,0,-77.875,-82.25,-73.5,0,0,0,0,0,-72.3125,0,0,0,0,0,0,0,0,0,0,0,0,-81.375,0,0,0,0,0,0
16,-1.79,41.51,2,-32.2895843888889,-3.525,-40.4760437222222,0.060625,0.504008333333333,10.0260006111111,-2444.44444444444,0,0,0,0,0,0,0,0,0,0,-73.1111111111111,0,0,0,0,0,0,0,0,-70.7777777777778,0,0,0,0,0,-73.1111111111111,0,0,0,0,-73.1111111111111,0,0,0,0,0,0,-65.3333333333333,0,0,0,-58.3333333333333,-85.5555555555556,-78.3333333333333,-38.2222222222222,0,0,0,0,0,0,-79.5555555555556,0,0,0,0,0,0,0,-52.2222222222222,0,0,-71.5555555555556,0,0,0,0,0,-92.4444444444444,0,0,0,0,0,0,0,0,0,0,0,0,0,0,-77.8888888888889,0,0,0,0,0,0,0,0,0,0,0,0,0,0,-81.5555555555556,0,-41.7777777777778,0,0,0,0,0,0,0,0,0,-73.1111111111111,0,0,0,0,0,-73.8888888888889,0,0,0,0,0,0,0,-48.3333333333333,0,0,0,0,0,0,0,-77.8888888888889,0,0,0,0,0,0,0,0,0,0,0,0,0,0,-81.5555555555556,0,-72.3333333333333,0,0,0,0,0,0,0,0,0,0,0,0,0,0,0,-69.2222222222222,-73.1111111111111,-65.3333333333333,0,0,0,0,0,-69.2222222222222,0,0,0,0,0,0,0,0,0,0,0,0,-72.3333333333333,0,0,0,0,0,0
17,-1.52,41.52,2.13333333333333,-31.9727691428571,-4.53080357142857,-40.5776803571429,0.132225,0.662410714285714,10.0171291428571,-2521.42857142857,0,0,0,0,0,0,0,0,0,0,-80.5714285714286,-27.8571428571429,-33.2142857142857,-32.8571428571429,0,0,0,0,0,-78,0,-27.8571428571429,0,0,0,-93.6428571428571,0,0,0,0,-93.2857142857143,0,0,0,-25,0,0,-54,-29.2857142857143,0,0,-75.7142857142857,-87.1428571428571,-75.3571428571429,-87.7857142857143,0,0,0,0,0,-33.5714285714286,-80.7857142857143,0,0,0,0,0,0,0,0,0,0,-78.8571428571429,0,0,0,0,0,-79.7142857142857,0,0,0,0,0,0,0,0,0,0,0,0,0,0,-77.2142857142857,0,0,0,0,0,0,0,0,0,0,0,0,0,0,-80.6428571428571,0,-91.8571428571429,0,0,0,0,0,0,0,0,0,-80.5714285714286,0,0,0,0,0,-94.6428571428571,0,0,0,0,0,0,0,0,0,0,0,0,0,0,0,-77.2142857142857,-29.6428571428571,0,0,0,0,0,0,0,0,0,0,0,0,0,-80.6428571428571,0,-79.7142857142857,0,0,0,0,0,0,0,0,0,0,-28.5714285714286,0,0,0,0,-88.6428571428571,-80.5714285714286,-86.8571428571429,0,0,0,0,0,-57.2142857142857,0,0,0,0,0,0,0,0,0,0,0,0,-79.7142857142857,0,0,0,0,0,0
18,-1.22,41.54,2.26666666666667,-31.7861856842105,-3.51315789473684,-40.8217125263158,0.150165789473684,0.70526052631579,9.82557673684211,-2336.84210526316,0,0,0,0,0,0,0,0,0,0,-24.7368421052632,-61.5789473684211,-73.4210526315789,-72.6315789473684,0,0,0,0,0,-23.9473684210526,0,-61.5789473684211,0,0,0,-73.4210526315789,0,0,0,0,-86.8421052631579,0,0,0,-55.2631578947368,0,0,-64.8421052631579,-64.7368421052632,0,0,-60.7894736842105,-93.9473684210526,-60,-71.8421052631579,0,0,0,0,0,-74.2105263157895,-66.3157894736842,0,-64.1052631578947,0,0,0,0,0,0,0,0,-72.6315789473684,0,0,0,0,0,-93.7368421052632,0,0,0,0,0,0,0,0,0,0,0,0,0,0,-73.2631578947368,0,0,0,0,0,0,0,0,0,0,0,0,0,-51.5789473684211,-80,0,-69.4736842105263,0,0,0,0,0,0,0,0,0,-24.7368421052632,0,0,0,0,0,-74.2105263157895,0,0,0,0,0,0,0,-64.8421052631579,0,0,0,0,0,0,0,-74,-65.5263157894737,0,0,0,0,0,0,0,0,0,0,0,0,-51.5789473684211,-80,0,-24.4736842105263,0,0,0,0,0,0,0,-69.2631578947368,0,0,-63.1578947368421,0,0,0,0,-69.4736842105263,-24.7368421052632,-91.2631578947368,0,0,0,0,0,0,-52.3157894736842,-53.0526315789474,-61.8947368421053,0,0,0,0,0,0,0,0,0,-24.4736842105263,0,0,0,0,0,0
19,-0.979999999999997,41.55,2.4,-32.3358565789474,-2.75723684210526,-40.5000019473684,0.0727421052631579,0.339339473684211,9.77959789473684,-2636.84210526316,0,0,0,0,0,-60,0,0,0,0,0,-61.5789473684211,-73.4210526315789,-66.3157894736842,0,0,0,-56,0,0,0,-61.5789473684211,0,0,0,-73.4210526315789,0,0,0,0,-67.1052631578947,0,0,-57.4736842105263,-54,0,0,-69.4736842105263,-64.7368421052632,0,0,-65.8421052631579,-73.1052631578947,-65.6842105263158,-72.4736842105263,0,0,0,-19.3684210526316,0,-93.7894736842105,-75.1578947368421,-19.7894736842105,-68.6842105263158,0,0,0,0,0,-53.0526315789474,0,-54.9473684210526,-14.5263157894737,0,0,0,0,0,-74.2105263157895,0,0,0,0,0,0,-17.6842105263158,0,0,0,0,0,0,0,-75.5263157894737,0,0,0,0,0,0,0,0,0,0,0,0,0,-51.4736842105263,-76.4210526315789,-46.1052631578947,-72,0,0,0,0,0,0,0,0,0,-60,0,0,0,0,0,-74.2105263157895,0,0,0,0,0,0,0,-69.4736842105263,0,-19.5789473684211,0,0,0,0,0,-75.8947368421053,-65.5263157894737,0,0,0,0,0,0,0,0,0,0,0,0,-55.2631578947368,-76.4210526315789,0,0,0,0,0,0,0,0,0,-74.2105263157895,0,0,-63.1578947368421,0,0,0,0,-69.4736842105263,0,-73.1052631578947,0,0,0,0,-19.5789473684211,-18.5263157894737,-69.1052631578947,-56.8421052631579,-66.3157894736842,0,0,0,0,0,0,0,0,0,0,0,0,0,0,0,0
20,-0.479999999999997,41.56,2.53333333333333,-31.6375014444444,-15.0312505555556,-36.5354182222222,0.61355,1.44813333333333,9.85355055555555,-2855.55555555556,0,0,0,0,0,-95,0,0,0,0,0,-78,-93,-82,0,0,0,-71,0,0,0,-78,0,0,0,-93,0,0,0,0,-85,0,0,-91,-68,0,0,-88,-82,0,0,-85,-92,-85,-92,0,0,0,-92,0,-93,-75,-94,-87,0,0,0,0,0,-84,0,-87,0,0,0,0,0,0,-94,0,0,0,0,0,0,-84,0,0,0,0,0,0,0,-76,0,0,0,0,0,0,0,0,0,0,0,0,0,-64,-75,-73,-92,0,0,0,0,0,0,0,0,0,-95,0,0,0,0,0,-94,0,0,0,0,0,0,0,-88,0,-93,0,0,0,0,0,-77,-83,0,0,0,0,0,0,0,0,0,0,0,0,-70,-75,0,0,0,0,0,0,0,0,0,-94,0,0,-80,0,0,0,0,-88,0,-93,0,0,0,0,-93,-88,-62,-72,-84,0,0,0,0,0,0,0,0,0,0,0,0,0,0,0,0
21,-0.219999999999999,41.48,2.66666666666667,0.63125,-33.2020848888889,-37.0208344444444,0.0826666666666667,1.23331666666667,9.58835022222222,-2700,0,0,0,0,0,-73.8888888888889,0,0,0,0,0,-17.3333333333333,-90.6666666666667,-63.7777777777778,0,0,0,-71,0,0,0,-17.3333333333333,0,0,0,-20.6666666666667,0,0,0,0,-93.5555555555556,0,0,-70.7777777777778,-76.5555555555556,0,0,-68.4444444444444,-18.2222222222222,0,0,-81.1111111111111,-71.5555555555556,-66.1111111111111,-71.5555555555556,0,0,0,-71.5555555555556,0,-72.3333333333333,-58.3333333333333,-73.1111111111111,-67.6666666666667,0,0,0,0,0,-65.3333333333333,0,-67.6666666666667,0,0,0,0,0,0,-93.2222222222222,0,0,0,0,0,0,-65.3333333333333,0,0,0,0,0,0,0,-76,0,0,0,0,0,0,0,0,0,0,0,0,0,-49.7777777777778,-76.5555555555556,-56.7777777777778,-85,0,0,0,0,0,0,0,0,0,-73.8888888888889,0,0,0,0,0,-20.8888888888889,0,0,0,0,0,0,0,-68.4444444444444,0,-72.3333333333333,0,0,0,0,0,-75.4444444444444,-18.4444444444444,0,0,0,0,0,0,0,0,0,0,0,0,-64.5555555555556,-76.5555555555556,-56.7777777777778,-64.5555555555556,0,0,0,0,0,0,0,-93.2222222222222,0,0,-17.7777777777778,-72.3333333333333,0,-71.5555555555556,0,-19.5555555555556,0,-88.3333333333333,0,0,0,0,-72.3333333333333,-68.4444444444444,-48.2222222222222,-56,-65.3333333333333,0,0,0,0,0,0,0,0,0,0,0,0,0,0,0,0
22,-0.129999999999995,41.12,2.8,1.53046875,-30.4183604375,-38.448048375,-0.19580625,0.514978125,9.7951878125,-3000,0,0,0,0,0,-95,0,0,0,0,-46.5,0,-90,-82,0,0,0,-71,0,0,0,0,0,0,0,0,0,0,0,0,-96,0,0,-91,-79,0,0,-44,0,0,0,-80,-93.5,-82,-93.5,0,0,0,-92,0,-92,-79.5,-94,-43.5,0,0,0,0,0,-84,0,-87,0,0,0,0,0,0,-93,0,0,0,0,0,0,-84,0,0,0,0,0,0,0,-74.5,0,0,0,0,0,0,0,0,0,0,0,0,0,-67,-74,-71.5,-84.5,0,0,0,0,0,0,0,0,0,-94.5,0,0,0,0,0,0,0,0,0,0,0,0,0,-44,0,-93,0,0,0,0,0,-74,0,0,0,0,0,0,0,0,0,0,0,0,0,-66.5,-74,-72,-84.5,0,0,0,0,0,0,0,-93,0,0,0,-92.5,0,-92,0,0,0,-87,0,0,0,0,-93,-88,-68.5,-73,-42,0,0,0,0,0,0,0,0,0,0,0,0,0,0,0,0
23,-0.100000000000001,40.87,2.93333333333333,2.48973214285714,-29.3718762142857,-38.3397337857143,0.175767857142857,0.733703571428571,9.90534692857143,-3185.71428571429,0,0,0,0,0,-33.9285714285714,0,0,0,0,-93,0,-92.5714285714286,-29.2857142857143,0,0,0,-71,0,0,0,0,0,0,0,0,0,0,0,0,-96,0,0,-32.5,-74.5,0,0,0,0,0,0,-79.3571428571429,-95,-79,-95,0,0,0,-92,0,-91,-82.7142857142857,-94,0,0,0,0,0,0,-30,0,-31.0714285714286,0,0,0,0,0,0,-93,0,0,0,0,0,0,-84,0,0,0,0,0,0,0,-77.5,0,0,0,0,0,0,0,0,0,0,0,0,0,-70,-72.2857142857143,-67.4285714285714,-82.7857142857143,0,0,0,0,0,0,0,0,0,-94.6428571428571,0,0,0,0,0,0,0,0,0,0,0,0,0,0,0,-93,0,0,0,0,0,-78.1428571428571,0,-62.3571428571429,0,0,0,0,0,0,0,0,0,0,0,-70,-72.2857142857143,-71,-82.7857142857143,0,0,0,0,0,0,0,-93,0,0,0,-91.3571428571429,0,-92,0,0,0,-87,0,0,0,0,-93,-82.2142857142857,-75,-75.2857142857143,0,0,0,0,0,0,0,0,0,0,0,0,0,0,0,0,0
24,-0.0899999999999963,40.55,3.06666666666667,2.9325,-27.9862511333333,-38.5337512666667,-0.06559,0.43033,9.8669404,-3773.33333333333,0,0,0,0,0,0,0,0,0,0,-93,0,-94,0,-56.4,0,0,-78.2,0,0,0,0,0,0,0,-57,0,0,0,0,-95.4,0,0,0,-75,0,0,0,0,0,0,-82,-95,-79,-95,0,0,0,-36.8,-47.4,-91,-82,-37.6,0,0,0,0,0,0,0,0,0,-56.4,0,0,0,0,0,-93,0,0,0,0,-56.4,0,-33.6,0,-53.4,0,0,0,0,0,-78.8,0,-56.4,0,0,0,0,0,0,0,0,0,0,0,-64.6,-71.8,-67.8,-82.2,0,0,0,0,0,0,0,0,0,-95,0,0,0,0,0,0,0,0,0,0,0,0,0,0,0,-37.2,0,0,0,0,0,-79.2,0,-97,0,0,0,0,0,0,0,0,0,0,0,-70,-71.8,-71,-82.2,0,0,0,0,0,0,0,-93,0,0,0,-91,0,-92,0,0,0,-87,0,0,0,0,-37.2,-79,-75,-76,0,0,0,0,0,0,0,0,0,0,0,0,0,0,0,0,0
25,-0.0599999999999952,40.25,3.2,0.0107142857142858,-28.6433048571429,-38.2714302857143,0.468225,0.588567857142857,9.82491471428571,-3757.14285714286,0,0,0,0,0,0,0,0,0,0,-79.7142857142857,0,-80.5714285714286,0,-80.5714285714286,0,0,-79.8571428571429,0,0,0,0,0,0,0,-81.4285714285714,0,0,0,0,-81.4285714285714,0,0,0,-74.6428571428571,0,0,0,0,0,0,-87.1428571428571,-81.4285714285714,-67.7142857142857,-81.4285714285714,0,0,0,0,-67.7142857142857,-78,-81.2142857142857,0,0,0,0,0,0,0,0,0,0,-80.5714285714286,0,0,0,0,0,-94.5714285714286,0,0,0,0,-80.5714285714286,0,0,0,-76.2857142857143,0,0,0,0,-56.5714285714286,-79.5714285714286,0,-80.5714285714286,0,0,0,0,0,0,0,0,0,0,0,-52.2857142857143,-72.5714285714286,-59.1428571428571,-83.7857142857143,0,0,0,0,0,0,0,0,0,-92.6428571428571,0,0,0,0,0,0,0,0,0,0,0,0,0,0,0,0,0,0,0,0,0,-79.5714285714286,0,-83.1428571428571,0,0,0,0,0,0,0,0,0,0,0,-60,-72.5714285714286,-60.8571428571429,-83.7857142857143,0,0,0,0,0,0,0,-19.9285714285714,0,0,0,-78,0,-78.8571428571429,0,0,0,-18.6428571428571,0,0,0,0,0,-67.7142857142857,-66.3571428571429,-79.1428571428571,0,0,0,0,0,0,0,0,0,0,0,0,0,0,0,0,0
26,-0.0700000000000003,39.98,3.33333333333333,0.291796875,-29.2007825625,-38.1257828125,0.004753125,0.53244375,9.892435,-4012.5,0,0,0,0,0,0,0,0,0,-68.25,-17.4375,0,-82.25,0,-82.25,0,0,-79.8125,0,0,0,0,0,0,0,-83.125,0,0,0,0,-83.125,0,0,0,-64.75,0,0,0,0,-77.1875,0,-77,-17.8125,-69.125,-83.125,0,0,0,0,-69.125,-92.625,-70.875,0,0,0,0,0,0,0,0,0,0,-96.4375,0,0,0,0,-65.8125,-83.125,0,0,0,0,-82.25,0,0,0,-77.875,0,0,0,0,-63,-80,0,-82.25,0,0,0,0,0,0,0,0,0,0,0,-53.375,-71.375,-60.375,-84,0,0,0,0,0,0,0,0,0,-80.5,0,0,0,0,0,-75.5625,0,0,0,0,0,0,0,0,0,-72.3125,0,0,0,0,0,-80,0,-84.875,0,0,0,0,0,0,0,0,0,0,0,-13.125,-71.375,-13.3125,-84,0,0,0,0,0,0,0,0,0,0,0,-79.625,0,-80.5,0,0,0,0,0,0,0,0,0,-69.125,-56,-82.4375,0,0,0,0,0,0,0,0,0,0,0,0,0,0,0,0,0
27,-0.0599999999999952,39.72,3.46666666666667,0.36796875,-30.4687511875,-37.192970875,0.0580125,0.7060875,9.844687875,-4275,0,0,0,0,0,0,0,0,0,-73.5,0,0,0,0,-82.25,0,0,-70,0,0,0,0,0,0,0,-87.1875,0,0,0,0,-88.125,0,0,0,-64.75,0,0,-5.3125,0,-83.125,0,-82.125,0,-78.75,0,0,0,0,0,-69.125,-81.375,-77.75,0,0,0,0,0,0,0,0,0,0,-89.0625,0,0,0,0,-70.875,-83.125,0,0,0,0,-82.25,0,0,0,-77.875,0,0,0,0,-67.75,-74.875,0,-82.25,0,0,0,0,0,0,0,0,0,0,0,-53.375,-68.9375,-60.375,-82.6875,0,0,0,0,0,0,0,0,0,-80.5,0,0,0,0,0,-87.1875,0,0,0,0,0,0,0,0,0,-77.875,0,0,0,0,0,-74.875,0,-5.8125,0,0,0,0,0,0,0,0,0,0,0,0,-68.9375,0,-82.6875,0,0,0,0,0,0,0,0,0,0,0,-5.75,0,-80.5,0,-5.9375,0,0,0,0,0,0,0,0,-56,-72.625,0,0,0,0,0,0,0,0,0,0,0,0,0,0,0,0,0
28,-0.0599999999999952,39.16,3.6,-2.615625,-31.6531263333333,-36.012502,0.20915,0.787125,9.80950066666667,-4150,0,0,0,0,0,0,0,0,0,-84,0,0,0,0,0,0,0,-80,0,0,0,0,0,0,0,-93,0,0,0,0,-94,0,0,0,-74,0,0,-85,0,-95,0,-82,0,-84,0,0,0,0,0,0,-93,-74,0,0,0,0,0,0,0,0,0,0,-95,0,0,0,0,-81,-95,0,0,0,0,0,0,0,0,0,0,0,0,0,-76,-78,0,0,0,0,0,0,0,0,0,0,0,0,0,0,-68,0,-78,0,0,0,0,0,0,0,0,0,-92,0,0,0,0,0,-93,0,0,0,0,0,0,0,0,0,-89,0,0,0,0,0,-78,0,-93,0,0,0,0,0,0,0,0,0,0,0,0,-68,0,-78,0,0,0,0,0,0,0,0,0,0,0,-92,0,0,0,-95,0,0,0,0,0,0,0,0,-64,-83,0,0,0,0,0,0,0,0,0,0,0,0,0,0,0,0,0
29,1.24,39.19,3.6,-0.934375,28.8718764166667,-40.31406375,-0.09365,0.4869875,9.556938,-5250,0,0,0,0,0,0,0,0,0,0,0,0,0,0,0,0,0,-76,0,0,0,0,0,0,-91,0,0,0,0,-91,0,0,0,0,0,0,-92,-83,0,0,0,0,0,-84,0,0,0,0,0,0,0,-80,0,-81,0,0,0,0,0,-85,0,0,0,0,0,0,0,-88,0,0,0,0,0,0,0,-77,0,0,0,0,0,0,0,-84,0,0,0,0,0,0,0,0,0,0,0,0,0,0,-78,0,-85,0,0,0,0,0,0,-85,0,0,0,0,0,0,0,0,0,0,0,0,0,0,-93,0,-83,0,0,0,0,0,0,0,-84,0,0,0,0,0,0,0,0,0,0,0,0,0,0,-78,0,-85,0,0,0,0,0,0,0,0,0,0,0,0,0,-95,0,0,0,0,0,0,0,0,0,-81,0,0,0,0,0,0,0,0,0,0,0,0,0,0,0,0,0,0,0
30,1.23,39.56,3.4875,-2.23557692307692,26.0350968461538,-41.3653859230769,0.0876923076923077,0.598015384615385,9.601466,-4915.38461538462,0,0,0,0,0,0,0,0,0,0,0,0,0,0,0,0,0,-52.6153846153846,0,0,0,0,0,0,-63,-65.7692307692308,0,0,0,-63,-65.0769230769231,0,0,0,-56.0769230769231,0,-63.6923076923077,-57.4615384615385,0,0,0,-27.3846153846154,0,-58.1538461538462,0,0,0,0,0,0,0,-55.3846153846154,-28.9230769230769,-56.0769230769231,0,0,0,0,0,-58.8461538461538,0,0,0,0,0,0,0,-60.9230769230769,0,0,0,0,0,0,0,-53.3076923076923,0,0,0,0,0,0,-53.3076923076923,-79.1538461538462,0,0,0,0,0,0,0,0,0,0,0,0,0,0,-79.3846153846154,-49.1538461538462,-63.6923076923077,0,0,0,0,0,0,-58.8461538461538,0,0,-29.5384615384615,0,0,0,0,0,0,0,0,0,0,0,-64.3846153846154,0,-83.6153846153846,0,0,0,0,0,0,-52.6153846153846,-79.8461538461538,0,0,0,0,0,0,0,0,0,0,0,0,0,-49.1538461538462,-79.3846153846154,-48.4615384615385,-87.7692307692308,0,0,0,0,0,0,0,0,0,0,0,0,0,0,0,0,0,0,0,0,0,0,0,-56.0769230769231,-51.9230769230769,0,0,0,0,0,0,0,0,0,0,0,0,0,0,0,0,0,0
31,1.24,39.87,3.375,-6.41761363636364,23.8210238181818,-38.5721606363636,0.01965,0.39765,9.55318672727273,-4845.45454545455,0,0,0,0,0,0,0,0,0,0,0,0,0,0,0,0,0,0,0,0,0,0,0,0,0,-95,0,0,0,0,-94,0,0,0,-81,0,0,-83,0,0,0,-89,0,-84,0,0,0,0,0,0,0,-80,-94,-81,0,0,0,0,0,-85,0,0,0,0,0,0,0,-88,0,0,0,0,0,0,0,0,0,0,0,0,0,0,-77,-75,0,0,0,0,0,0,0,0,0,0,0,0,0,0,-78,-71,-92,0,0,0,0,0,0,0,0,0,-96,0,0,0,0,0,0,0,0,0,0,0,0,0,-85,0,0,0,0,0,0,-76,-75,0,0,0,0,0,0,0,0,0,0,0,0,0,-71,-78,-70,-94,0,0,0,0,0,0,0,0,0,0,0,0,0,0,0,0,0,0,0,0,0,0,0,-81,-75,0,0,0,0,0,0,0,0,0,0,0,0,0,0,0,0,0,0
32,1.23,40.15,3.2625,-11.6468754166667,27.7359389166667,-38.41250175,-0.0255875,0.45825,9.645688,-4850,0,0,0,-95,0,0,0,0,0,0,-95,0,0,0,0,0,0,-83,0,0,0,0,0,0,0,-87.0833333333333,0,0,0,0,-86.1666666666667,0,0,0,-82,0,0,0,0,0,0,-81.5833333333333,0,-77,0,0,0,0,0,0,0,-73.3333333333333,-94,0,0,0,0,0,0,0,0,0,0,0,0,0,0,-80.6666666666667,0,0,0,0,0,0,0,0,0,0,0,0,0,0,-70.5833333333333,-74,-77,0,0,0,0,0,0,0,0,0,0,0,0,0,-82,-65.0833333333333,-84.3333333333333,0,0,0,0,0,0,0,0,0,-88,0,0,0,0,0,-96,0,0,0,0,0,0,0,-77.9166666666667,0,0,0,0,0,0,-69.6666666666667,-74,0,0,0,0,0,0,0,0,0,0,0,0,0,-63,-84,-64.1666666666667,-86.1666666666667,0,0,0,0,0,0,0,-94,0,0,0,0,0,0,0,0,0,0,0,0,0,-87,0,-74.25,-68.75,0,0,0,0,0,0,0,0,0,0,0,0,0,0,0,0,0,0
33,1.26000000000001,40.44,3.15,-7.498558,32.8139441538462,-40.2793286923077,-0.284376923076923,0.419134615384615,10.1071506153846,-4769.23076923077,0,0,0,-80.3846153846154,0,0,0,0,0,0,-80.3846153846154,0,0,0,0,0,0,-70.2307692307692,0,0,0,0,0,0,0,-80.3846153846154,0,0,0,0,-79.5384615384615,0,0,0,-69.3846153846154,0,0,0,-66.9230769230769,0,0,-75.3076923076923,0,-80.1538461538462,0,0,0,0,0,0,-70.7692307692308,-80,-79.5384615384615,0,0,0,0,0,0,0,0,0,0,0,0,0,0,-86.4615384615385,-70.7692307692308,0,0,0,0,0,0,0,0,0,0,0,0,0,-65.1538461538462,-74.7692307692308,-65.1538461538462,0,0,0,0,0,0,0,0,0,0,0,0,-50.7692307692308,-84.3076923076923,-60.0769230769231,-77.8461538461538,0,0,0,0,0,0,0,0,0,-81.2307692307692,0,0,0,0,0,-81.2307692307692,0,0,0,0,0,0,0,-71.9230769230769,0,0,0,0,0,0,-64.3076923076923,-74.7692307692308,0,0,0,0,0,0,0,0,0,0,0,0,0,-53.3076923076923,-84.7692307692308,-59.2307692307692,-79.5384615384615,0,0,0,0,0,0,0,-79.5384615384615,0,0,0,0,0,-70.7692307692308,0,0,0,0,0,0,0,-73.6153846153846,0,-18.6923076923077,-63.4615384615385,0,0,0,0,0,0,0,0,0,0,0,0,0,0,0,0,0,0
34,1.24,40.7392307692308,3.0375,-9.99519261538461,30.7701933076923,-41.5067320769231,0.161769230769231,0.665007692307692,10.0051735384615,-4415.38461538462,0,0,0,-80.3846153846154,0,0,0,-87.6923076923077,0,0,-80.3846153846154,0,-79.3846153846154,0,0,0,0,-80.2307692307692,0,0,0,0,0,0,0,-95,0,0,0,0,-94.9230769230769,0,0,0,-74.6153846153846,0,0,-76.6153846153846,-73.6153846153846,0,0,-75.3076923076923,-86.7692307692308,-66.8461538461538,0,0,0,-75.6923076923077,0,0,-77.8461538461538,-67.6923076923077,-79.5384615384615,0,0,0,0,0,0,0,0,0,0,0,0,0,0,-72.7692307692308,-77.8461538461538,0,0,0,0,0,0,0,0,0,0,0,0,0,-17.7692307692308,-75,-65.1538461538462,0,0,0,0,0,0,0,0,0,0,0,0,-55.8461538461538,-79.4615384615385,-16.3846153846154,-92,0,0,0,0,0,0,0,0,0,-81.2307692307692,0,0,0,0,-83.0769230769231,-81.2307692307692,0,-85.8461538461538,0,0,0,0,0,-71.9230769230769,0,0,0,0,0,0,-77.8461538461538,-75,0,0,0,0,0,0,0,-84,0,0,0,0,0,-53.3076923076923,-79.4615384615385,-77.3846153846154,-79.5384615384615,0,0,0,0,0,0,0,-79.5384615384615,0,0,0,-88.6153846153846,0,-77.8461538461538,0,0,0,-85.8461538461538,0,0,0,-73.6153846153846,0,0,-17.3076923076923,0,0,0,0,0,0,0,0,0,0,0,0,0,0,0,0,0,0
35,1.26000000000001,41.04,2.925,-3.29802631578947,30.1026328421053,-41.1898042631579,-0.262010526315789,0.598531578947368,10.0835134736842,-4336.84210526316,0,0,0,-65,0,0,0,-65,-9.78947368421053,0,-65,0,-89.4736842105263,0,0,0,0,-54.7368421052632,0,0,0,0,0,0,-88,-65,0,0,0,-9.68421052631579,-65,0,0,0,-58.3157894736842,0,0,-56.7894736842105,-59.5263157894737,0,0,-4.68421052631579,-74.3157894736842,-54.0526315789474,0,0,0,-56.1052631578947,0,0,-72.7368421052632,-54.7368421052632,-84.1052631578947,0,0,0,0,0,0,0,0,0,0,0,0,0,0,-58.8421052631579,-72.9473684210526,0,0,0,0,0,0,0,0,0,0,0,0,0,-61.4736842105263,-77.9473684210526,-52.6842105263158,0,0,0,0,0,0,0,0,0,0,0,0,-45.1578947368421,-81.7368421052632,0,-62.9473684210526,0,0,0,0,0,0,0,0,0,-5.05263157894737,0,0,0,0,-61.5789473684211,-65.6842105263158,0,-63.6315789473684,0,0,0,0,0,-4.47368421052632,0,0,0,0,0,0,-53.3684210526316,-77.8421052631579,0,0,0,0,0,0,0,-62.2631578947368,0,0,0,0,0,-64.7894736842105,-81.7368421052632,-53.3684210526316,-82.4210526315789,-9.89473684210526,0,0,0,0,0,0,-64.3157894736842,0,0,0,-65.6842105263158,0,-62.9473684210526,0,0,0,-63.6315789473684,0,0,0,-59.5263157894737,0,0,0,0,0,0,0,0,0,0,0,0,0,0,0,0,0,0,0,0,0
36,1.25,41.34,2.8125,-5.60357142857143,29.227233,-40.3982152142857,-0.0487821428571429,0.885267857142857,9.62686121428571,-4157.14285714286,0,0,0,0,0,0,0,-74.6428571428571,-73.0714285714286,0,0,0,-68.3571428571429,0,0,0,0,-62.8571428571429,0,0,0,0,0,0,-72.2857142857143,-92.8571428571429,0,0,0,-72.2857142857143,-92.6428571428571,0,0,0,-57.3571428571429,0,0,-65.2142857142857,-68.3571428571429,0,0,0,-74.6428571428571,-62.0714285714286,0,0,0,-64.4285714285714,0,0,-73.0714285714286,-62.8571428571429,-73.8571428571429,0,0,0,0,0,0,0,0,0,0,0,0,0,0,-67.5714285714286,-74.6428571428571,0,0,0,0,0,0,0,0,0,0,0,0,0,-57.3571428571429,-78.7857142857143,0,0,0,0,0,0,0,0,0,0,0,0,0,-51.8571428571429,-81,0,-72.2857142857143,0,0,0,0,0,0,0,0,0,0,0,0,0,0,-70.7142857142857,0,0,-73.0714285714286,0,0,0,0,0,0,0,0,0,0,0,0,-61.2857142857143,-78,0,0,0,0,0,0,0,-71.5,0,0,0,0,0,-57.3571428571429,-81,-61.2857142857143,-72.2857142857143,-73.8571428571429,0,0,0,0,0,0,0,0,0,0,-75.4285714285714,0,-92.2142857142857,0,0,0,-73.0714285714286,0,0,0,0,0,-18.2142857142857,0,0,-19.0714285714286,0,0,0,0,0,0,0,0,0,0,0,0,0,0,0,0
37,1.37,42.185,2.7,14.6264429230769,15.1975966923077,-38.9985593076923,-0.0689596153846154,0.620065384615385,9.85611388461538,-4334.61538461538,0,0,-37.3846153846154,0,0,0,0,-47.5,-82.2692307692308,0,0,0,-76.9615384615385,0,0,0,0,-40,0,0,0,0,0,0,-81.3846153846154,-88.4615384615385,0,0,0,-81.3846153846154,-87.5,0,0,0,-64.5769230769231,0,0,-41.5,-9.84615384615385,0,0,-2.92307692307692,-95.1923076923077,-6.07692307692308,-3.46153846153846,0,0,-41,-43.3846153846154,0,-82.2692307692308,-6.15384615384615,-83.1538461538462,0,0,0,0,0,0,0,0,-3.46153846153846,0,0,0,0,0,-6.61538461538461,-84.0384615384615,0,0,0,0,0,0,-3.23076923076923,0,0,0,0,0,0,-67.6153846153846,-79.2692307692308,0,0,0,0,0,0,0,0,0,0,0,0,0,-35.5384615384615,-80.6538461538462,0,-91.3846153846154,0,0,0,0,0,0,0,0,0,0,0,0,0,0,-45,0,0,-46.5,0,0,0,0,0,-42.9230769230769,0,0,0,0,0,0,-39,-79.2692307692308,0,-3.73076923076923,0,0,0,0,0,-45.5,0,0,0,0,0,-67.8846153846154,-80.6538461538462,-39,-81.3846153846154,-83.1538461538462,0,0,0,0,0,0,0,0,0,0,-48,0,-82.2692307692308,0,0,0,-49.7692307692308,0,0,0,-36.4615384615385,0,-75.1923076923077,0,-2.84615384615385,-78.7307692307692,0,0,0,0,0,0,0,0,0,0,0,0,0,0,0,0
38,0.690000000000005,42.22,2.5875,28.8302898461538,2.43894230769231,-40.028367,-0.145246153846154,0.530676923076923,9.83430038461538,-4169.23076923077,0,0,-68.5384615384615,0,0,0,0,0,-78.6923076923077,0,0,0,-73.6153846153846,0,0,0,0,0,0,0,0,0,0,0,-77.8461538461538,-91,0,0,0,-77.8461538461538,-91,0,0,0,-61.7692307692308,0,0,0,-82,0,0,-76,-88,0,-90,0,0,0,-79.5384615384615,0,-78.6923076923077,0,0,0,0,0,0,0,0,0,0,-90,0,0,0,0,0,0,-80.3846153846154,0,0,0,0,0,0,-84,0,0,0,0,0,0,-79,-75,0,0,0,0,0,0,0,0,0,0,0,0,0,-55.8461538461538,-72,0,-88,0,0,0,0,0,0,0,0,0,0,0,0,0,0,0,0,0,0,0,0,0,0,0,-78.6923076923077,0,0,0,0,0,0,0,-75,0,-97,0,0,0,0,0,0,0,0,0,0,0,-57.5384615384615,-72,0,0,-79.5384615384615,0,0,0,0,0,0,0,0,0,0,0,0,-78.6923076923077,0,0,0,-85,0,0,0,-66.8461538461538,0,-71.9230769230769,0,-74,-75.3076923076923,0,0,0,0,0,0,0,0,0,0,0,0,0,0,0,0
39,0.140000000000001,42.23,2.475,27.94018,4.29375,-41.0357162857143,-0.0169178571428571,0.163928571428571,9.55584714285714,-4092.85714285714,0,0,-75.2142857142857,0,0,0,0,0,0,0,0,0,0,0,0,0,0,0,0,0,0,0,0,0,0,-85,0,0,0,0,-84,0,0,0,0,0,0,0,-76.1428571428571,0,0,-85,-85,-84,-83.5714285714286,0,0,0,-87.2857142857143,-78,0,0,0,0,0,0,0,0,0,0,0,-83.5714285714286,0,0,0,0,0,0,0,0,0,0,0,0,0,-78,0,0,0,0,0,0,-73.3571428571429,-84,0,0,0,0,0,0,0,0,0,0,0,0,0,-73,-79,0,-88,0,0,0,0,0,0,-86,0,-91,0,0,0,0,0,0,0,0,-94,0,0,0,0,0,-86.3571428571429,0,0,0,0,0,0,-81,-84,0,-90.0714285714286,0,0,0,0,0,0,0,0,0,0,0,-63.1428571428571,-78,0,0,0,0,0,0,0,0,0,0,0,0,0,0,0,-86.3571428571429,0,0,-92,-78.9285714285714,0,0,0,-73.3571428571429,0,-78.9285714285714,0,-72,-82.6428571428571,0,0,0,0,0,0,0,0,0,0,0,0,0,0,0,0
40,-0.100000000000001,42.22,2.3625,27.9087508666667,2.6425,-41.1200014666667,0.02287,0.38473,9.86474026666667,-4140,0,0,-64.8,0,0,0,0,0,0,0,0,0,0,0,0,0,0,0,0,0,0,0,0,0,0,-81.7333333333333,0,0,0,0,-81.6,0,0,0,0,0,0,0,-65.6,0,0,-85.4666666666667,-86.7333333333333,-67.2,-72,0,0,0,-75.2,-62.4,0,0,0,0,0,0,0,0,0,0,0,-72,0,0,0,0,0,0,0,0,0,0,0,0,0,-67.2,0,-74.4,0,0,0,0,-63.2,-90.6,0,-6.26666666666667,0,0,0,0,0,0,0,0,0,0,0,-58.4,-74.1333333333333,0,-82.1333333333333,0,0,0,0,0,0,-68.8,0,-86.5333333333333,0,0,0,0,0,0,0,0,-75.2,0,0,0,0,0,-74.4,0,0,0,0,0,0,-77.2,-89,0,-89.7333333333333,0,0,0,0,0,0,0,0,0,0,0,-54.4,-74.8,0,-5.8,0,0,0,0,0,0,0,0,0,0,0,0,0,-12.4,0,0,-73.6,-68,0,0,0,-63.2,0,-11.3333333333333,0,-57.6,-11.8666666666667,0,0,0,0,0,0,0,0,0,-5.93333333333333,0,0,0,0,0,0
41,-0.399999999999999,42.23,2.25,27.6482155,3.21964285714286,-41.5808051428571,0.0902892857142857,0.0101571428571429,9.77064678571429,-3985.71428571429,0,0,-11.5714285714286,0,0,0,0,0,0,0,0,0,0,0,0,0,0,0,0,0,0,0,0,0,0,-75.4285714285714,0,0,0,0,-75.4285714285714,0,0,0,0,0,0,0,-82,0,0,-80.4285714285714,-88,-83.8571428571429,-77.1428571428571,0,0,0,-13.4285714285714,-66.8571428571429,0,0,0,0,0,0,0,0,0,-13,0,-77.1428571428571,0,0,0,0,0,0,0,0,0,0,0,0,0,-72,0,-79.7142857142857,0,0,0,0,-67.7142857142857,-87.1428571428571,0,-80.5714285714286,0,0,0,0,0,0,0,0,0,0,0,-62.5714285714286,-78.5714285714286,0,-75.4285714285714,0,0,0,0,0,0,-73.7142857142857,0,-79.7142857142857,0,0,0,0,0,0,0,0,-80.5714285714286,0,0,0,0,0,-26,0,0,0,0,0,0,-71.1428571428571,-87,0,-82.2857142857143,0,0,0,0,0,0,0,0,0,0,0,-20,-78.4285714285714,0,-74.5714285714286,0,0,0,0,0,0,0,0,0,0,0,0,0,0,0,0,-78.8571428571429,-85.4285714285714,0,0,0,-11.2857142857143,0,-12.8571428571429,0,-61.7142857142857,0,0,0,0,0,0,0,0,0,0,-89.1428571428571,0,0,0,0,0,0
42,-0.710000000000001,42.22,2.1375,27.4350010666667,3.6225,-42.0912514666667,0.1126,0.23267,9.94714046666667,-3606.66666666667,0,0,0,0,0,0,0,0,0,0,0,0,0,0,0,0,0,0,0,0,0,0,0,0,0,-81.8666666666667,0,0,0,0,-81.8666666666667,0,0,0,0,0,0,0,-76.5333333333333,0,0,-82.3333333333333,-93.8666666666667,-82.3333333333333,0,-11.4666666666667,0,0,0,-62.4,0,0,0,0,0,0,0,0,0,-84.9333333333333,0,0,0,0,0,0,0,0,0,0,0,0,0,0,0,0,0,-80.6,0,0,0,0,0,-82.1333333333333,0,-81.4666666666667,0,0,0,0,0,0,0,0,0,0,0,-58.4,-81.2,0,-82.1333333333333,0,0,0,0,0,0,-68.8,0,-80.6,0,0,0,0,0,-12.1333333333333,0,0,-75.2,0,0,0,0,0,-83.0666666666667,0,0,0,0,0,0,-71.9333333333333,-81.2,0,-83.2,0,0,0,0,0,0,0,0,0,0,0,-67.2,-80.3333333333333,-10.6666666666667,-75.4,0,0,0,0,0,0,0,0,0,0,0,0,0,0,0,0,-73.6,-82.1333333333333,0,0,0,0,0,-84,0,-57.6,0,0,0,0,0,0,0,0,0,0,-90.4,0,0,0,0,0,0
43,-0.989999999999995,42.23,2.025,28.2669655,1.45446428571429,-41.6183052857143,-0.274146428571429,0.472725,9.56014364285714,-3392.85714285714,0,0,0,0,0,0,0,0,0,0,0,0,0,0,0,0,0,0,0,-25.7142857142857,0,0,0,0,0,-61.4285714285714,0,0,0,0,-61.4285714285714,0,0,0,0,0,0,-22.5714285714286,-58.5714285714286,0,0,-55.7142857142857,-93.2857142857143,-55.7142857142857,0,-61.4285714285714,0,0,0,0,0,0,0,0,0,0,0,0,0,-65,0,0,0,0,0,0,0,-25.4285714285714,0,0,0,0,0,0,0,0,0,-66.4285714285714,0,0,0,0,0,-86.8571428571429,0,-67.1428571428571,0,0,0,0,0,0,0,0,0,0,0,0,-78,0,-62.8571428571429,0,0,0,0,0,0,0,0,-66.4285714285714,0,0,0,0,0,-65,0,0,0,0,0,0,0,0,-63.5714285714286,0,0,0,0,0,0,-59.2857142857143,-86.4285714285714,0,-68.5714285714286,0,0,0,0,0,0,0,0,0,0,0,-51.4285714285714,-78,-57.1428571428571,-62.1428571428571,0,0,0,0,0,0,0,0,0,0,0,0,0,0,0,0,0,-86.5714285714286,0,0,0,0,0,-64.2857142857143,0,0,0,0,0,0,0,0,0,0,0,0,-66.4285714285714,0,0,0,0,0,0
44,-1.28,42.21,1.9125,29.2062509166667,-0.9734375,-41.1218759166667,-0.1925625,0.70925,9.41906283333333,-3050,0,0,0,0,0,0,0,0,0,0,0,0,0,0,0,0,0,0,0,-90,0,0,0,0,0,-86,0,0,0,0,-86,0,0,0,0,0,0,-79,-82,0,0,-78,-94,-78,0,-86,0,0,0,0,0,0,0,0,0,0,0,0,0,-91,0,0,0,0,0,0,0,-89,0,0,0,0,0,0,0,0,0,-7.75,0,0,0,0,0,-84,0,-94,0,0,0,0,0,0,0,0,0,0,0,0,-83,0,-88,0,0,0,0,0,0,0,0,-7.75,0,0,0,0,0,-91,0,0,0,0,0,0,0,0,-89,0,0,0,0,0,0,-6.91666666666667,-85,0,-8,0,0,0,0,0,0,0,0,0,0,0,-72,-83,-80,-87,0,0,0,0,0,0,0,0,0,0,0,0,0,0,0,0,0,-83,0,0,0,0,0,-90,0,0,0,0,0,0,0,0,0,0,0,0,-93,0,0,0,0,0,0
45,-1.56,42.21,1.8,27.5975013333333,-3.6275,-42.0637515333333,0.12519,0.91974,9.57715066666667,-2913.33333333333,0,0,0,0,0,0,0,0,0,0,0,0,0,0,0,0,0,0,0,-84,0,0,0,0,0,-80.2666666666667,0,0,0,0,-80.2666666666667,0,0,0,0,0,0,-73.7333333333333,-76.5333333333333,0,0,-78,-92,-72.8,0,-80.2666666666667,0,0,0,0,0,0,0,0,0,0,0,0,0,-84.9333333333333,0,0,0,0,0,0,0,-83.0666666666667,0,0,0,0,0,0,0,0,0,0,0,0,0,0,0,-86,0,0,0,0,0,0,0,0,0,0,0,0,0,-73,-77,0,-82.1333333333333,0,0,0,0,0,0,0,0,0,0,0,0,0,0,-84.9333333333333,0,0,0,0,0,0,0,0,-83.0666666666667,0,0,0,0,0,0,-79,-86,0,0,0,0,0,0,0,0,0,0,0,0,0,-73,-77,-74.6666666666667,-92,0,0,0,0,0,0,0,0,0,0,-79,0,0,0,0,0,0,-90,0,0,0,0,0,-84,0,0,-87,0,0,0,0,0,0,0,0,0,-86.8,0,0,0,0,0,0
46,-1.87,42.2,1.6875,28.3598696315789,-1.75263157894737,-42.2230278947368,0.0272763157894737,0.7848,9.88752684210526,-2631.57894736842,0,0,0,0,0,0,0,0,0,0,0,0,0,0,0,0,0,0,0,-75.7894736842105,0,0,0,0,0,-45.2631578947368,0,0,0,0,-45.2631578947368,0,0,0,0,0,0,-66.5263157894737,0,0,0,-79.1052631578947,-88,-75.5789473684211,-39.5789473684211,-45.2631578947368,0,0,0,0,0,0,0,0,0,0,0,0,0,0,0,0,0,0,0,0,0,-74.9473684210526,0,0,0,0,0,0,0,0,0,0,0,0,0,0,0,-72.4210526315789,0,0,0,0,0,0,0,0,0,0,0,0,0,-61.4736842105263,-81.7894736842105,0,-46.3157894736842,0,0,0,0,0,0,0,0,0,0,0,0,0,0,-47.8947368421053,0,0,0,0,0,0,0,0,-35.7894736842105,0,0,0,0,0,0,-66.5263157894737,-74.2631578947368,0,0,0,0,0,0,0,0,0,0,0,0,0,-61.4736842105263,-81.3684210526316,-42.1052631578947,-87.1578947368421,0,0,0,0,0,0,0,0,0,0,-66.5263157894737,0,0,0,0,0,0,-75.7894736842105,0,0,0,0,0,0,0,0,-73.2631578947368,0,0,0,0,0,0,0,0,0,-48.9473684210526,0,0,0,0,0,0
47,-2.15,42.2,1.575,26.6428137,-3.1171875,-43.42031375,0.325695,0.9237525,9.7200379,-2425,0,0,0,0,0,0,0,0,0,0,0,0,0,0,0,0,0,0,0,-22.5,0,0,0,0,0,0,0,0,0,0,0,0,0,0,0,0,0,-19.75,0,0,0,-78.25,-75.2,-65.6,-75.2,0,0,0,0,0,0,0,0,0,0,0,0,0,0,0,0,0,0,0,0,0,0,-86,0,0,0,0,0,0,0,-65.25,0,0,0,0,0,0,0,-89.75,0,0,0,0,0,0,0,0,0,0,0,0,0,-58.4,-81.75,0,0,0,0,0,0,0,0,0,0,0,0,0,0,0,0,0,0,0,0,0,0,0,0,0,-68,0,0,0,0,0,0,-63.2,-66.4,0,0,0,0,0,0,0,0,0,0,0,0,0,-58.4,-81.5,0,-92.75,0,0,0,0,0,0,0,0,0,0,-63.2,0,0,0,0,0,0,-72,0,0,0,0,0,0,0,0,-69.6,0,0,0,0,0,0,0,0,0,0,0,0,0,0,0,0
48,-2.41999999999999,42.2,1.4625,27.9304699375,-1.798828125,-43.023048625,0.04138125,0.59874375,10.016194375,-2275,0,0,0,0,0,0,0,0,0,0,0,0,0,0,0,0,0,0,0,0,0,0,0,0,0,0,0,0,0,-78.8125,0,0,0,0,0,0,0,0,0,0,0,-77,-95.625,-56.375,-64.625,0,0,0,0,0,0,0,0,0,0,0,0,0,0,0,0,0,0,0,0,0,0,-58.4375,0,0,0,0,0,0,0,-59.8125,0,0,0,0,0,0,0,-62.5625,0,0,0,0,0,0,0,0,0,0,0,0,0,-9.125,-78.9375,-73,-17.625,0,0,0,0,0,0,0,0,0,0,0,0,0,0,0,0,0,0,0,0,0,0,0,-58.4375,0,0,0,0,0,0,-9.875,-57.0625,0,0,0,0,0,0,0,0,0,0,0,0,0,-9.125,-79.5625,0,-63.9375,0,0,0,0,0,0,0,0,0,0,-9.875,0,0,0,0,-75.5625,0,-11.25,0,0,0,0,0,0,0,0,-10.875,0,-71.5,0,0,0,0,0,0,0,0,0,0,0,0,0,0
49,-2.7,42.17,1.35,28.0214297619048,-2.66160714285714,-42.8607161428571,0.166421428571429,0.738042857142857,9.56118619047619,-2347.61904761905,0,0,0,0,0,0,0,0,0,0,0,0,0,0,0,0,0,0,0,0,0,0,0,0,0,0,0,0,0,-87.7619047619048,0,0,0,0,0,0,0,0,0,0,0,-69.6666666666667,-92.7142857142857,-46.8571428571429,-92.7142857142857,0,0,0,0,0,0,-38.5714285714286,0,0,0,0,0,0,0,0,0,0,0,0,0,0,0,-86.2857142857143,0,0,0,0,0,0,0,-78.7142857142857,0,0,0,0,0,0,0,-82.3333333333333,0,0,0,0,0,0,0,0,0,0,0,0,0,0,-83,-77.8095238095238,-85.0476190476191,0,0,0,0,0,0,0,0,0,0,0,0,0,0,0,0,0,0,0,0,0,0,0,-48.5714285714286,0,0,0,0,0,0,0,-7.90476190476191,0,0,0,0,0,0,0,0,0,0,0,0,0,0,-82.4285714285714,0,-93.4285714285714,0,0,0,0,0,0,0,0,0,0,0,0,0,0,0,-84.1428571428571,0,0,0,0,0,0,0,0,0,0,0,0,-84.1428571428571,0,0,0,0,0,0,0,0,0,0,0,0,0,0
50,-3.01,42.17,1.2375,29.5290452352941,-3.35183823529412,-41.777207,-0.126185294117647,1.48400294117647,9.673518,-2370.58823529412,0,0,0,0,0,0,0,0,0,0,0,0,0,0,0,0,0,0,0,0,0,0,0,0,0,0,0,0,0,-85.5882352941177,0,0,0,0,0,0,0,0,0,0,0,-80.7058823529412,-80.2941176470588,-43.9411764705882,-80.2941176470588,-47.1176470588235,0,0,0,0,0,-87.3529411764706,0,0,0,0,0,0,0,0,0,0,0,0,0,0,0,-77.6470588235294,0,0,0,0,0,0,0,-88.5882352941177,0,0,0,0,0,0,0,-42.8235294117647,0,0,0,0,0,0,0,0,0,0,0,0,0,0,-84.5882352941177,-75.8823529411765,-95.5882352941177,0,0,0,0,0,0,0,0,0,0,0,0,0,0,0,0,0,0,0,0,0,0,0,0,0,0,0,0,0,0,0,0,0,0,0,0,0,0,0,0,0,0,0,0,0,0,-84.5882352941177,0,-82.9411764705882,0,0,0,0,0,0,0,0,0,0,0,0,0,0,0,-82.0588235294118,0,0,0,0,0,0,0,0,0,0,0,0,-69.7058823529412,0,0,0,0,0,0,0,0,0,0,0,0,0,0
51,-3.81,42.18,1.125,26.7968763333333,-8.23437508333333,-43.0781268333333,0.0364125,1.410175,9.73215025,-2266.66666666667,0,0,0,0,0,0,0,0,0,0,0,0,0,0,0,0,0,-57.3333333333333,0,0,0,0,0,0,0,0,0,0,0,-32.3333333333333,0,0,0,0,-46,0,0,-56.6666666666667,0,0,0,-85.3333333333333,-91,-83,-91,-89,0,0,0,0,0,-85,0,0,0,0,0,0,0,0,0,0,0,0,0,0,0,-88,0,0,0,0,0,0,0,-90,0,0,0,0,0,0,-54.6666666666667,0,0,0,0,0,0,0,0,0,0,0,0,0,0,-54.6666666666667,-89.3333333333333,-86,-97,0,0,0,0,0,0,0,0,0,0,0,0,0,0,0,0,0,0,0,0,0,0,0,0,0,0,0,0,0,0,0,-59.3333333333333,0,0,0,0,0,0,0,0,0,0,0,0,0,-55.3333333333333,-89.3333333333333,0,-94,0,0,0,0,0,0,0,0,0,0,0,0,-58.6666666666667,0,0,-31,0,0,0,0,0,0,0,0,-36.6666666666667,0,0,0,-79,0,0,0,0,0,0,0,0,0,0,0,0,0,0
52,-3.96,42.36,1.0125,-2.26171875,-31.79765775,-40.821096,-0.0028875,1.50114375,9.476719,-2450,0,0,0,0,0,0,0,0,0,0,0,0,0,0,0,0,0,-43,0,0,0,0,0,0,0,0,0,0,0,0,0,0,0,0,-34.5,0,0,-42.5,0,0,0,-82.25,-45.5,-81.125,-45.5,-44.5,0,0,0,0,0,-42.5,0,0,0,0,0,0,0,0,0,0,0,0,0,0,0,-44,0,0,0,0,0,0,0,-45,0,0,0,0,0,0,-41,-50.625,0,0,0,0,0,0,0,0,0,0,0,0,0,-41,-90.375,-32.25,-48.5,0,0,0,0,0,0,0,0,0,0,0,0,0,0,0,0,0,0,0,0,0,0,0,0,0,0,0,0,0,0,-53.75,-84,0,0,0,0,0,0,0,0,0,0,0,0,0,-41.5,-89.75,0,-47,0,0,0,0,0,0,0,0,0,0,0,0,-44,0,0,0,0,0,0,0,0,0,0,0,-51.25,0,0,0,-39.5,0,0,0,0,0,0,0,0,0,0,0,0,0,0
53,-3.98,41.62,0.9,-1.2390625,-33.8781263333333,-37.5953143333333,0.189,1.6436625,9.79642533333333,-2216.66666666667,0,0,0,0,0,0,0,0,0,0,0,0,0,0,0,0,0,-71.6666666666667,0,0,0,0,0,0,0,0,0,0,0,0,0,0,0,0,-57.5,0,0,-70.8333333333333,0,0,0,-81.25,-68.25,-66.6666666666667,-68.25,-74.1666666666667,0,0,0,0,0,-70.8333333333333,0,0,0,0,0,0,0,0,0,0,0,0,0,0,0,-66,-23.75,0,0,0,0,0,0,-75,0,0,0,0,0,0,-68.3333333333333,-67.5,0,0,0,0,0,0,0,0,0,0,0,0,0,-68.3333333333333,-89,0,-80.8333333333333,0,0,0,0,0,0,0,0,0,0,0,0,0,0,0,0,0,0,0,0,0,0,0,0,0,0,0,0,0,0,-71.6666666666667,-67.5,0,0,0,0,0,0,0,0,0,0,0,0,0,-69.1666666666667,-88.25,0,-70.5,0,0,0,0,0,0,0,0,0,0,0,0,-73.3333333333333,0,0,0,0,0,0,0,0,0,0,0,-40.8333333333333,0,0,0,-59.25,0,0,0,0,0,0,0,0,0,0,0,0,0,0
54,-4.02,41.01,0.7875,-0.7325,-34.2375011333333,-34.3425019333333,0.45406,1.7558,9.5049404,-2333.33333333333,0,0,0,0,0,0,0,0,0,0,0,0,0,0,0,0,0,-82.3333333333333,0,0,0,0,0,0,0,0,0,0,0,0,0,0,0,0,-66.3333333333333,0,0,-62.3333333333333,0,0,0,-82.6666666666667,0,-58.6666666666667,0,-65.2666666666667,0,0,0,0,0,-62.3333333333333,0,0,0,0,0,0,0,0,0,0,0,0,0,0,0,0,-69.6666666666667,0,0,0,0,0,0,-66,0,0,0,0,0,0,-60.1333333333333,-84,0,0,0,0,0,0,0,0,0,0,0,0,0,-60.1333333333333,-63.0666666666667,0,-71.1333333333333,0,0,0,0,0,0,0,0,0,0,0,0,0,0,0,-31.3333333333333,0,0,0,0,0,0,0,0,0,0,0,0,0,0,-63.0666666666667,-83.6666666666667,0,0,0,0,0,0,0,0,0,0,0,0,0,-60.8666666666667,-88.3333333333333,0,0,0,0,0,-29.6666666666667,0,0,0,0,0,0,0,0,-64.5333333333333,0,0,0,0,-28.3333333333333,0,0,0,0,0,0,-35.9333333333333,0,0,0,0,0,0,0,0,0,0,0,0,0,0,0,0,0,0
55,-4.03,40.82,0.675,-0.16625,-35.5787516,-32.9937517333333,0.10387,1.77121,9.32421033333333,-2073.33333333333,0,0,0,0,0,0,0,0,0,0,0,0,0,0,0,0,0,-65,0,0,0,0,0,0,0,0,0,0,0,0,0,0,0,0,-52.8666666666667,0,0,-84.6,0,0,0,-76.8,0,-69.3333333333333,0,0,0,0,0,0,0,-34,0,0,0,0,0,0,0,0,0,0,0,0,0,0,0,0,-82.3333333333333,0,0,0,0,0,0,0,0,0,0,0,0,0,-49.2,-90,0,0,0,0,0,0,0,0,0,0,0,0,0,-49.2,-74.5333333333333,0,0,0,0,0,0,0,0,0,0,0,0,0,0,0,0,0,-81.4666666666667,0,0,0,0,0,0,0,0,0,0,0,0,0,0,-74.5333333333333,-89,0,0,0,0,0,0,0,0,0,0,0,0,0,-49.8,-80.6,0,0,0,0,0,-77.1333333333333,0,0,0,0,0,0,0,0,-52.8,0,0,-38,0,-86.2,0,0,0,0,0,0,-42.4666666666667,0,0,0,0,0,0,0,0,0,0,0,0,0,0,0,0,0,0
56,-4.03,40.58,0.5625,-1.2875,-34.7200015333333,-34.5000014,0.32708,1.36921,9.3677406,-1733.33333333333,0,0,0,0,0,0,0,0,0,0,0,0,0,0,0,0,0,-65,0,0,0,0,0,0,0,0,0,0,0,0,0,0,0,0,-62.6,0,0,-81.6,0,0,0,-75.5333333333333,0,-78.9333333333333,0,0,0,0,0,0,0,-73.6666666666667,0,0,0,0,0,0,0,0,0,0,0,0,0,0,0,0,-82.3333333333333,0,0,0,0,0,0,0,0,0,0,0,0,0,0,-78,0,0,0,0,0,0,0,0,0,0,0,0,0,0,-74.5333333333333,0,0,0,0,0,0,0,0,0,0,0,0,0,0,0,0,0,-81.4666666666667,0,0,0,0,0,0,0,0,0,0,0,0,0,0,-63.0666666666667,-89.2666666666667,0,0,0,0,0,0,0,0,0,0,0,0,0,-20.5333333333333,-80.6,-23.2,0,0,0,0,-77.1333333333333,0,0,0,0,0,0,0,0,0,0,0,-82.3333333333333,-24.2666666666667,-76.2666666666667,0,0,0,0,0,0,-35.9333333333333,0,0,0,0,0,0,0,0,0,0,0,0,0,0,0,0,0,0
57,-4.03,40.32,0.45,-1.71796875,-37.67578325,-31.5398450625,0.13318125,1.80444375,9.6573945625,-1850,0,0,0,0,0,0,0,0,0,0,0,0,0,0,0,0,0,-68.8125,0,0,0,0,0,0,-54.5625,0,0,0,0,-54.5625,0,0,0,0,-63.0625,0,0,-75,0,0,0,-74.1875,0,-66.5,0,0,0,0,0,0,0,-74.375,0,0,0,0,0,0,0,0,0,0,0,0,0,0,0,0,-41.5625,0,0,0,0,0,0,0,0,0,0,0,0,0,0,-91.6875,0,0,0,0,0,0,0,0,0,0,0,0,0,-47.25,-37.625,0,0,0,0,0,0,0,0,0,0,0,0,0,0,0,0,0,-82.25,0,0,0,0,0,0,0,0,0,0,0,0,0,0,0,-78.75,0,0,0,0,0,0,0,0,0,0,0,0,0,-67.375,-81.375,-76.125,0,0,0,0,-77.875,0,0,0,0,0,0,0,0,0,0,0,-83.125,-79.625,-77,0,0,0,0,0,0,0,0,0,0,0,0,0,0,0,0,0,0,0,0,0,0,0,0,0
58,-4.01,40.14,0.3375,-4.81544117647059,-36.6352959411765,-34.2694868235294,0.181888235294118,1.34622352941176,9.46740929411765,-1470.58823529412,0,0,0,0,0,0,0,0,0,0,0,0,0,0,0,0,0,-56.4705882352941,0,0,0,0,0,0,-95.9411764705882,0,0,0,0,-95.9411764705882,0,0,0,0,-60,0,0,-66.1764705882353,0,0,0,-72,0,-74.9411764705882,0,0,0,0,0,0,0,-75,0,0,0,0,0,0,0,0,0,0,0,0,0,0,0,0,0,0,0,0,0,0,0,0,0,0,0,0,0,0,0,-89.2941176470588,-47.6470588235294,0,0,0,0,0,0,0,0,0,0,0,0,-74.1176470588235,0,0,0,0,0,0,0,0,0,0,0,0,0,0,0,0,0,0,-44.2352941176471,0,0,0,0,0,0,0,0,0,0,0,0,0,0,0,-88.4117647058823,0,0,0,0,0,0,0,0,0,0,0,0,0,-79.1176470588235,-43.7647058823529,-76.7647058823529,0,0,0,0,-41.8823529411765,0,0,0,0,0,0,0,0,0,0,0,-83.8235294117647,-80.2941176470588,-77.6470588235294,0,0,0,0,0,0,0,0,0,0,0,0,0,0,0,0,0,0,0,0,0,0,0,0,0
59,-3.98999999999999,39.9,0.225,-3.22232142857143,-33.5732152857143,-37.6459836428571,0.176517857142857,0.851442857142857,9.86857542857143,-1164.28571428571,0,0,0,0,0,0,0,0,0,0,0,0,0,0,0,0,0,-64,0,0,0,0,0,0,-81.4285714285714,0,0,0,0,-81.4285714285714,0,0,0,0,-60,0,-66.4285714285714,-77.1428571428571,0,0,0,-72,-65.7142857142857,-63.4285714285714,0,0,0,0,0,0,0,-24.2857142857143,0,-55.7142857142857,0,0,0,0,0,0,0,0,0,0,0,0,0,0,0,0,0,0,0,0,0,0,0,0,0,0,0,0,0,-84.5714285714286,-77.1428571428571,0,0,0,0,0,0,0,0,0,0,0,0,-72,0,0,0,0,0,0,0,0,0,0,0,0,0,0,0,0,0,0,0,0,0,0,0,0,0,0,0,0,0,0,0,0,0,0,-85.5714285714286,0,0,0,0,0,0,0,0,0,0,0,0,0,-69.4285714285714,0,-74.5714285714286,0,0,0,0,0,0,0,0,0,0,0,0,0,0,0,0,-27.1428571428571,-78,-83,0,0,0,0,0,0,0,0,0,0,-65,0,0,0,0,0,0,0,0,0,0,0,0,0,0
60,-3.98,39.65,0.1125,-1.2,-31.8495549285714,-39.1875013571429,0.028425,0.643714285714286,10.2267217142857,-971.428571428571,0,0,0,0,0,0,0,0,0,0,0,0,0,0,0,0,0,-45.7142857142857,0,0,0,0,0,0,-67.8571428571429,0,0,0,0,-67.8571428571429,0,0,0,0,-42.8571428571429,0,-93,-80.7857142857143,0,0,0,-69.2142857142857,-87.3571428571429,-52.8571428571429,0,0,0,0,0,0,0,0,0,-80.7857142857143,0,0,0,0,0,0,0,0,0,0,0,0,0,0,0,0,0,0,0,0,0,0,0,0,0,0,0,0,0,-60,-64.2857142857143,0,0,0,0,0,0,0,0,0,0,0,0,-60,0,0,0,0,0,0,0,0,0,0,0,0,0,0,0,0,0,0,0,0,0,0,0,0,0,0,0,0,0,0,0,0,0,0,-60.7142857142857,0,0,0,0,0,0,0,0,0,0,0,0,0,-57.8571428571429,0,-18.6428571428571,0,0,0,0,0,0,0,0,0,0,0,0,0,0,0,0,0,-19.5,-85.6428571428571,0,0,0,0,0,0,0,0,0,0,-65,0,0,0,0,0,0,0,-77.0714285714286,0,0,0,0,0,0
61,-3.96,39.44,0,2.05625,-31.4062513333333,-40.7812526666667,0.02365,0.41895,9.61165033333333,-1200,0,0,0,0,0,0,0,0,0,0,0,0,0,0,0,0,0,-63.3333333333333,0,0,0,0,0,0,-63.3333333333333,0,0,0,0,-63.3333333333333,0,0,0,0,-40,0,-62,-54,0,0,0,-69.6666666666667,-86.6666666666667,-72.3333333333333,0,0,0,0,0,0,0,0,0,-54,0,0,0,0,0,0,0,0,0,0,0,0,0,0,0,0,0,0,0,0,0,0,0,0,0,0,0,0,0,-82.6666666666667,-60,0,0,0,0,0,0,0,0,0,0,0,0,-85,0,0,0,0,0,0,0,0,0,0,0,0,0,0,0,0,0,0,0,0,0,0,0,0,0,0,0,0,0,0,0,0,0,0,-83.3333333333333,0,0,0,0,0,0,0,0,0,0,0,0,0,-54,0,0,0,0,0,0,0,0,0,0,0,0,0,0,0,0,0,0,-25.6666666666667,0,-57.3333333333333,0,0,0,0,0,0,0,0,0,0,-60.6666666666667,0,0,0,0,0,0,0,-55.3333333333333,0,0,0,0,0,0
