1,0.590000000000003,-1.19,0,31.9750014166667,-1.69375,-40.9453141666667,0.065,0.025,9.69200058333333,191.666666666667,0,0,0,0,0,0,0,0,0,0,0,0,0,0,0,0,0,0,0,0,0,0,0,0,0,0,0,0,0,0,0,0,0,0,0,0,0,0,0,0,0,0,0,0,0,0,0,0,0,0,0,0,0,0,0,0,0,0,0,0,0,0,0,0,0,0,0,0,0,0,0,0,0,0,0,0,0,0,0,0,0,0,0,0,0,0,0,0,0,0,0,0,0,0,0,0,0,0,0,0,0,0,0,0,0,0,0,0,0,0,0,0,0,0,0,0,0,0,0,0,0,0,0,0,0,0,0,0,0,0,0,0,0,0,0,0,0,0,0,0,0,0,0,0,0,0,0,0,0,0,0,0,0,0,0,0,0,0,0,0,0,0,0,0,0,0,0,0,0,0,0
2,-0.219999999999999,-1.23,0,31.1053581904762,-3.45803571428571,-41.7098231428571,0.147528571428571,0.358771428571429,9.83742904761904,252.380952380952,0,0,0,0,0,0,0,0,0,-37.5714285714286,0,0,0,0,0,0,0,0,-43.3333333333333,-58.8095238095238,0,0,0,0,0,0,-60.9523809523809,0,0,0,0,0,0,0,0,0,0,0,0,0,0,0,0,0,0,0,0,0,0,0,0,0,0,0,0,0,0,0,0,0,0,0,0,0,0,0,0,0,0,0,0,0,0,0,0,0,0,0,0,0,0,0,0,0,0,0,0,0,0,0,0,0,0,0,0,0,0,0,0,0,0,0,0,0,0,0,0,0,0,0,0,0,0,0,0,0,0,0,0,0,0,0,0,0,0,0,0,0,0,0,0,0,0,0,0,0,0,0,0,0,0,-52.7142857142857,0,0,0,-48.9047619047619,0,0,0,0,0,0,0,0,0,0,0,0,0,0,0,-36.4285714285714,-45.2857142857143,-45.2857142857143,0,0,0,0,0,0,0
3,-0.989999999999995,-1.26,0,34.4118769333333,-1.384375,-40.4237515,-0.383635,-0.1777,9.78277053333333,136.666666666667,0,0,0,0,0,0,0,0,0,-61.3,0,0,0,0,0,0,0,0,-53.6666666666667,-82.3333333333333,0,0,0,0,0,0,-81.6333333333333,0,0,0,0,0,0,0,0,0,0,0,0,0,0,0,0,0,0,0,0,0,0,0,0,0,0,0,0,0,0,0,0,0,0,0,0,0,0,0,0,0,0,0,0,0,0,0,0,0,0,0,0,0,0,0,0,0,0,0,0,0,0,0,0,0,0,0,0,0,0,0,0,0,0,0,0,0,0,0,0,0,0,0,0,0,0,0,0,0,0,0,0,0,0,0,0,0,0,0,-13.1666666666667,0,0,0,0,0,0,0,0,0,0,0,0,0,0,-75.5333333333333,0,0,0,-70.2333333333333,0,0,0,0,0,0,0,0,0,0,0,0,0,0,0,-47.1,-61,-60.4,0,0,-53.9,0,0,0,0
4,-1.77,-1.26,0,33.1065563902439,-1.71905487804878,-41.6309469512195,0.121317073170732,-0.0957621951219512,9.76904675609756,468.292682926829,0,0,0,0,0,0,0,0,0,-63.1951219512195,0,0,0,0,0,0,0,0,-63.9512195121951,-93.4390243902439,0,0,0,0,0,0,-72.2926829268293,0,0,0,0,0,0,0,0,0,0,0,0,0,0,0,0,0,0,0,0,0,0,0,0,0,0,0,0,0,0,0,0,0,0,0,0,0,0,0,0,0,0,0,0,0,0,0,0,0,0,0,0,0,-5.34146341463415,0,0,0,0,0,0,0,0,0,0,0,0,0,0,0,0,0,0,0,0,0,0,0,0,0,0,0,0,0,0,0,0,0,0,0,0,0,0,0,0,0,0,0,0,0,-65.5121951219512,0,0,0,0,0,0,0,0,0,0,0,0,0,0,-76.1219512195122,0,0,0,-57.7560975609756,0,0,0,0,0,0,0,0,0,0,0,0,0,0,0,-47.4878048780488,-61.0243902439024,-61.0243902439024,0,0,-60.0975609756098,0,0,0,0
5,-2.53,-1.25,0,33.4471893,-1.2834375,-41.5584392,0.1089975,0.2062875,9.9786606,445,0,0,0,0,0,0,0,0,0,-58.7,0,0,0,0,0,0,0,0,-74,-88.7,0,0,0,0,0,0,-80,0,0,0,0,0,0,0,0,0,0,0,0,0,0,0,0,0,0,0,0,0,0,0,0,0,0,0,0,0,0,0,0,0,0,0,0,0,0,0,0,0,0,0,0,0,0,0,0,0,0,0,0,0,-65.7,0,0,0,0,0,0,0,0,0,0,0,0,0,0,0,0,0,0,0,0,0,0,0,0,0,0,0,0,0,0,0,0,0,0,0,0,0,0,0,0,0,0,0,0,0,-79,0,0,0,0,0,0,0,0,0,0,0,0,0,0,-75,0,0,0,0,0,0,0,0,0,0,0,0,0,0,0,0,0,0,0,-53,-63.7,-63.7,0,0,0,0,0,0,0
6,-3.29,-1.25,0,32.3250014375,0.421875,-42.629298375,0.3979875,-0.048009375,9.6706783125,293.75,0,0,0,0,0,0,0,0,0,-61.0625,0,0,0,0,0,0,0,0,-74,-89.75,0,0,0,0,0,0,-79.125,0,0,0,0,0,0,0,0,0,0,0,0,0,0,0,0,0,0,0,0,0,0,0,0,0,0,0,0,0,0,0,0,0,0,0,0,0,0,0,0,0,0,0,0,0,0,0,0,0,0,0,0,0,-73,0,0,0,0,0,0,0,0,0,0,0,0,0,0,0,0,0,0,0,0,0,0,0,0,0,0,0,0,0,0,0,0,0,0,0,0,0,0,0,0,0,0,0,0,0,-80.3125,0,0,0,0,0,0,0,0,0,0,0,0,0,0,-74.5625,0,0,0,-32.375,0,0,0,0,0,0,0,0,0,0,0,0,0,0,0,-53,-63.4375,-63.4375,0,0,0,-41.125,-41.125,0,0
7,-4.07,-1.23,0,31.021024,-0.489204545454545,-43.5681836363636,0.730527272727273,-0.0650863636363636,9.64161845454545,381.818181818182,0,0,0,0,0,0,0,0,0,-62.0909090909091,0,0,0,0,0,0,0,0,-60.5454545454545,-92,0,0,0,0,0,0,-80.1818181818182,0,0,0,0,0,0,0,0,0,0,0,0,0,0,0,0,0,0,0,0,0,0,0,0,0,0,0,0,0,0,0,0,0,0,0,0,0,0,0,0,0,0,0,0,0,0,0,0,0,0,0,0,0,-59.7272727272727,0,0,0,0,0,0,0,0,0,0,0,0,0,0,0,0,0,0,0,0,0,0,0,0,0,0,0,0,0,0,0,0,0,0,0,0,0,0,0,0,0,0,0,0,0,-67.0909090909091,0,0,0,0,0,0,0,0,0,0,0,0,0,0,-73.2727272727273,0,0,0,-60.5454545454545,0,0,0,0,0,0,0,0,0,0,0,0,0,0,0,-51.5454545454545,-62.5454545454545,-62.5454545454545,0,0,0,-88.1818181818182,-76.9090909090909,0,0
8,-4.82,-1.21,0,31.8625011111111,-0.0125,-42.4041682222222,0.469016666666667,-0.180016666666667,10.2661172222222,0,0,0,0,0,0,0,0,0,0,-61,0,0,0,0,0,0,0,0,-72.3333333333333,-87.5555555555556,0,0,0,0,0,0,-82.1111111111111,-51.1111111111111,0,0,0,0,0,0,0,0,0,0,0,0,0,0,0,0,0,0,0,0,0,0,0,0,0,0,0,0,0,0,0,0,0,0,0,0,0,0,0,0,0,0,0,0,0,0,0,0,0,0,0,0,-32.4444444444444,0,0,0,0,0,0,0,0,0,0,0,0,0,0,0,0,0,0,0,0,0,0,0,0,0,0,0,0,0,0,0,0,0,0,0,0,0,0,0,0,0,0,0,0,0,-78.1111111111111,0,0,0,0,0,0,0,0,0,0,0,0,0,0,-76.8888888888889,0,0,0,-49.3333333333333,0,0,0,0,0,0,0,0,0,0,0,0,0,0,-52.7777777777778,-51,-65.8888888888889,-64.7777777777778,0,0,0,-57.3333333333333,-62.6666666666667,0,0
9,-5.44,-1.2,0,29.0171889166667,2.00937516666667,-42.3000020833333,0.44665,-0.1234875,9.73966308333333,300,0,0,0,0,0,0,0,0,0,-50.8333333333333,0,0,0,0,0,0,0,0,-59.1666666666667,-83,0,0,0,0,0,0,-82.25,-91.5,0,0,0,0,0,0,0,0,0,0,0,0,0,0,0,0,0,0,0,0,0,0,0,0,0,0,0,0,0,0,0,0,0,0,0,0,0,0,0,0,0,0,0,0,0,0,0,0,0,0,0,0,0,0,0,0,0,0,0,0,0,0,0,0,0,0,0,0,0,0,0,0,0,0,0,0,0,0,0,0,0,0,0,0,0,0,0,0,0,0,0,0,0,0,0,0,0,0,-62.5,0,0,0,0,0,0,0,0,-23,0,0,0,0,0,-79.25,0,0,0,-61.6666666666667,0,0,0,0,0,-19.5,0,0,0,0,0,0,0,0,-94.25,-50.75,-69,-67.5,0,0,0,-84,-78.3333333333333,0,0
10,-5.53,-1.17,0,-1.434375,27.435938625,-41.983595375,0.85790625,0.62173125,10.13701925,512.5,0,0,0,0,0,0,0,0,0,-61,0,0,0,0,0,0,0,0,-71,-80,0,0,0,0,0,0,-80,-90,0,0,0,0,0,0,0,0,0,0,0,0,0,0,0,0,0,0,0,0,0,0,0,0,0,0,0,0,0,0,0,0,0,0,0,0,0,0,0,0,0,0,0,0,0,0,0,0,0,0,0,0,0,0,0,0,0,0,0,0,0,0,0,0,0,0,0,0,0,0,0,0,0,0,0,0,0,0,0,0,0,0,0,0,0,0,0,0,0,0,0,0,0,0,0,0,0,0,-75,0,0,0,0,0,0,0,0,-92,0,0,0,0,0,-77,0,0,0,-74,0,0,0,0,0,-78,0,0,0,0,0,0,0,0,-92,-50,-69,-69,0,0,0,-78,-94,0,0
11,-5.52,-0.410000000000004,0,0.08,26.645001,-41.0850019333333,0.34853,0.18533,9.7852604,300,0,0,0,0,0,0,0,0,0,-64.7333333333333,0,0,0,0,0,0,0,0,-69.1333333333333,-82.8,0,0,0,0,0,0,-88.4,-85.3333333333333,0,0,0,0,0,0,0,0,0,0,0,0,0,0,0,0,0,0,0,0,0,0,0,0,0,0,0,0,0,0,0,0,0,0,0,0,0,0,0,0,0,0,0,0,0,0,0,0,0,0,0,0,0,0,0,0,0,0,0,0,0,0,0,0,0,0,0,0,0,0,0,0,0,0,0,0,0,0,0,0,0,0,0,0,0,0,0,0,0,0,0,0,0,0,0,0,0,0,-55,0,0,0,0,0,0,0,0,-92,0,0,0,0,0,-77,0,0,0,-4.93333333333333,0,0,0,0,-84.9333333333333,-57.2,0,0,0,0,-86.8,0,0,0,-67.4666666666667,-52.8,-65.2666666666667,-65.2666666666667,0,0,0,-76.1333333333333,-6.26666666666667,0,0
12,-5.48999999999999,0.409999999999997,0,1.66433823529412,24.438972,-40.4106634705882,0.344708823529412,0.556888235294118,9.85553011764706,300,0,0,0,0,0,0,0,0,0,-59.2352941176471,0,0,0,0,0,0,0,0,-69,-80.5294117647059,0,0,0,0,0,0,-84.8823529411765,-87.4705882352941,0,0,0,0,0,0,0,0,0,0,0,0,0,0,0,0,0,0,0,0,0,0,0,0,0,0,0,0,0,0,0,0,0,0,0,0,0,0,0,0,0,0,0,0,0,0,0,0,0,0,0,0,0,0,0,0,0,0,0,0,0,0,0,0,0,0,0,0,0,0,0,0,0,0,0,0,0,0,0,0,0,0,0,0,0,0,0,0,0,0,0,0,0,0,0,0,0,0,-75,0,0,0,0,0,0,0,0,-90.3529411764706,0,0,0,0,0,-79.4705882352941,0,0,0,0,0,0,0,0,-91,-78,0,0,0,0,-93,0,0,0,-92,-48.8823529411765,-64.1764705882353,-64.1764705882353,0,0,0,-82.5882352941177,0,0,0
13,-5.47,1.16,0,2.73639705882353,24.6452217058823,-39.8360308823529,0.190879411764706,0.236347058823529,9.69288570588235,317.647058823529,0,0,0,0,0,0,0,0,0,-63.6470588235294,0,0,0,0,0,0,0,0,-60.8823529411765,-80,0,0,0,0,0,0,-85.8823529411765,-77.6470588235294,0,0,0,0,0,0,0,0,0,0,0,0,0,0,0,0,0,0,0,0,0,0,0,0,0,0,0,0,0,0,0,0,0,0,0,0,0,0,0,0,0,0,0,0,0,0,0,0,0,0,0,0,0,0,0,0,0,0,0,0,0,0,0,0,0,0,0,0,0,0,0,0,0,0,0,0,0,0,0,0,0,0,0,0,0,0,0,0,0,0,0,0,0,0,0,0,0,0,-4.41176470588235,0,0,0,0,0,0,0,0,-88.1176470588235,0,0,0,0,0,-80.9411764705882,0,0,0,0,0,0,0,0,-80.2941176470588,-68.8235294117647,0,0,0,0,-82.0588235294118,0,0,0,-81.1764705882353,-53.6470588235294,-60.2352941176471,-63.0588235294118,0,0,0,-79.2941176470588,0,0,0
14,-5.47,1.91954545454546,0,-1.45568181818182,26.4997171363636,-40.8392061363636,0.487309090909091,0.0376295454545454,9.65040036363636,245.454545454545,0,0,0,0,0,0,0,0,0,-66.8181818181818,0,-88.4545454545455,0,-76.3636363636364,0,0,0,0,-59.0909090909091,-78.7272727272727,0,0,0,0,0,-77.6363636363636,-81.1818181818182,-84,0,0,0,0,0,-92.9090909090909,0,-92.4545454545455,0,0,0,0,0,0,0,0,0,0,0,0,0,0,0,0,0,0,0,0,0,0,0,0,0,0,0,0,0,0,0,0,0,0,0,0,0,0,0,0,0,0,0,0,0,0,0,0,0,0,0,0,0,0,0,0,0,0,0,0,0,0,0,0,0,0,0,0,0,0,0,0,0,0,0,0,0,0,0,0,0,0,0,0,0,0,0,0,0,0,0,0,0,0,0,0,0,0,-33.6363636363636,-86.9090909090909,0,-33.6363636363636,0,0,0,-72.2727272727273,0,0,0,-31.3636363636364,0,0,0,-57.2727272727273,-89.4545454545455,0,0,0,0,0,-83.6363636363636,0,0,0,-80,-46.8181818181818,-62.4545454545455,-62,0,0,0,-77.2727272727273,-33.6363636363636,0,0
15,-5.47999999999999,2.65,0,-0.444791666666667,26.8802097222222,-42.1000017222222,0.506775,0.399333333333333,9.98124216666667,166.666666666667,0,0,0,0,0,0,0,0,0,-65.2222222222222,0,-59.3333333333333,0,-56,0,0,0,0,-43.3333333333333,-76.3333333333333,0,0,0,0,0,-50.6666666666667,-76.4444444444444,-84.4444444444444,0,0,0,0,0,-94,0,-62,0,0,0,0,0,0,0,0,0,0,0,0,0,0,0,0,0,0,0,0,0,0,0,0,0,0,0,0,0,0,0,0,0,0,0,0,0,0,0,0,0,0,0,0,0,0,0,0,0,0,0,0,0,0,0,0,0,0,0,0,0,0,0,0,0,0,0,0,0,0,0,0,0,0,0,0,0,0,0,0,0,0,0,0,0,0,0,0,0,0,0,0,0,0,0,0,0,0,-49.3333333333333,-82.4444444444444,0,-49.3333333333333,0,0,0,-67.4444444444444,0,0,0,-61.5555555555556,0,0,0,-54,-85.4444444444444,0,0,0,0,0,-80.8888888888889,0,0,0,-77.1111111111111,-48.7777777777778,-53.8888888888889,-54.4444444444444,0,0,0,-73.6666666666667,-66.2222222222222,0,0
16,-5.46,3.39,0,0.78984375,27.549610875,-41.646094875,0.270075,0.238115625,9.6772036875,331.25,0,0,0,0,0,0,0,0,0,-64.125,0,-77.875,0,-73.5,0,0,0,0,-56.875,-74.625,0,0,0,0,0,-66.5,-75.8125,-85.375,0,0,0,0,0,-93.6875,0,-81.375,0,0,0,0,0,0,0,0,0,0,0,0,0,0,0,0,0,0,0,0,0,0,0,0,0,0,0,0,0,0,0,0,0,0,0,0,0,0,0,0,0,0,0,0,0,0,0,0,0,0,0,0,0,0,0,0,0,0,0,0,0,0,0,0,0,0,0,0,0,0,0,0,0,0,0,0,0,0,0,0,0,0,0,0,0,0,0,0,0,0,0,0,0,0,0,0,0,0,-64.75,-83.6875,0,-64.75,0,0,0,-70.25,0,0,0,-70.9375,0,0,0,-47.25,-87.625,0,0,0,0,0,-89.75,0,0,0,-85.1875,-48,-57.3125,-56.625,0,0,0,-74.75,-74.75,0,0
17,-5.44999999999999,4.13,0,-0.246875,28.8083344444444,-40.114585,0.529716666666667,0.39465,9.80510877777778,72.2222222222222,0,0,0,0,0,0,0,0,0,-59.3333333333333,0,-59.3333333333333,0,-9.33333333333333,0,0,0,0,-7.22222222222222,-73.6666666666667,0,0,0,0,0,-50.6666666666667,-63.1111111111111,-83,0,0,0,0,0,-93.6666666666667,0,-93.6666666666667,0,0,0,0,0,0,0,0,0,0,0,0,0,0,0,0,0,0,0,0,0,0,0,0,0,0,0,0,0,0,0,0,0,0,0,0,0,0,0,0,0,0,0,0,0,0,0,0,0,0,0,0,0,0,0,0,0,0,0,0,0,0,0,0,0,0,0,0,0,0,0,0,0,0,0,0,0,0,0,0,0,0,0,0,0,0,0,0,0,0,0,0,0,0,0,0,0,0,-49.3333333333333,-82.3333333333333,0,-49.3333333333333,0,0,0,-69.3333333333333,0,0,0,-64.8888888888889,0,0,0,-48,-89.6666666666667,0,0,0,0,0,-77.3333333333333,0,0,0,-80,-50.6666666666667,-60,-60,0,0,-21,-72.3333333333333,-64,0,-21.3333333333333
18,-5.48,4.89,0,1.96171875,28.3558603125,-39.4945324375,0.20056875,0.32743125,9.9013598125,337.5,0,0,0,0,0,0,0,0,0,-63.625,0,0,0,0,0,0,0,0,0,-67.75,0,0,0,0,0,-44.375,-66.625,-81.625,0,0,0,0,0,-93.125,0,-95,0,0,0,0,0,0,0,0,0,0,0,0,0,0,0,0,0,0,0,0,0,0,0,0,0,0,0,0,0,0,0,0,0,0,0,0,0,0,0,0,0,0,0,0,0,0,0,0,0,0,0,0,0,0,0,0,0,0,0,0,0,0,0,0,0,0,0,0,0,0,0,0,0,0,0,0,0,0,0,0,0,0,0,0,0,0,0,0,0,0,0,0,0,0,0,0,0,0,0,-82.25,0,0,0,0,0,-58.875,0,0,0,-73,0,0,0,-54,-89.75,0,0,0,0,0,-87,0,0,0,-83.75,-54.75,-67.75,-67.75,0,0,-63,-73.625,-72,0,-64
19,-5.5,5.57,0,3.305625,27.5878138,-38.03906415,0.2484,0.3095475,9.6535656,220,0,0,0,0,0,0,0,0,0,-60.3,0,0,0,0,0,0,0,0,0,-69.9,0,0,0,0,0,-63.9,-61.05,-84.65,-3.35,0,0,0,0,-92.75,0,-85.45,0,0,0,0,0,0,0,0,-3.35,0,0,0,0,0,0,0,0,0,0,0,0,0,0,0,0,0,0,0,0,0,0,0,0,0,0,0,0,0,0,0,0,0,0,0,0,0,0,0,0,0,0,0,0,0,0,0,0,0,0,0,0,0,0,0,0,0,0,0,0,0,0,0,0,0,0,0,0,0,0,0,0,0,0,0,0,0,0,0,0,0,0,0,0,0,0,0,0,0,-3.25,-82.9,0,-3.25,0,0,0,-55.5,0,0,0,-64.8,0,0,0,-13.5,-83.85,-50.25,0,0,0,0,-78.3,0,0,0,-75.5,-51.75,-68.45,-68.45,0,0,-62.8,-71.75,-64.75,0,-57.5
20,-5.51058823529411,6.28,0,1.65441176470588,25.9455897058824,-35.7463254117647,0.301058823529412,0.313641176470588,9.69750917647059,323.529411764706,0,0,0,0,0,0,0,0,0,-65.3529411764706,0,-19.2941176470588,0,0,0,0,0,0,-12.4705882352941,-67.5882352941177,0,0,0,0,0,-62.6470588235294,-61,-79.9411764705882,-59.1176470588235,0,0,0,-18.8235294117647,-93.2352941176471,0,-94.2352941176471,0,0,0,0,0,0,0,0,-59.1176470588235,0,0,0,0,0,0,0,0,0,0,0,0,0,0,0,0,0,0,0,0,0,0,0,0,0,0,0,0,0,0,0,0,0,0,0,0,0,0,0,0,0,0,0,0,0,0,0,0,0,0,0,0,0,0,0,0,0,0,0,0,0,0,0,0,0,0,0,0,0,0,0,0,0,0,0,0,0,0,0,0,0,0,0,0,0,0,0,0,0,-67.8235294117647,-80.7647058823529,0,-57.3529411764706,0,0,-12,-54.7647058823529,0,0,0,-48.5294117647059,0,0,0,-12.2352941176471,-83.5294117647059,-67.7058823529412,0,0,0,0,-76.7647058823529,0,0,0,-65.2941176470588,-45,-68.4117647058823,-68.1764705882353,0,0,-52.0588235294118,-70.0588235294118,-62.6470588235294,0,-54.7058823529412
21,-5.55,7.06,0,0.67625,28.4212516,-35.248752,0.4872,0.29481,10.0824705333333,373.333333333333,0,0,0,0,0,0,0,0,0,-52,0,-71.0666666666667,0,0,0,0,0,0,-45.9333333333333,-63,0,0,0,0,0,-28.4,-62.8,-78.2,-58.0666666666667,0,0,0,-69.3333333333333,-94.6,0,-82.3333333333333,0,0,0,0,0,0,0,0,-58.0666666666667,0,0,0,0,0,0,0,0,0,0,0,0,0,0,0,0,0,0,0,0,0,0,0,0,0,0,0,0,0,0,0,0,0,0,0,0,0,0,0,0,0,0,0,0,0,0,0,0,0,0,0,0,0,0,0,0,0,0,0,0,0,0,0,0,0,0,0,0,0,0,0,0,0,0,0,0,0,0,0,0,0,0,0,0,0,0,0,0,0,-66.7333333333333,-81.8,0,-56.3333333333333,0,0,-44.2,-58.8,0,0,0,-47.6666666666667,0,0,0,-45.0666666666667,-83.2,-68.2,0,0,0,0,-75.4,0,0,0,-72.8,-55.8,-74.2,-73.8,0,0,-51.1333333333333,-67.6,-61.5333333333333,0,-53.7333333333333
22,-5.56,7.83,0,3.0375,28.99968885,-32.7881264,-0.1475625,0.12435,9.8650055,65,0,0,0,0,0,0,0,0,0,-48,0,-65.6,0,0,0,0,0,0,-42.4,-50.2,0,0,0,0,0,0,-68.8,-82.2,-53.6,0,0,0,-64,-76,0,-76,0,0,0,0,0,0,0,0,-53.6,0,0,0,0,0,0,0,0,0,0,0,0,0,0,0,0,0,0,0,0,0,0,0,0,0,0,0,0,0,0,0,0,0,0,0,0,0,0,0,0,0,0,0,0,0,0,0,0,0,0,0,0,0,0,0,0,0,0,0,0,0,0,0,0,0,0,0,0,0,0,0,0,0,0,0,0,0,0,0,0,0,0,0,0,0,0,0,0,0,-61.6,-82.2,0,-52,0,0,-40.8,-63.6,0,0,0,-63,0,0,0,-41.6,-83.2,-53.6,0,0,0,0,-69.6,0,0,0,-61.6,-47.2,-75.8,-75.8,0,0,-47.2,-65.6,-66.2,0,-49.6
23,-5.58,8.56,0,0.433258928571429,29.7703139642857,-32.2319210357143,0.241639285714286,0.38265,9.80997353571429,235.714285714286,0,0,0,0,0,0,0,0,0,-30,0,-41,0,-66.8571428571429,0,0,0,0,-26.5,-56,0,0,0,0,0,0,-72.75,-80.3928571428571,0,0,0,0,-40,-92.5357142857143,0,-91.0714285714286,0,0,0,0,0,0,0,0,0,0,0,0,0,0,0,0,0,0,0,0,0,0,0,0,0,0,0,0,0,0,0,0,0,0,0,0,0,0,0,0,0,0,0,0,0,0,0,0,0,0,0,0,0,0,0,0,0,0,0,0,0,0,0,0,0,0,0,0,0,0,0,0,0,0,0,0,0,0,0,0,0,0,0,0,0,0,0,0,0,0,0,0,0,0,0,0,0,0,-38.5,-82.0714285714286,0,0,0,0,-25.5,-70.6785714285714,0,0,0,-53.3928571428571,0,0,0,-22.2857142857143,-83.5357142857143,-65.6785714285714,0,0,0,0,0,0,0,0,-57.9642857142857,-54.8571428571429,-85.0714285714286,-84.5357142857143,0,0,-57.9285714285714,-63.6071428571429,-53.3928571428571,0,-50.5714285714286
24,-5.6,9.28999999999999,0,0.334239130434783,31.6589689565217,-33.8078820869565,0.0521347826086957,0.153815217391304,10.0930896521739,0,0,0,0,0,0,0,0,0,0,0,0,0,0,-67.8260869565217,0,0,0,0,0,-56.695652173913,0,0,0,0,0,0,-86.1739130434783,-80,-21.6086956521739,0,0,0,0,-91,0,-83.0869565217391,0,0,0,0,0,0,0,0,0,0,0,0,0,0,0,0,0,0,0,0,0,0,0,0,0,0,0,0,0,0,0,0,0,0,0,0,0,0,0,0,0,0,0,0,0,0,0,0,0,0,0,0,0,0,0,0,0,0,0,0,0,0,0,0,0,0,0,0,0,0,0,0,0,0,0,0,0,0,0,0,0,0,0,0,0,0,0,0,0,0,0,0,0,0,0,0,0,0,0,-80.695652173913,0,0,0,0,0,-77.0869565217391,0,0,0,-71.2173913043478,0,0,0,0,-79.3913043478261,-65,0,0,0,0,0,0,0,0,-65.6086956521739,-55.6521739130435,-84.695652173913,-84.695652173913,0,0,-53,-63,-42.3913043478261,0,-51.304347826087
25,-5.6,10.01,0,1.09809782608696,31.8961973043478,-36.2095126956522,0.147163043478261,0.265565217391304,9.82303743478261,182.608695652174,0,0,0,0,0,0,0,0,0,0,0,-3.65217391304348,0,-13.5652173913043,0,0,0,0,-1.73913043478261,-55.7826086956522,0,0,0,0,0,0,-75.0869565217391,-79.9130434782609,-61.7391304347826,0,0,0,0,-91.8695652173913,0,-79.1304347826087,0,0,0,0,0,0,0,0,0,0,0,0,0,0,0,0,0,0,0,0,0,0,0,0,0,0,0,0,0,0,0,0,0,0,0,0,0,0,0,0,0,0,0,0,0,0,0,0,0,0,0,0,0,0,0,0,0,0,0,0,0,0,0,0,0,0,0,0,0,0,0,0,0,0,0,0,0,0,0,0,0,0,0,0,0,0,0,0,0,0,0,0,0,0,0,0,0,0,-2.8695652173913,-81.6086956521739,0,-2.82608695652174,0,0,0,-68.9130434782609,0,0,0,-67.8260869565217,0,0,0,0,-74.6086956521739,-64.695652173913,0,0,0,0,0,0,0,0,-61.0869565217391,-11.1304347826087,-89.6086956521739,-89.6086956521739,0,0,-45.2173913043478,-62.2173913043478,0,0,-49.3913043478261
26,-5.64,10.77,0,0.853427419354839,30.3000013870968,-38.1774213225806,0.22003064516129,0.34483064516129,9.79848925806452,164.516129032258,0,0,0,0,0,0,0,0,0,0,0,-77.5483870967742,0,-42.5806451612903,0,0,0,0,-34.8387096774194,-54.4838709677419,0,0,0,0,0,0,-87.0645161290323,-76.6451612903226,-57.258064516129,0,0,0,0,-89.4516129032258,0,-89.3225806451613,0,0,0,0,0,0,0,0,0,0,0,0,0,0,0,0,0,0,0,0,0,0,0,0,0,0,0,0,0,-11.4838709677419,0,-11.2258064516129,0,0,0,0,0,0,0,0,0,0,0,0,0,0,0,0,0,0,0,0,0,0,0,0,0,0,0,0,0,0,0,0,0,0,0,0,0,0,0,0,0,0,0,0,0,0,0,0,0,0,0,0,0,0,0,0,0,0,0,0,0,0,0,0,0,0,-57.4838709677419,-79.7741935483871,0,-56.6129032258064,0,0,0,-84.0967741935484,0,0,0,-22.6451612903226,0,0,0,0,-74.5806451612903,-54.9032258064516,0,0,0,0,-56.1290322580645,0,0,0,-59.9032258064516,0,-82.0322580645161,-91.7096774193548,0,0,-46.7096774193548,-61.6451612903226,-40,0,-47.1612903225806
27,-5.66999999999999,11.53,0,0.8375,29.436608047619,-39.1357156666667,0.163142857142857,0.133907142857143,9.74652895238095,185.714285714286,0,0,0,0,0,0,0,0,0,0,0,-68.7619047619048,0,-67.2380952380952,0,0,0,0,-36.1904761904762,-59.3809523809524,0,0,0,0,0,0,-93.2380952380952,-81,0,0,0,0,0,-88,0,-78.7142857142857,0,0,0,0,0,0,0,0,0,0,0,0,0,0,0,0,0,0,0,0,0,0,0,0,0,0,0,0,0,-80.5238095238095,0,-78.7142857142857,0,0,0,0,0,0,0,0,0,0,0,0,0,0,0,0,0,0,0,0,0,0,0,0,0,0,0,0,0,0,0,0,0,0,0,0,0,0,0,0,0,0,0,0,0,0,0,0,0,0,0,0,0,0,0,0,0,0,0,0,0,0,0,0,0,0,-59.7142857142857,-78.4761904761905,0,-58.8095238095238,0,0,0,-70.5714285714286,0,0,0,0,0,0,0,-44.5714285714286,-72.7619047619048,-63.6190476190476,0,0,0,0,-78.7142857142857,0,0,0,-52.4761904761905,0,-83.2380952380952,-92.6190476190476,0,0,-44.3333333333333,-56.3809523809524,-56.0952380952381,0,-47.9523809523809
28,-5.66999999999999,12.28,0,1.98835227272727,27.4005692727273,-40.4803993636364,0.0626727272727273,0.247929545454545,9.94009140909091,386.363636363636,0,0,0,0,0,0,0,0,0,0,0,-69.7727272727273,0,-52.5454545454545,0,0,0,0,-17.2727272727273,-56.6818181818182,0,0,0,0,0,0,-92.4545454545455,-78.5909090909091,-43.6363636363636,0,0,0,0,-89.2727272727273,0,-77.3181818181818,0,0,0,0,0,0,0,0,-45.8181818181818,0,0,0,0,0,0,0,0,0,0,0,0,0,0,0,0,0,0,0,0,-68.7727272727273,0,-67.2272727272727,0,0,0,0,0,0,0,0,0,0,0,0,0,0,0,0,0,0,0,0,0,0,0,0,0,0,0,0,0,0,0,0,0,0,0,0,0,0,0,0,0,0,0,0,0,0,0,0,0,0,0,0,0,0,0,0,0,0,0,0,0,0,0,0,0,0,-9,-79.7727272727273,0,-2.95454545454545,0,0,-47.2727272727273,-60.2727272727273,0,0,0,-64,0,0,0,-62.1818181818182,-70.8636363636364,-60.5,0,0,0,0,-71.5,0,0,0,-53.4090909090909,0,-91.5909090909091,-91.7272727272727,0,0,-48.1363636363636,-57.0909090909091,-49.9090909090909,0,-41.4090909090909
29,-5.72,13.05,0,2.82875,23.5687508666667,-40.5312508,-0.06713,0.72521,9.97688046666667,260,0,0,0,0,0,0,0,0,0,0,0,-68.4666666666667,0,-58.9333333333333,0,0,0,0,-45.0666666666667,-57.6,0,0,0,0,0,0,-90.8,-76,-61.2,0,0,0,0,-90,0,-78,0,0,0,0,0,0,0,0,-54.6,0,0,0,0,0,0,0,0,0,0,0,0,0,0,0,0,0,0,0,0,-53.4,0,-52.2,0,0,0,0,0,0,0,0,0,0,0,0,0,0,0,0,0,0,0,0,0,0,0,0,0,0,0,0,0,0,0,0,0,0,0,0,0,0,0,0,0,0,0,0,0,0,0,0,0,0,0,0,0,0,0,0,0,0,0,0,0,0,0,0,0,0,0,-79.4,0,0,0,0,-56.3333333333333,-79.2,0,0,0,-76.2666666666667,0,0,0,-62.4,-69.8,-49.4,0,0,0,0,-71.0666666666667,0,0,0,-62.6,0,-92.6,-92.6,0,0,-41.6,-57.6,-49.4,0,-40.7333333333333
30,-5.76,13.83,0,-0.439453125,26.032032375,-37.764845125,0.175828125,-0.161990625,10.0493159375,675,0,0,0,0,0,0,0,0,0,0,0,-59.25,0,-65.1875,0,0,0,0,-39,-56.8125,0,0,0,0,0,0,-93.125,-76.5625,-47.25,0,0,0,0,-92.4375,0,-67.5,0,0,0,0,0,0,0,0,-47.25,0,0,0,0,0,0,0,0,0,0,0,0,0,0,0,0,0,0,0,0,0,0,0,0,0,0,0,0,0,0,0,0,0,0,0,0,0,0,0,0,0,0,0,0,0,0,0,0,0,0,0,0,0,0,0,0,0,0,0,0,0,0,0,0,0,-47.8125,0,-45.5625,0,0,0,0,0,0,0,0,0,0,0,0,0,0,0,0,0,0,0,0,0,0,-77.75,0,0,0,0,-48.75,-87.1875,0,0,0,-66,0,0,0,-54,-69.5,-56.4375,0,0,0,0,-61.5,0,0,0,-48.75,0,-69,-93.125,0,0,-36,-55.3125,-42.75,0,-35.25
31,-5.76,14.53,0,-2.61286764705882,27.5933835294118,-37.0279425294118,0.573467647058824,-0.167135294117647,9.73898882352941,600,0,0,0,0,0,0,0,0,0,0,0,-75.2941176470588,0,-63.5294117647059,0,0,0,0,-52,-62.7058823529412,0,0,0,0,0,0,-82.9411764705882,-76.4705882352941,-55.5882352941176,0,0,0,0,-91.4705882352941,0,-91.0588235294118,0,0,0,0,0,0,0,0,-29.6470588235294,0,0,0,0,0,0,0,0,0,0,0,0,0,0,0,0,0,0,0,0,0,0,0,0,0,0,0,0,0,0,0,0,0,0,0,0,0,0,0,0,0,0,0,0,0,0,0,0,0,0,0,0,0,0,0,0,0,0,0,0,0,0,0,0,0,-75,0,-71.4705882352941,0,0,0,0,0,0,0,0,0,0,0,0,0,0,0,0,0,0,0,0,0,-30.7058823529412,-73.8823529411765,0,0,0,0,-30.5882352941176,-88.8235294117647,0,0,0,-41.4117647058824,0,0,0,-33.8823529411765,-64.4117647058823,-54.4117647058824,0,0,0,0,-85.1764705882353,0,0,0,-57.3529411764706,0,-81.1764705882353,-82.9411764705882,0,0,-48,-51.8823529411765,-26.8235294117647,0,-45.4117647058824
32,-5.76,15.29,0,-4.03786764705882,24.8691189411765,-37.7647070588235,0.580535294117647,-0.155885294117647,9.77347970588235,423.529411764706,0,0,0,0,0,0,0,0,0,0,0,-55.0588235294118,0,-61.1764705882353,0,0,0,0,-39.7647058823529,-68.8235294117647,0,0,0,0,0,0,-93.0588235294118,-74.1176470588235,-48.1764705882353,0,0,0,0,-89.1176470588235,0,-70.3529411764706,0,0,0,0,0,0,0,0,0,0,0,0,0,0,0,0,0,0,0,0,0,0,0,0,0,0,0,0,0,0,0,0,0,0,0,0,0,0,0,0,0,0,0,0,0,0,0,0,0,0,0,0,0,0,0,0,0,0,0,0,0,0,0,0,0,0,0,0,0,0,0,0,0,0,-65,0,-61.9411764705882,0,0,0,0,0,0,0,0,0,0,0,0,0,0,0,0,0,0,0,0,0,-44.3529411764706,-55.0588235294118,0,0,0,0,0,-92.5882352941177,0,0,0,0,0,0,0,0,-59.2352941176471,-50.1764705882353,0,0,0,0,-67.2941176470588,0,0,0,-70.6470588235294,0,-93.8823529411765,-71.8823529411765,0,0,-36.7058823529412,-50.9411764705882,0,0,-33.6470588235294
33,-5.75,16.01,0,-4.345,23.2162506666667,-36.8437514,0.43149,-0.05633,9.78571053333333,386.666666666667,0,0,0,0,0,0,0,0,0,0,0,-67.2,0,-56.9333333333333,0,0,0,0,-48.5333333333333,-64,0,0,0,0,0,0,-86.8,-77,0,0,0,0,0,-91,0,-85.8666666666667,0,0,0,0,0,0,0,0,0,0,0,0,0,0,0,0,0,0,0,0,0,0,0,0,0,0,0,0,0,0,0,-78,0,0,0,0,0,0,0,0,0,0,0,0,0,0,0,0,0,0,0,0,0,0,0,0,0,0,0,0,0,0,0,0,0,0,0,0,0,0,0,0,0,0,-79.3333333333333,0,-75.6,0,0,0,0,0,0,0,0,0,0,0,0,0,0,0,0,0,0,0,0,0,-54.1333333333333,-76,0,0,0,0,0,-91,0,0,0,0,0,0,0,0,-57,-51,0,0,0,0,-82.1333333333333,0,0,0,-71,0,-87.7333333333333,-93,0,0,-44.8,-49,0,0,-41.0666666666667
34,-5.73,16.75,0,-4.318359375,22.471875625,-34.290235625,0.605559375,0.085490625,9.88443775,312.5,0,0,0,0,0,0,0,0,0,0,0,-49.5,0,-61.6875,0,0,0,0,-35.75,-72.125,0,0,0,0,0,0,-81.375,-72.9375,0,0,0,0,0,-89.375,0,-79.25,0,0,0,0,0,0,0,0,0,0,0,0,0,0,0,0,0,0,0,0,0,0,0,0,0,0,0,0,0,0,0,-58.5,0,0,0,0,0,0,0,0,0,0,0,0,0,0,0,0,0,0,0,0,0,0,0,0,0,0,0,0,0,0,0,0,0,0,0,0,0,0,0,0,0,0,0,0,0,0,0,0,0,0,0,0,0,0,0,0,0,0,0,0,0,0,0,0,0,0,-39.875,-70.625,0,0,0,0,0,-68.25,0,0,0,0,0,0,0,0,-63,-53.5625,0,0,0,0,-49.5,0,0,0,-63,0,-83.125,-69.75,0,0,-35.875,-46.6875,0,0,-35.6875
35,-5.73999999999999,17.52,0,-4.27633928571429,24.2330367857143,-29.6625011428571,0.37665,-0.121660714285714,9.8821505,428.571428571429,0,0,0,0,0,0,0,0,0,0,0,0,0,-59,0,0,0,0,0,-67.5,0,0,0,0,0,0,-93,-72,0,0,0,0,0,-86,0,-62.8571428571429,0,0,0,0,0,0,0,0,0,0,0,0,0,0,0,0,0,0,0,0,0,0,0,0,0,0,0,0,0,0,0,-55.7142857142857,0,0,0,0,0,0,0,0,0,0,0,0,0,0,0,0,0,0,0,0,0,0,0,0,0,0,0,0,0,0,0,0,0,0,0,0,0,0,0,0,0,0,0,0,0,0,0,0,0,0,0,0,0,0,0,0,0,0,0,0,0,0,0,0,0,0,0,-72.5,0,-30.5,0,0,0,-92.5,0,0,0,0,0,0,0,0,-64.5,-40.7142857142857,0,0,0,0,0,0,0,0,-72,0,-67.8571428571429,-66.4285714285714,0,0,-29.2857142857143,-45,-22,0,-25
36,-5.75,18.25,0,-1.72604166666667,29.1833341666667,-26.1083345,0.193158333333333,-0.1134,9.78144188888889,144.444444444444,0,0,0,0,0,0,0,0,0,0,0,-36,0,-57.5,0,0,0,0,0,-68,0,0,0,0,0,0,-82.6666666666667,-69,0,0,0,0,0,-83,0,-85.5,0,0,0,0,0,0,0,0,0,0,0,0,0,0,0,0,0,0,0,0,0,0,0,0,0,0,0,0,0,0,0,-39,0,0,0,0,0,0,0,0,0,0,0,0,0,0,0,0,0,0,0,0,0,0,0,0,0,0,0,0,0,0,0,0,0,0,0,0,0,0,0,0,0,0,0,0,0,0,0,0,0,0,0,0,0,0,0,0,0,0,0,0,0,0,0,0,0,0,0,-70.5,0,-54.2222222222222,0,0,0,-94,0,0,0,-47,0,0,0,0,-65,-58.5,0,0,0,0,0,0,0,0,-64,0,-84.4444444444444,-46.5,0,0,-42,-43,-43,0,-31.1111111111111
37,-5.73999999999999,19.03,0,1.78455882352941,32.0801484705882,-24.3220600588235,0.329576470588235,-0.280685294117647,9.93528570588235,129.411764705882,0,0,0,0,0,0,0,0,0,0,0,-55.0588235294118,0,-44.3529411764706,0,0,0,0,0,-74.6470588235294,0,0,0,0,0,0,-71.1176470588235,-61.4705882352941,0,0,0,0,0,-83.8823529411765,0,-83.9411764705882,0,0,0,0,0,0,0,0,0,0,0,0,0,0,0,0,0,0,0,0,0,0,0,0,0,0,0,0,0,0,0,0,0,0,0,0,0,0,0,0,0,0,0,0,0,0,0,0,0,0,0,0,0,0,0,0,0,0,0,0,0,0,0,0,0,0,0,0,0,0,0,0,0,0,0,0,0,0,0,0,0,0,0,0,0,0,0,0,0,0,0,0,0,0,0,0,0,0,-56.4705882352941,-65.1764705882353,0,-60.0588235294118,0,0,0,-71.8823529411765,0,0,0,-71.8823529411765,0,0,0,0,-65.8823529411765,-60,0,0,0,0,0,0,0,0,-55.0588235294118,0,-16.7647058823529,0,0,0,-49.5882352941176,-51.4117647058824,-32.1176470588235,0,-49.1176470588235
38,-5.75,19.75,0,-1.336875,29.0053138,-31.1765641,0.47295,-0.216795,10.27671065,225,0,0,0,0,0,0,0,0,0,0,0,-50.85,0,-40.6,0,0,0,0,0,-77.25,0,0,0,-31.85,0,0,-51.15,-62.4,-49.85,0,0,0,0,-84.35,0,-67.2,0,0,0,0,0,0,0,0,0,0,0,0,0,0,0,0,0,0,0,0,0,0,0,0,0,0,0,0,0,0,0,-62.25,0,0,0,0,0,0,0,0,0,0,0,0,0,0,0,0,0,0,0,0,0,0,0,0,0,0,0,0,0,0,0,0,0,0,0,0,0,0,0,0,0,0,0,0,0,0,0,0,0,0,0,0,0,0,0,0,0,0,0,0,0,0,0,0,0,0,-42,-59.05,0,-42,0,0,-63,-65.8,0,0,0,-65.8,0,0,0,-63,-72.3,-42,0,0,0,0,0,0,0,0,-66.55,0,0,0,0,0,-50.1,-60.45,-43.75,0,-35
39,-5.77,20.51,0,-5.62581521739131,27.9701097391304,-37.9434801304348,0.434223913043478,-0.064004347826087,9.82978739130435,208.695652173913,0,0,0,0,0,0,0,0,0,0,0,-52.0434782608696,0,-20.1739130434783,0,0,0,0,-6.60869565217391,-80.0434782608696,0,0,0,-75.1739130434783,0,0,0,-64.9130434782609,-51.2608695652174,0,0,0,0,-84.2608695652174,0,-76.695652173913,0,0,0,0,0,0,0,0,-27.695652173913,0,0,0,0,0,0,0,0,0,0,0,0,0,0,0,0,0,0,0,0,0,0,-68.5652173913043,0,0,0,0,0,0,0,0,0,0,0,0,0,0,0,0,0,0,0,0,0,0,0,0,0,0,0,0,0,0,0,0,0,0,0,0,0,0,0,0,0,0,0,0,0,0,0,0,0,0,0,0,0,0,0,0,0,0,0,0,0,0,0,0,0,0,-49.5652173913044,-60.0869565217391,0,-49.5652173913044,0,0,-69.3913043478261,-32.695652173913,0,0,0,-32.695652173913,0,0,0,-69.3913043478261,-74.2173913043478,-55.0434782608696,0,0,0,0,-45.7826086956522,0,0,0,-71.0869565217391,0,0,0,0,0,-48.0434782608696,-61,-55,0,-47.3478260869565
40,-5.79,21.26,0,-7.28272070588235,32.5643397647059,-39.9165459411765,0.434814705882353,-0.356302941176471,10.0289915294118,117.647058823529,0,0,0,0,0,0,0,0,0,0,0,-51.8823529411765,0,0,0,0,0,0,-67.0588235294118,-82.5882352941177,0,0,0,-80.2941176470588,0,0,0,-63.1176470588235,-50.1176470588235,0,0,0,0,-83,0,-74.1176470588235,0,0,0,0,0,0,0,0,-43.2352941176471,0,0,0,0,0,0,0,0,0,0,0,0,0,0,0,0,0,0,0,0,0,0,-68.3529411764706,0,0,0,0,0,0,0,0,0,0,0,0,0,0,0,0,0,0,0,0,0,0,0,0,0,0,0,0,0,0,0,0,0,0,0,0,0,0,0,0,0,0,0,0,0,0,0,0,0,0,0,0,0,0,0,0,0,0,0,0,0,0,0,0,0,0,0,-59.8235294117647,0,0,0,0,-69.1764705882353,0,0,0,0,0,0,0,0,-59.2941176470588,-78.8823529411765,-55.5882352941176,0,0,0,0,-71.4705882352941,0,0,0,-88.0588235294118,0,0,0,0,0,-54.1764705882353,-68.1176470588235,-62.1764705882353,0,-46.7647058823529
41,-5.78,21.98,0,-4.295,33.2500015333333,-39.1300019333333,0.4566,-0.39301,10.1592705333333,66.6666666666667,0,0,0,0,0,0,0,0,0,0,0,0,0,0,0,0,0,0,-65.8666666666667,-84.4,0,0,0,-72.8,0,0,0,-60.6,-48.2,0,0,0,0,-83,0,-72.8,0,0,0,0,0,0,0,0,-42.4666666666667,0,0,0,0,0,0,0,0,0,0,0,0,0,0,0,0,0,0,0,0,0,0,0,0,0,0,0,0,0,0,0,0,0,0,0,0,0,0,0,0,0,0,0,0,0,0,0,0,0,0,0,0,0,0,0,0,0,0,0,0,0,0,0,0,0,0,0,0,0,0,0,0,0,0,0,0,0,0,0,0,0,0,0,0,0,0,0,0,0,0,-56.8,0,0,0,0,0,0,0,0,0,0,0,0,0,0,-80.6,-54.6,0,0,0,0,-70.2,0,0,0,-91.2,0,0,0,0,0,-49.4,-66.6,-56.3333333333333,0,-45.9333333333333
42,-5.8,22.71,0,1.72720594117647,29.8169129411765,-39.3154423529412,-0.117397058823529,0.0101823529411765,9.7764004117647,188.235294117647,0,0,0,0,0,0,0,0,0,0,0,0,0,0,0,0,0,0,-67.0588235294118,-86.5294117647059,0,0,0,0,0,0,0,-55.8235294117647,-43.2352941176471,0,0,0,0,-83,0,-83.4705882352941,0,0,0,0,0,0,0,0,-23.0588235294118,0,0,0,0,0,0,0,0,0,0,0,0,0,0,0,0,0,0,0,0,0,0,0,0,0,0,0,0,0,0,0,0,0,0,0,0,0,0,0,0,0,0,0,0,0,0,0,0,0,0,0,0,0,0,0,0,0,0,0,0,0,0,0,0,0,0,0,0,0,0,0,0,0,0,0,0,0,0,0,0,0,0,0,0,0,0,0,0,0,0,-52.2941176470588,0,0,0,0,0,0,0,0,0,0,0,0,0,0,-81.6470588235294,-55.5882352941176,0,0,0,0,-38.1176470588235,0,0,0,-74.1176470588235,0,0,0,0,0,-50.2941176470588,-72.7058823529412,-57.3529411764706,0,-59.3529411764706
43,-5.84,23.52,0,-3.233203125,27.2707045625,-40.642970375,0.45474375,0.619059375,9.796069375,225,0,0,0,0,0,0,0,0,0,0,0,0,0,0,0,0,0,0,-19,-87.75,0,0,0,0,0,0,0,-55.25,-40.75,0,0,0,0,-80,0,-62.25,0,0,0,0,0,0,0,0,0,0,0,0,0,0,0,0,0,0,0,0,0,0,0,0,0,0,0,0,0,0,0,0,0,0,0,0,0,0,0,0,0,0,0,0,0,0,0,0,0,0,0,0,0,0,0,0,0,0,0,0,0,0,0,0,0,0,0,0,0,0,0,0,0,0,0,0,0,0,0,0,0,0,0,0,0,0,0,0,0,0,0,0,0,0,0,0,0,0,0,-51.25,0,0,0,0,0,0,0,0,0,0,0,0,0,0,-73.5,-15.75,0,0,0,0,0,0,0,0,-86.25,0,0,0,0,0,-59.25,-71.5,-48.75,0,-48.75
44,-5.89,24.26,0,-2.33645833333333,26.5843763888889,-41.6125015,0.556616666666667,0.727991666666667,9.58754211111111,222.222222222222,0,0,0,0,0,0,0,0,0,0,0,-44.3333333333333,0,0,0,0,0,0,0,-78.2222222222222,0,0,0,0,0,0,0,-52.1111111111111,-42.6666666666667,0,0,0,0,-79,0,-73.7777777777778,0,0,0,0,0,0,0,0,0,0,0,0,0,0,0,0,0,0,0,0,0,0,0,0,0,0,0,0,0,0,0,0,0,0,0,0,0,0,0,0,0,0,0,0,0,0,0,0,0,0,0,0,0,0,0,0,0,0,0,0,0,0,0,0,0,0,0,0,0,0,0,0,0,0,0,0,0,0,0,0,0,0,0,0,0,0,0,0,0,0,0,0,0,0,0,0,0,0,-36.5555555555556,-52,0,0,0,0,0,0,0,0,0,0,-59.1111111111111,0,-56.7777777777778,0,-73.8888888888889,0,0,0,0,0,-59.8888888888889,0,0,0,-77.3333333333333,0,0,0,0,0,-53.3333333333333,-73.1111111111111,-72,0,-57.7777777777778
45,-5.9,25.04,0,-3.68125,26.0892866666667,-41.7901802380952,0.471228571428571,0.584857142857143,9.7935719047619,261.904761904762,0,0,0,0,0,0,0,0,0,0,0,-46.1428571428571,0,0,0,0,0,0,0,-88.4285714285714,0,0,0,0,0,0,0,-53.4285714285714,-40.4761904761905,0,0,0,0,-78,0,-78,0,0,0,0,0,0,0,0,-41,0,0,0,0,0,0,0,0,0,0,0,0,0,0,0,0,0,0,0,0,0,0,0,0,0,0,0,0,0,0,0,0,0,0,0,0,0,0,0,0,0,0,0,0,0,0,0,0,0,0,0,0,0,0,0,0,0,0,0,0,0,0,0,0,0,0,0,0,0,0,0,0,0,0,0,0,0,0,0,0,0,0,0,0,0,0,0,0,0,-38.0476190476191,-60.4285714285714,0,0,0,0,0,0,0,0,0,0,-61.5238095238095,0,-65.1428571428571,0,-77.0476190476191,0,0,0,0,0,-76.6190476190476,0,0,0,-84.1428571428571,0,0,0,0,0,-48.5714285714286,-75.0952380952381,-75.0952380952381,0,-58.3333333333333
46,-5.91999999999999,25.78,0,-4.73190789473684,25.846383,-40.4023044210526,0.556531578947368,0.310002631578947,9.70447947368421,121.052631578947,0,0,0,0,0,0,0,0,0,0,0,-51,0,0,0,0,0,0,0,-80.5263157894737,0,0,0,0,0,0,0,-56.8947368421053,-49.2105263157895,0,0,0,0,-76.1052631578947,0,-69.7894736842105,0,0,0,0,0,0,0,0,-36.6842105263158,0,0,0,0,0,0,0,0,0,0,0,0,0,0,0,0,0,0,0,0,0,0,0,0,0,0,0,0,0,0,0,0,0,0,0,0,0,0,0,0,0,0,0,0,0,0,-53.0526315789474,0,0,0,0,0,0,0,0,0,0,0,0,0,0,0,0,0,0,0,0,0,0,0,0,0,0,0,0,0,0,0,0,0,0,0,0,0,0,0,0,0,0,-42.0526315789474,-58.2105263157895,0,0,0,0,0,0,0,0,0,0,-68,0,-64.4210526315789,0,-77.8947368421053,0,0,0,0,0,-66.2105263157895,0,0,0,-83.2105263157895,0,0,0,0,0,-22.1052631578947,-73.6315789473684,-65.3157894736842,0,-57.2631578947368
47,-5.93,26.54,0,-1.265625,25.543360125,-40.314845375,0.774740625,0.395071875,9.8453815,375,0,0,0,0,0,0,0,0,0,0,0,-7.125,0,0,0,0,0,0,0,-88.5,0,0,0,0,0,0,0,-57.75,-49,0,0,0,-16.25,-72.25,0,-58.5,0,0,0,0,0,0,0,0,-30.75,0,0,0,0,0,0,0,0,0,0,0,0,0,0,0,0,0,0,0,0,0,0,0,0,0,0,0,0,0,0,0,0,0,0,0,0,0,0,0,0,0,0,0,0,0,0,-84.5,0,0,0,0,0,0,0,0,0,0,0,0,0,0,0,0,0,0,0,0,0,0,0,0,0,0,0,0,0,0,0,0,0,0,0,0,0,0,0,0,0,0,-5.875,-69,0,-14.25,0,0,0,0,0,0,0,0,-9.5,0,-49.5,0,-77.5,-55.5,0,0,0,0,-57,0,0,0,-69.75,0,0,0,0,0,-50.25,-73.5,-54.75,0,-48
48,-5.94999999999999,27.28,0,-2.28256578947368,26.1799355263158,-39.1726985789474,0.7449,-0.0110368421052632,9.920274,105.263157894737,0,0,0,0,0,0,0,0,0,0,0,-31.7368421052632,0,0,0,0,0,0,0,-93.4736842105263,0,0,0,0,0,0,0,-56.0526315789474,-50.5789473684211,0,0,0,-58.1578947368421,-72.5263157894737,0,-75.1578947368421,0,0,0,0,0,0,0,0,-21.5789473684211,0,0,0,0,0,0,0,0,0,0,0,0,0,0,0,0,0,0,0,0,0,0,0,0,0,0,0,0,0,0,0,0,0,0,0,0,0,0,0,0,0,0,0,0,0,0,-76.9473684210526,0,0,0,0,0,0,0,0,0,0,0,0,0,0,0,0,0,0,0,0,0,0,0,0,0,0,0,0,0,0,0,0,-45,0,0,0,0,0,0,0,0,0,-28.8947368421053,-68.3684210526316,0,-58.4210526315789,0,0,0,0,0,0,0,0,-36,-35.0526315789474,-59.0526315789474,0,-78.0526315789474,-66.2105263157895,0,0,0,0,-68,0,0,0,0,0,0,0,0,0,-68.4210526315789,-78.3157894736842,-38.4210526315789,0,-33.6842105263158
49,-5.97,28.03,0,-8.12867664705882,26.8411778235294,-39.5514718235294,0.846194117647059,0.0615441176470588,9.66965335294118,64.7058823529412,0,0,0,0,0,0,0,0,0,0,0,-59.1176470588235,0,-45.5294117647059,0,0,0,0,0,-93.4705882352941,0,0,0,0,0,0,0,-57.6470588235294,-49,0,0,0,-57.3529411764706,-70.4117647058823,0,-63.5294117647059,0,0,0,0,0,0,0,0,0,0,0,0,0,0,0,0,0,0,0,0,0,0,0,0,0,0,0,0,0,0,0,0,0,0,0,0,0,0,0,0,0,0,0,0,0,0,0,0,0,0,0,0,0,0,0,-75.8823529411765,0,0,0,0,0,0,0,0,0,0,0,0,0,0,0,0,-50.2941176470588,0,0,0,0,0,0,0,0,0,0,0,0,0,0,0,-83.8235294117647,0,0,0,0,0,0,0,0,0,-53.8235294117647,-72.0588235294118,0,-52.9411764705882,0,0,0,0,0,0,0,0,-67.0588235294118,-65.2941176470588,-58.2352941176471,0,-67.9411764705882,-65.2941176470588,0,0,0,0,-67.0588235294118,0,0,0,0,0,0,0,0,0,-61.7647058823529,-80.9411764705882,0,0,0
50,-6,28.79,0,-8.19479188888889,24.268751,-42.0291685,0.885125,0.393508333333333,9.71883366666667,-100,0,0,0,0,0,0,0,0,0,0,0,-54,0,-66.8888888888889,0,0,0,0,-49.5,-72.3333333333333,0,0,0,0,0,0,0,-63.7222222222222,-53.8888888888889,0,0,0,-50.5555555555556,-72,0,-56,0,0,0,0,0,0,0,0,-33,0,0,0,0,0,0,0,0,0,0,0,0,0,0,0,0,0,0,0,0,0,0,0,0,0,0,0,0,0,0,0,0,0,0,0,0,0,0,0,0,0,0,0,0,0,0,-66.8888888888889,0,0,0,0,0,0,0,0,0,0,0,0,0,0,0,0,-73.8888888888889,0,0,0,0,0,0,0,0,0,0,0,0,0,0,0,-73.8888888888889,0,0,0,0,0,0,0,0,0,-56.7777777777778,-74.0555555555556,0,-46.6666666666667,0,0,0,0,0,0,0,0,-59.1111111111111,-57.5555555555556,-14.6666666666667,0,-82.3333333333333,-16.4444444444444,0,0,0,-37.8888888888889,-60.2777777777778,0,0,0,0,0,0,0,-12.5,0,-65.4444444444444,-79.5,-48.8888888888889,0,0
51,-6,29.52,0,-6.38125,25.7125013333333,-41.4791679444444,0.787508333333333,-0.0397833333333333,9.76940038888889,44.4444444444444,0,0,0,0,0,0,0,0,0,0,0,-56.8888888888889,0,-76.4444444444444,0,0,0,0,-72,-82.6666666666667,0,0,0,0,0,0,0,-65.1666666666667,-58.8333333333333,0,0,0,-23.3333333333333,-72.8888888888889,0,-44,0,0,0,0,0,0,0,0,-48,0,0,0,0,0,0,0,0,0,0,0,0,0,0,0,0,0,0,0,0,0,0,0,0,0,0,0,0,0,0,0,0,0,0,0,0,0,0,0,0,0,0,0,0,0,0,0,0,0,0,0,0,0,0,0,0,0,0,0,0,0,0,0,-84.4444444444444,0,0,0,0,0,0,0,0,0,0,0,0,0,0,0,-58.0555555555556,0,0,0,0,0,0,0,0,0,-49.7777777777778,-73.1666666666667,0,-57.2777777777778,0,0,0,0,0,0,0,0,-46.4444444444444,-45.2222222222222,0,0,-77.3333333333333,0,0,0,0,-55.1111111111111,-63.1111111111111,0,0,0,0,0,0,0,-66.6666666666667,0,-58.6666666666667,-78.1666666666667,-71.1111111111111,0,0
52,-6.02,30.27,0,-6.065625,28.1635428888889,-41.1458348333333,0.796333333333333,-0.357608333333333,9.85987522222222,-133.333333333333,0,0,0,0,0,0,0,0,0,0,0,-49.7777777777778,0,-38.2222222222222,0,0,0,0,-63,-93,0,0,0,0,0,0,0,-68.3333333333333,-58.3333333333333,0,0,0,-46.6666666666667,-67.3333333333333,0,-44.6666666666667,0,0,0,0,0,0,0,0,-58,0,0,0,0,0,0,0,0,0,0,0,0,0,0,0,0,0,0,0,0,0,0,0,0,0,0,0,0,0,0,0,0,0,0,0,0,0,0,0,0,0,0,0,0,0,0,0,0,0,0,0,0,0,0,0,0,0,0,0,0,0,0,0,-42.2222222222222,0,0,0,0,0,0,0,0,0,0,0,0,0,0,0,0,0,0,0,0,0,0,0,0,0,-43.5555555555556,-77,0,-41.2222222222222,0,0,0,0,0,0,0,0,0,0,0,0,-86.3333333333333,0,0,0,0,-48.2222222222222,-69.6666666666667,0,0,0,0,0,0,0,-69.6666666666667,0,-51.3333333333333,-77.3333333333333,-77.3333333333333,0,0
53,-6.03,31,0,-6.62031258333333,25.1546885416667,-39.9000017916667,0.649275,0.01045625,9.836663,-229.166666666667,0,0,0,0,0,0,0,0,0,0,0,-59.7083333333333,0,0,0,0,0,0,-16.875,-78.2083333333333,0,0,0,0,0,0,0,-69,-44.25,0,0,0,-50.9166666666667,-60.5833333333333,0,-50.875,0,0,0,0,0,0,0,0,-50.7083333333333,0,0,0,0,0,0,0,0,0,0,0,0,0,0,0,0,0,0,0,0,0,0,0,0,0,0,0,0,0,0,0,0,0,0,0,0,0,0,0,0,0,0,0,0,0,0,0,0,0,0,0,0,0,0,0,0,0,0,0,0,0,0,0,0,0,0,0,0,0,0,0,0,0,0,0,0,0,0,-60.9166666666667,0,0,0,0,0,0,0,0,0,0,-35,-77.125,0,-39.75,0,0,0,0,0,0,0,0,0,0,-18.6666666666667,0,-88.9166666666667,0,0,0,0,-12.9166666666667,-53.9583333333333,0,0,0,0,0,0,0,-50.25,0,-41.25,-80.6666666666667,-57,0,0
54,-6.04,31.72,0,-11.1708338888889,25.0875013888889,-37.6177097777778,0.780458333333333,0.000450000000000024,10.0812337222222,-77.7777777777778,0,0,0,0,0,0,0,0,0,0,0,-64.8888888888889,0,0,0,0,0,0,0,-83.5555555555556,0,0,0,0,0,0,0,-72.6666666666667,-61.7777777777778,0,0,0,-40.8888888888889,-59.5555555555556,0,-53.3333333333333,0,0,0,0,0,0,0,0,-54.2222222222222,0,0,0,0,0,0,0,0,0,0,0,0,0,0,0,0,0,0,0,0,0,0,0,0,0,0,0,0,0,0,0,0,0,0,0,0,0,0,0,0,0,0,0,0,0,0,0,0,0,0,0,0,0,0,0,0,0,0,0,0,0,0,0,0,0,0,0,0,0,0,0,0,0,0,0,0,0,0,-76.4444444444444,0,0,0,0,0,0,0,0,0,0,-36.6666666666667,-77,0,-23.5555555555556,0,0,0,0,0,0,0,0,0,0,-61.7777777777778,0,-80,0,0,0,0,0,-65.1111111111111,0,0,0,0,0,0,0,-59.5555555555556,0,0,-81.3333333333333,-80.4444444444444,0,0
55,-6.06,32.45,0,-10.9848217142857,22.6714292857143,-36.0571442857143,0.692421428571429,-0.015,9.71581485714286,128.571428571429,0,0,0,0,0,0,0,0,0,0,0,-66.0476190476191,0,0,0,0,0,0,0,-85.0476190476191,0,0,0,0,0,0,0,-75.4285714285714,-61.8571428571429,0,0,0,-49.5714285714286,-60,0,-59.2857142857143,0,0,0,0,0,0,0,0,-55.1904761904762,0,0,0,0,0,0,0,0,0,0,0,0,0,0,0,0,0,0,0,0,0,0,0,0,0,0,0,0,0,0,0,0,0,0,0,0,0,0,0,0,0,0,0,0,0,0,0,0,0,0,0,0,0,0,0,0,0,0,0,0,0,0,0,0,0,0,0,0,0,0,0,0,0,0,0,0,0,0,-89.5714285714286,0,0,0,0,0,0,0,0,0,0,-59.7142857142857,-79.8571428571429,0,0,0,0,0,0,0,0,0,0,0,-45,-60.7142857142857,0,-81.4285714285714,0,0,0,0,0,-61,0,0,0,0,0,0,0,-19.1428571428571,-50,0,-81.8571428571429,-82.5714285714286,0,0
56,-6.09,33.19,0,-6.4133152173913,20.8565223913043,-36.6016314782609,0.694428260869565,0.198554347826087,9.884094,139.130434782609,0,0,0,0,0,0,0,0,0,0,-21.6086956521739,-71.3913043478261,0,0,0,0,0,0,-71.2173913043478,-28,0,0,0,0,0,-37.4347826086956,0,-73.0434782608696,-45.0869565217391,0,0,0,-41.8260869565217,-58,-43.8260869565217,-43.6086956521739,0,0,0,0,0,0,0,0,-67,0,0,0,0,0,0,0,0,0,0,0,0,0,0,0,0,0,0,0,0,0,0,0,0,0,0,0,0,0,0,0,0,0,0,0,0,0,0,0,0,0,0,0,0,0,0,0,0,0,0,0,0,0,0,0,0,0,0,0,0,0,0,0,0,0,0,0,0,0,0,0,0,0,0,0,0,0,0,-67.2608695652174,0,0,0,0,0,0,0,0,0,0,-55.7391304347826,-82.2173913043478,0,-55.695652173913,0,0,0,0,0,0,0,0,-66.9130434782609,-61.9130434782609,-60.695652173913,0,-39.1304347826087,0,0,0,0,0,-60.304347826087,0,0,0,0,0,0,0,-57.5217391304348,-64.8260869565217,0,-88.3913043478261,-81.2608695652174,0,0
57,-6.1,33.84,0,-6.095,22.973751,-38.4175016,0.54101,0.37602,10.0333402,333.333333333333,0,0,0,0,0,0,0,0,0,0,-52.0666666666667,-51.3333333333333,0,0,0,0,0,0,-57.2,-67.4666666666667,0,0,0,0,0,-30.0666666666667,0,-83.6,-62.8,0,0,0,-36.6666666666667,-62.8,-35.2,-43.2666666666667,0,0,0,0,0,0,0,0,-49.1333333333333,0,0,0,0,0,0,0,0,0,0,0,0,0,0,0,0,0,0,0,0,0,0,0,0,0,0,0,0,0,0,0,0,0,0,0,0,0,0,0,0,0,0,0,0,0,0,0,0,0,0,0,0,0,0,0,0,0,0,0,0,0,0,0,0,0,0,0,0,0,0,0,0,0,0,0,0,0,0,-66.7333333333333,0,0,0,0,-52.8,0,0,0,0,0,-51.3333333333333,-83.2,0,-44.7333333333333,0,0,0,0,0,0,0,0,-69,-62.8,-64.8,0,0,0,0,0,0,0,-44.7333333333333,0,0,0,0,0,0,0,-46.2,-52.0666666666667,0,-87.6,-65.2666666666667,0,0
58,-6.13,34.58,0,-4.51875,30.2590919090909,-36.270172,0.476734090909091,-0.167809090909091,9.81516168181818,218.181818181818,0,0,0,0,0,0,0,0,0,0,-63,-63.6363636363636,0,0,0,0,0,0,-70.9090909090909,-83.6363636363636,0,0,0,0,0,-37.2727272727273,0,-82.3636363636364,-58.1818181818182,0,0,0,-49.2727272727273,-63.8181818181818,-39.2727272727273,-16.0909090909091,0,0,0,0,0,0,0,0,-60.9090909090909,0,0,0,0,0,0,0,0,0,0,0,0,0,0,0,0,0,0,0,0,0,0,0,0,0,0,0,0,0,0,0,0,0,0,0,0,0,0,0,0,0,0,0,0,0,0,0,0,0,0,0,0,0,0,0,0,0,0,0,0,0,0,0,0,0,0,0,0,0,0,0,0,0,0,0,0,0,0,-24.8181818181818,0,0,0,0,-80,0,0,0,0,0,-63.6363636363636,-84.1818181818182,0,-49.9090909090909,0,0,0,0,0,0,0,0,-63.1818181818182,-64.9090909090909,-66.5454545454545,0,0,0,0,0,0,0,-55.4545454545455,0,0,0,0,0,0,0,-63,-64.5454545454545,0,-88.7272727272727,-72.8181818181818,0,0
59,-6.14,35.32,0,-4.54903846153846,34.9413479230769,-34.1971174615385,0.226684615384615,0.02685,9.67768869230769,-38.4615384615385,0,0,0,0,0,0,0,0,0,0,-50.7692307692308,-59.2307692307692,0,0,0,0,0,0,-6,-77.8461538461538,0,0,0,0,0,-3.15384615384615,0,-85.6153846153846,-54.1538461538462,0,0,0,-41.4615384615385,-63,0,0,0,0,0,0,0,0,0,0,-56.6923076923077,0,0,0,0,0,0,0,0,0,0,0,0,0,0,0,0,0,0,0,0,0,0,0,0,0,0,0,0,0,0,0,0,0,0,0,0,0,0,0,0,0,0,0,0,0,0,0,0,0,0,0,0,0,0,0,0,0,0,0,0,0,0,0,0,0,0,0,0,0,0,0,0,0,0,0,0,0,0,0,0,0,0,0,-74.4615384615385,0,0,0,0,0,-59.2307692307692,-87.7692307692308,0,0,0,0,0,0,0,0,0,0,-61,-66.9230769230769,-58.6153846153846,0,0,0,0,0,0,0,-51.6153846153846,0,0,0,0,0,0,0,-70.3846153846154,-5.46153846153846,0,-89.9230769230769,0,0,0
60,-6.18,36.04,0,-3.20192307692308,31.287982,-39.615867,-0.206688461538462,0.826003846153846,9.73153923076923,46.1538461538462,0,0,0,0,0,0,0,0,0,0,-59.1538461538462,-10.7692307692308,0,-80.3846153846154,0,0,0,0,0,-14.1538461538462,0,0,0,0,0,-33,0,-87.6923076923077,-64,0,0,0,-48.1538461538462,-63.8461538461538,0,-54.1538461538462,0,0,0,0,0,0,0,0,0,0,0,0,0,0,0,0,0,0,0,0,0,0,0,0,0,0,0,0,0,0,0,0,0,0,0,0,0,0,0,0,0,0,0,0,0,0,0,0,0,0,0,0,0,0,0,0,0,0,0,0,0,0,0,0,0,0,0,0,0,0,0,0,0,0,0,0,0,0,0,0,0,0,0,0,0,0,0,-79.5384615384615,0,0,0,0,-88,0,0,0,0,0,-10.7692307692308,-86.3076923076923,0,0,0,0,0,0,0,0,0,0,-63.5384615384615,-65.3076923076923,-60.5384615384615,0,0,0,0,0,0,0,0,0,0,0,0,0,0,0,-70.1538461538462,0,0,-88.3076923076923,0,0,0
61,-6.23,36.81,0,-0.443181818181818,28.3176147272727,-39.4397744545455,-0.0401863636363636,0.478077272727273,9.80698690909091,90.9090909090909,0,0,0,0,0,0,0,0,0,0,-48.2727272727273,0,0,-77.7272727272727,0,0,0,0,0,0,0,0,0,0,0,-43.5454545454545,0,-87.0909090909091,-5.81818181818182,0,0,0,-49.8181818181818,-65.8181818181818,-44.5454545454545,-52.3636363636364,0,0,0,0,0,0,0,0,0,0,0,0,0,0,0,0,0,0,0,0,0,0,0,0,0,0,0,0,0,0,0,0,0,0,0,0,0,0,0,0,0,0,0,0,0,0,0,0,0,0,0,0,0,0,0,0,0,0,0,0,0,0,0,0,0,0,0,0,0,0,0,0,0,0,0,0,0,0,0,0,0,0,0,0,0,0,0,-76.9090909090909,0,0,0,0,-8,0,0,0,0,0,0,-87.8181818181818,0,0,0,0,0,0,0,0,0,0,-68.5454545454545,-64.0909090909091,-62.8181818181818,0,0,0,0,0,0,0,0,0,0,0,0,0,0,0,-74.5454545454545,0,0,-72,0,0,0
62,-6.22,37.08,0,-31.0572125384615,-3.54663461538461,-34.58654,-0.0933807692307692,0.602007692307692,10.1032967692308,123.076923076923,0,0,0,0,0,0,0,0,0,0,-49.9230769230769,0,0,-80.3846153846154,0,0,0,0,0,0,0,0,0,0,0,-37.2307692307692,0,-89.3076923076923,0,0,0,0,-57.6923076923077,-70.6153846153846,-41.4615384615385,-54.1538461538462,0,0,0,0,0,0,0,0,0,0,0,0,0,0,0,0,0,0,0,0,0,0,0,0,0,0,0,0,0,0,0,0,0,0,0,0,0,0,0,0,0,0,0,0,0,0,0,0,0,0,0,0,0,0,0,0,0,0,0,0,0,0,0,0,0,0,0,0,0,0,0,0,0,0,0,0,0,0,0,-70,0,0,0,0,0,0,0,-79.5384615384615,0,0,0,0,0,0,0,0,0,0,0,-85.6923076923077,0,0,0,0,0,0,0,0,0,0,-58.3846153846154,-67.0769230769231,-65.3076923076923,0,0,0,0,0,0,0,-53.8461538461538,0,0,0,0,0,0,0,-75,0,0,-89.5384615384615,-69.2307692307692,0,-56.9230769230769
63,-5.41,37.12,0,-29.4951935384615,9.44855792307692,-34.2086556153846,0.0480923076923077,0.275238461538462,9.81401592307692,-61.5384615384615,0,0,0,0,0,0,0,0,0,0,-49.9230769230769,0,0,-80.3846153846154,0,0,0,0,0,0,0,0,0,0,0,-37.2307692307692,0,-88.1538461538462,-44.9230769230769,0,0,0,-50.7692307692308,-70.1538461538462,-41.4615384615385,-67.0769230769231,0,0,0,0,0,0,0,0,-43.0769230769231,0,0,0,0,0,0,0,0,0,0,0,0,0,0,0,0,0,0,0,0,0,0,0,0,0,0,0,0,0,0,0,0,0,0,0,0,0,0,0,0,0,0,0,0,0,0,0,0,0,0,0,0,0,0,0,0,0,0,0,0,0,0,0,0,0,0,0,0,0,0,-77,0,0,0,0,0,0,0,-79.5384615384615,0,0,0,0,0,0,0,0,0,0,-41.8461538461538,-86.8461538461538,0,0,0,0,0,0,0,0,0,0,-58.3846153846154,-57.5384615384615,-65.3846153846154,0,0,0,0,0,0,-44.3076923076923,-59.2307692307692,0,0,0,0,0,0,0,-63.4615384615385,0,0,-89.3846153846154,-90,0,-62.6153846153846
64,-4.64,37.14,0,-27.375988,-7.68157921052632,-35.9328969473684,-0.685113157894737,-0.217421052631579,9.87726378947368,-78.9473684210526,0,0,0,0,0,0,0,0,0,0,-15.5263157894737,0,0,-25,0,0,0,0,0,0,0,0,0,0,0,-39.3684210526316,0,-81.1052631578947,-65.3157894736842,0,0,0,-53.6842105263158,-69.8421052631579,-51.5263157894737,-61.7368421052632,0,0,0,0,0,0,0,0,-62.6315789473684,0,0,0,0,0,0,0,0,0,0,0,0,0,0,0,0,0,0,0,0,0,0,0,0,0,0,0,0,0,0,0,0,0,0,0,0,0,0,0,0,0,0,0,0,0,0,0,0,0,0,0,0,0,0,0,0,0,0,0,0,0,0,0,0,0,0,0,0,0,0,-81.4210526315789,0,0,0,0,0,0,0,-24.7368421052632,0,0,0,0,0,0,0,0,0,0,-60.8421052631579,-81.2631578947368,0,0,0,0,0,0,0,0,0,0,-61.7368421052632,-67.1578947368421,-58.1578947368421,0,0,0,0,0,0,-64.4210526315789,-62.6315789473684,0,0,0,0,0,0,0,-67.1052631578947,0,0,-83.1052631578947,-80.5263157894737,0,-66.2105263157895
65,-3.84,37.17,0,-30.6253691764706,-7.07647058823529,-35.4099281176471,-0.497241176470588,0.776752941176471,9.52629758823529,17.6470588235294,0,0,0,0,0,0,0,0,0,0,0,0,0,0,-10.7058823529412,-11.2941176470588,0,0,0,0,-11.1764705882353,0,0,0,0,-2.58823529411765,0,-72.1176470588235,-55.8235294117647,0,0,0,-68.2352941176471,-86.4705882352941,-68.2352941176471,-75.7058823529412,0,0,0,0,0,0,0,0,-53.5294117647059,0,0,0,0,0,0,0,0,0,0,0,0,0,0,0,0,0,0,0,0,0,0,0,0,0,0,0,0,0,0,0,0,0,0,0,0,0,0,-10.5882352941176,0,0,0,0,0,0,0,0,0,0,0,0,0,0,0,0,0,0,0,0,0,0,0,0,0,0,0,0,0,0,0,-69.5882352941177,0,0,0,0,0,0,0,0,0,0,0,0,0,-75.7647058823529,0,0,0,0,-52,-61.1764705882353,0,0,0,0,0,0,0,0,0,0,-14.2941176470588,-51.2352941176471,-49.7058823529412,0,0,0,0,0,0,-55.0588235294118,-53.5294117647059,0,0,0,0,0,0,0,-57.3529411764706,0,0,-62.7058823529412,-68.8235294117647,0,-56.5882352941176
66,-3.05,37.22,0,-29.8208346666667,-5.15000005555556,-35.2343768333333,-0.345141666666667,0.412275,9.66057533333333,133.333333333333,0,0,0,0,0,0,0,0,0,0,0,0,0,0,-80.8888888888889,-94.6111111111111,0,0,0,0,-93.8888888888889,0,0,0,0,0,0,-92.4444444444444,-52.7222222222222,0,0,0,-68.1111111111111,-90.1666666666667,-71.2777777777778,-77.3333333333333,0,0,0,0,0,0,0,0,-50.5555555555556,0,0,0,0,0,0,0,0,0,0,0,0,0,0,0,0,0,0,0,0,0,0,0,0,0,0,0,0,0,0,0,0,0,0,0,0,0,0,-90.8333333333333,0,0,0,0,0,0,0,0,0,0,0,0,0,0,0,0,0,0,0,0,0,0,0,0,0,0,0,0,0,0,0,0,0,0,0,0,0,0,0,0,0,0,0,0,0,-81.7777777777778,0,0,0,0,-49.1111111111111,-71.1111111111111,0,0,0,0,0,0,0,0,0,0,-87.2777777777778,-71.7222222222222,-71.9444444444444,0,0,0,0,0,0,-52,0,0,0,0,0,0,0,0,-24.1666666666667,0,0,-72.8888888888889,-65,0,0
67,-2.28,37.22,0,-31.178439,-1.93875,-34.45031365,0.024405,-0.06486,9.8985531,-280,0,0,0,0,0,0,0,0,0,0,0,0,0,0,-72.8,-72.8,0,0,0,0,-72.8,0,0,0,0,0,0,-92.8,-43.8,0,0,0,-76.4,-90.4,-57.6,-90,0,0,0,0,0,0,0,0,0,0,0,0,0,0,0,0,0,0,0,0,0,0,0,0,0,0,0,0,0,0,0,0,0,0,0,0,0,0,0,0,0,0,0,0,0,0,0,-74.4,0,0,0,0,0,0,0,0,0,0,0,0,0,0,0,0,0,0,0,0,0,0,0,0,0,0,0,0,0,0,0,0,0,0,0,0,0,0,0,0,0,0,0,0,0,-92,0,0,0,0,0,-24,0,0,0,0,0,0,0,0,0,0,-70.4,-67.2,-72,0,0,0,0,0,0,0,0,0,0,0,0,0,0,0,-69.6,0,0,-24.6,0,0,0
68,-1.55,37.22,0,-31.678126,-0.2859375,-34.8878925625,0.01794375,-0.383559375,9.9514315625,-287.5,0,0,0,0,0,0,0,0,0,0,0,0,0,0,-79.625,-94.25,0,0,0,0,-79.625,0,0,0,0,0,0,-92.375,-71.375,0,0,0,-70,-92.8125,-63,-92.8125,0,0,0,0,0,0,0,0,-56.875,0,0,0,0,0,0,0,0,0,0,0,0,0,0,0,0,0,0,0,0,0,0,0,0,0,0,0,0,0,0,0,0,0,0,0,0,0,0,-92.1875,0,0,0,0,0,0,0,0,0,0,0,0,0,0,0,0,0,0,0,0,0,0,0,0,0,0,0,0,0,0,0,0,0,0,0,0,0,0,0,0,0,0,0,0,0,-80.5,0,0,0,0,0,0,0,0,0,0,0,0,0,0,0,0,-77,-86.4375,-78.75,0,0,0,0,0,0,0,0,0,0,0,0,0,0,0,-76.125,0,0,0,0,0,0
69,-0.769999999999996,37.2,0,-31.03687595,-0.4809375,-35.54437655,0.2289375,-0.25497,9.76335795,-320,0,0,0,0,0,0,0,0,0,0,-5.5,0,0,0,0,-66.5,0,-9.4,0,0,-85.5,0,-9.3,0,0,-6.1,0,-91.3,-65.7,0,0,0,-77.6,-93.7,-74.8,-65.1,0,0,0,0,0,0,0,0,-49,0,0,0,0,0,0,0,0,0,0,0,0,0,0,0,0,0,0,0,0,0,0,0,0,0,0,0,0,0,0,0,0,0,0,0,0,0,0,-73.8,0,0,0,0,0,0,0,0,0,0,0,0,0,0,0,0,0,0,0,0,0,0,0,0,0,0,0,0,0,0,-8.4,0,0,0,0,0,0,0,0,0,0,0,0,0,0,-64.4,0,0,0,0,0,0,0,0,0,0,0,0,0,0,0,0,-61.6,-60.9,-63,0,0,0,0,0,0,-4.3,0,0,0,0,0,0,0,0,-82.8,0,0,0,0,0,0
70,-0.0700000000000003,37.23,0,-30.4010430555556,-0.439583333333333,-36.6656269444444,0.143333333333333,-0.253275,9.76982566666667,-200,0,0,0,0,0,0,0,0,0,0,-48.8888888888889,0,0,0,0,-84.4444444444444,0,-83.5555555555556,0,0,-84.4444444444444,-32,-82.6666666666667,0,0,-54.2222222222222,0,-93,-73.3333333333333,0,0,0,-65.7777777777778,-91.6666666666667,-64.8888888888889,-82.6666666666667,0,0,0,0,0,0,0,0,-62.2222222222222,0,0,0,0,0,0,0,0,0,0,0,0,0,0,0,0,0,0,0,0,0,0,0,0,0,0,0,0,0,0,0,0,0,0,0,0,0,0,-83.5555555555556,0,0,0,0,0,0,0,0,0,0,0,0,0,0,0,0,0,0,0,0,0,0,0,0,0,0,0,0,0,0,-74.6666666666667,0,0,0,0,0,0,0,0,0,0,0,0,0,0,-61.3333333333333,0,0,0,0,0,0,0,0,0,0,0,0,0,0,0,0,0,-77.3333333333333,-28,0,0,0,0,0,0,-38.2222222222222,0,0,0,0,0,0,0,0,-81.7777777777778,0,0,0,0,0,0
71,0.620000000000005,37.25,0,-27.72773575,-0.9550780625,-39.058595,-0.660825,-0.180253125,9.74237875,-137.5,0,0,0,0,0,0,0,0,0,0,-51.5625,0,0,0,-56.875,-35.625,0,-88.125,0,0,-89.0625,-90,-87.1875,0,0,-57.1875,0,-89.125,-72.75,0,0,0,-72.75,-94.25,-68.4375,-34.875,0,0,0,0,0,0,0,0,-26.25,0,0,0,0,0,0,0,0,0,0,0,0,0,0,0,0,0,0,0,0,0,0,0,0,0,0,0,0,0,0,0,0,0,0,0,0,0,0,-93.375,0,0,0,0,0,0,0,0,0,0,0,0,0,0,0,0,0,0,0,0,0,0,0,0,0,0,0,0,0,0,-78.75,0,0,0,0,0,0,0,0,0,0,0,0,0,0,0,0,0,0,0,0,0,0,0,0,0,0,0,0,0,0,0,0,-32.625,-85.875,0,0,0,0,0,0,-40.3125,0,0,0,0,0,0,0,0,-86.25,0,0,0,0,0,0
72,0.68,37.13,0,18.1125003333333,25.8937506666667,-37.831252,-0.72465,-0.76305,9.3157,-133.333333333333,0,0,0,0,0,0,0,0,0,0,-55,0,0,0,-91,0,0,-94,0,0,-95,-96,-93,0,0,-61,0,-88,-72,0,0,0,-72,-95,-73,0,0,0,0,0,0,0,0,0,0,0,0,0,0,0,0,0,0,0,0,0,0,0,0,0,0,0,0,0,0,0,0,0,0,0,0,0,0,0,0,0,0,0,0,0,0,0,0,-93,0,0,0,0,0,0,0,0,0,0,0,0,0,0,0,0,0,0,0,0,0,0,0,0,0,0,0,0,0,0,-84,0,0,0,0,0,0,0,0,0,0,0,0,0,0,0,0,0,0,0,0,0,0,0,0,0,0,0,0,0,0,0,0,0,-87,0,0,0,0,0,0,-43,0,0,0,0,0,0,0,0,-92,0,0,0,0,0,0
73,0.760000000000005,37.32,0,32.7272743636364,1.24772727272727,-38.9250013636364,-0.307363636363636,-0.0114681818181818,9.82354145454545,-481.818181818182,0,0,0,0,0,0,0,0,0,0,-45,0,0,0,-74.4545454545455,0,0,-94,0,0,0,-78.5454545454545,-94,0,0,-49.9090909090909,0,-94,-73,0,0,0,-58.9090909090909,-91,-59.7272727272727,0,0,0,0,0,0,0,0,0,0,0,0,0,0,0,0,0,0,0,0,0,0,0,0,0,0,0,0,0,0,0,0,0,0,0,0,0,0,0,0,0,0,0,0,0,0,0,0,-76.0909090909091,0,0,0,0,0,0,0,0,0,0,0,0,0,0,0,0,0,0,0,0,0,0,0,0,0,0,0,0,0,0,-68.7272727272727,0,0,-95,0,0,0,0,0,0,0,0,0,0,0,0,0,0,0,0,0,0,0,0,0,0,0,0,0,0,0,0,0,0,-71.1818181818182,0,0,0,0,0,0,-35.1818181818182,0,0,0,0,0,0,0,0,0,0,0,0,0,0,0
74,0.0200000000000031,37.35,0,32.0519545,2.178515625,-39.491017375,-0.052959375,-0.029803125,9.958800625,-300,0,0,0,0,0,0,0,0,0,0,-19.4375,0,0,0,-68.25,0,0,-70.5,0,0,0,-72,-70.5,0,0,-52,0,-91.8125,-54.75,0,0,0,-67.3125,-89.6875,0,0,0,0,0,0,0,0,0,0,0,0,0,0,0,0,0,0,0,0,0,0,0,0,0,0,0,0,0,0,0,0,0,0,0,0,-76.375,0,0,0,0,0,0,0,0,0,0,0,0,-69.75,0,0,0,0,0,0,0,0,0,0,0,0,0,0,0,0,0,0,0,0,0,0,0,0,0,0,0,0,0,0,-10.5,0,0,-71.25,0,0,0,0,0,0,0,0,0,0,0,0,0,0,0,0,0,0,0,0,0,0,0,0,0,0,0,0,0,0,-81.375,0,0,0,0,0,0,-5.375,0,0,0,0,0,0,0,0,0,0,0,0,0,0,0
75,-0.719999999999999,37.37,0,33.4276799523809,0.375892857142857,-38.3080371904762,-0.184414285714286,-0.165235714285714,9.86195038095238,-390.47619047619,0,0,0,0,0,0,0,0,0,0,-60.6190476190476,0,0,0,-60.6666666666667,0,0,-85.0476190476191,0,0,0,-9.14285714285714,-85.0476190476191,0,0,-57.9047619047619,0,-90.5714285714286,-66.0476190476191,0,0,0,-64.2380952380952,-83.1428571428571,0,0,0,0,0,0,0,0,0,0,0,0,0,0,0,0,0,0,0,0,0,0,0,0,0,0,0,0,0,0,0,0,0,0,0,0,-93.5714285714286,0,0,0,0,0,0,0,0,0,0,0,0,-94.2857142857143,0,0,0,0,0,0,0,0,0,0,0,0,0,0,0,0,0,0,0,0,0,0,0,0,0,0,0,0,0,0,0,0,0,-85.9523809523809,0,0,0,0,0,0,0,0,0,0,0,0,0,0,0,0,0,0,0,0,0,0,0,0,0,0,0,0,0,-34.2857142857143,-77.8095238095238,0,0,0,0,0,0,0,0,0,0,0,0,0,0,0,0,0,0,0,0,0,0
76,-1.41,37.35,0,31.3392867142857,2.33214285714286,-39.4062515238095,0.313957142857143,-0.301514285714286,9.83057204761905,-209.52380952381,0,0,0,0,0,0,0,0,0,0,-54.2380952380952,0,0,0,0,0,0,-22.3809523809524,0,0,0,0,-22.3809523809524,0,0,-51.8095238095238,0,-92.5714285714286,-17.3809523809524,0,0,0,-71,-81.1428571428571,0,-69.4285714285714,0,0,0,0,0,0,0,0,0,0,0,0,0,0,0,0,0,0,0,0,0,0,0,0,0,0,0,0,0,0,0,0,0,0,-75.2857142857143,0,0,0,0,0,0,0,0,0,0,0,0,-77.7142857142857,0,0,0,0,0,0,0,0,0,0,0,0,0,0,0,0,0,0,0,0,0,0,0,0,0,0,0,0,0,0,0,-81.4285714285714,0,-22.6190476190476,0,0,0,0,0,0,0,0,0,0,0,-79.7142857142857,0,0,0,0,0,0,0,0,0,0,0,0,0,0,0,0,0,-81.7142857142857,-80,0,0,0,0,0,0,0,0,0,0,0,0,0,0,0,0,-78,0,0,0,0,0
77,-2.13,37.37,0,31.9210236818182,4.14460227272727,-38.5218767272727,0.240361363636364,-0.548768181818182,9.74290972727273,-50,0,0,0,0,0,0,0,0,0,0,-27.4090909090909,0,0,0,0,0,0,0,0,0,0,0,0,0,0,0,0,-92,0,0,0,0,-61.3636363636364,-75.0909090909091,0,-62.5909090909091,0,0,0,0,-50.7272727272727,0,0,0,0,0,0,0,0,0,0,0,0,0,0,0,0,0,0,0,0,0,0,0,0,0,0,0,0,0,-94,0,0,0,0,0,0,0,0,0,0,0,0,-89.4545454545455,0,0,0,0,0,0,0,0,0,0,0,0,0,0,0,0,-50.7272727272727,0,0,0,0,0,0,0,0,0,0,0,0,0,0,-73.4090909090909,0,0,0,0,0,0,0,0,0,0,0,0,0,-71.8636363636364,0,0,0,0,-67.9090909090909,0,0,0,0,0,0,0,0,0,0,0,-84.0909090909091,-78.0909090909091,-74.3181818181818,0,0,0,0,0,0,0,0,-76.0909090909091,0,0,0,0,0,0,-88.3636363636364,-70.3181818181818,0,0,0,0,0
78,-2.81,37.37,0,32.9031263333333,4.92604172222222,-37.5697930555556,0.0905583333333334,-0.787775,9.90185872222222,-105.555555555556,0,0,0,0,0,0,0,0,0,0,0,0,0,0,0,0,0,0,0,0,0,0,0,0,0,0,0,-81.8888888888889,-59.1111111111111,0,0,0,-66,-75.2777777777778,-3.66666666666667,-67.5,0,0,0,0,-77.5,0,0,0,-59.8888888888889,0,0,0,0,0,0,0,0,0,0,0,0,0,0,0,0,0,0,0,0,0,0,0,0,0,-78.3333333333333,0,0,0,0,0,0,0,0,0,0,0,0,-76.6666666666667,0,0,0,0,0,0,0,0,0,0,0,0,0,0,0,0,-77.5,0,0,0,0,0,0,0,0,0,0,0,0,0,0,-88.9444444444444,0,0,0,0,0,0,0,0,0,0,0,0,0,-77.5,0,0,0,0,-69.1666666666667,0,0,0,0,0,0,0,0,0,0,0,-77.1666666666667,-65.8333333333333,-68.4444444444444,0,0,0,0,0,0,0,0,-85.5,0,0,0,0,0,0,-77.3888888888889,-75.8333333333333,0,0,0,0,0
79,-3.53,37.37,0,30.8790452941177,9.02977952941176,-36.8845605882353,0.0417617647058824,-0.543485294117647,9.85669441176471,-294.117647058824,0,0,0,0,0,0,0,0,0,0,0,0,0,0,0,0,0,0,0,0,0,0,0,0,0,0,0,-82.9411764705882,-58.1176470588235,0,0,0,-55.5882352941176,-75.9411764705882,-58.2352941176471,0,0,0,0,0,-81.3529411764706,0,0,0,-58.8823529411765,0,0,0,0,0,0,0,0,0,0,0,0,0,0,0,0,0,0,0,0,0,0,0,0,0,-71.8823529411765,0,0,0,0,0,0,0,0,0,0,0,0,-70.3529411764706,0,0,0,0,0,0,0,0,0,0,0,0,0,0,0,0,-71.1176470588235,0,0,0,0,0,0,0,0,0,0,0,0,0,0,-71.8823529411765,0,0,0,0,0,0,0,0,0,0,0,0,0,0,0,0,0,0,-58.5882352941176,0,0,0,0,0,0,0,0,0,0,0,-70.9411764705882,-60.4117647058824,-77,0,0,0,0,0,0,0,0,-68.8235294117647,0,0,0,0,0,0,-86.5882352941177,0,0,0,0,0,0
80,-3.98999999999999,37.37,0,26.5984388333333,15.54375075,-36.6187513333333,0.2479,-0.479425,9.78593791666667,-600,0,0,0,0,0,0,0,0,0,0,0,0,0,0,0,0,0,0,0,0,0,0,0,0,0,0,0,-94,-76.6666666666667,0,0,0,-52.5,-71.6666666666667,-55,0,0,0,-15.5,0,-74.1666666666667,0,0,0,-77.5,0,0,0,0,0,0,0,0,0,0,0,0,0,0,0,0,0,0,0,0,0,0,0,0,0,-78.3333333333333,0,0,0,0,0,0,0,0,0,0,0,0,-76.6666666666667,0,0,0,0,0,0,0,0,0,0,0,0,0,0,0,0,-77.5,0,0,0,0,0,0,0,0,0,0,0,0,0,0,-94,0,0,0,0,0,0,0,0,0,0,0,0,0,0,0,0,0,0,0,0,0,0,0,0,0,0,0,0,0,0,-77.5,-65.8333333333333,-76.5,0,0,0,0,0,0,0,0,-75,0,0,0,0,0,0,-66.6666666666667,-13.5,0,0,0,0,0
81,-4.14,37.43,0,-4.58571428571429,30.0664298,-35.1316088571429,0.116708571428571,-0.459698571428571,9.84035191428571,-600,0,0,0,0,0,0,0,0,0,0,0,0,0,0,0,0,0,0,0,0,0,0,0,0,0,0,0,-82.7428571428571,-74.2857142857143,0,0,0,-49.8857142857143,-75.4571428571429,-45.2571428571429,-47.6,0,0,-81.3428571428571,0,-71.2,0,0,0,-66.2857142857143,0,0,0,0,0,0,0,0,0,0,0,0,0,0,0,0,0,0,0,0,0,0,0,0,0,-21.4857142857143,0,0,0,0,0,0,0,0,0,0,0,0,0,0,0,0,0,0,0,0,0,0,-21.4857142857143,0,0,0,0,0,0,0,0,0,0,0,0,0,0,0,0,0,0,0,0,0,-82.7428571428571,0,0,0,0,0,0,0,0,0,0,0,0,0,-59.0857142857143,0,0,0,0,0,0,0,0,0,0,0,0,0,0,0,0,-69.5142857142857,0,-69.7714285714286,0,0,0,0,0,0,0,0,-30.8571428571429,0,0,0,0,0,0,-72.9142857142857,-72.7714285714286,0,0,0,0,0
82,-4.15,38.17,0,-2.65065789473684,31.6273041052632,-38.5588833157895,0.269723684210526,-0.0675789473684211,9.87811626315789,-468.421052631579,0,0,0,0,0,0,0,0,0,0,-40.5263157894737,-53.8421052631579,0,0,0,-56.1578947368421,0,0,0,0,0,0,0,0,0,-34.7368421052632,0,-93.5789473684211,-74.4210526315789,0,0,0,-49.2105263157895,-77,0,-77.5789473684211,0,0,-81.4210526315789,0,-37.4736842105263,0,0,0,-71.5789473684211,0,0,0,0,0,0,0,0,0,0,0,0,0,0,0,0,0,0,0,0,0,0,0,0,0,-94,0,0,0,0,0,0,0,0,0,0,0,0,0,0,0,0,0,0,0,0,0,0,-84.1052631578947,0,0,0,0,0,0,0,0,0,0,0,0,0,0,0,0,0,0,0,0,0,-83.2105263157895,0,0,0,0,0,0,0,0,0,0,0,0,0,-94.5789473684211,0,0,0,0,0,0,0,0,0,0,0,0,0,0,0,0,-72.4736842105263,0,-73.4210526315789,0,0,0,0,0,0,0,0,0,0,0,0,0,0,0,-79.5789473684211,-74.2631578947368,0,0,0,0,0
83,-4.16,38.91,0,-3.308203125,32.596876,-40.698048375,0.075196875,-0.173296875,9.9188535,-456.25,0,0,0,0,0,0,0,0,0,0,-61.25,-81.375,0,0,0,-84.875,0,0,0,0,0,-69,0,0,0,-52.5,0,-82.25,-64.75,0,0,0,-68.5,-87.5,0,-68.25,0,0,-79.625,0,0,0,0,0,-20,0,0,0,0,0,-68.25,0,0,0,0,0,0,0,0,0,0,0,0,0,0,0,0,0,0,0,-82.25,0,0,0,0,0,0,0,0,0,0,0,0,0,0,0,0,0,0,0,0,0,0,-82.25,0,0,0,0,0,0,0,0,0,0,0,0,0,0,0,0,0,0,0,0,0,-81.375,0,0,0,0,0,0,0,0,0,0,0,0,0,-83.125,0,0,0,0,0,0,0,0,0,0,0,0,0,0,0,0,-87,-63.75,-79.75,0,0,0,0,0,0,0,0,0,0,0,0,0,0,0,-70,-72.625,0,0,0,0,0
84,-4.13,39.42,0,-2.065625,32.2281268333333,-41.6468761666667,-0.163,-0.076825,9.69997533333333,-483.333333333333,0,0,0,0,0,0,0,0,0,0,-58.3333333333333,-77.5,0,0,0,-97,0,0,0,0,0,-76.6666666666667,0,0,0,-62,0,-78.3333333333333,-61.6666666666667,0,0,0,-60.8333333333333,-75.8333333333333,0,-65,0,0,0,0,0,0,0,0,0,0,0,0,0,0,-75.8333333333333,0,0,0,0,0,0,0,0,0,0,0,0,0,0,0,0,0,0,0,-78.3333333333333,0,0,0,0,0,0,0,0,0,0,0,0,0,0,0,0,0,0,0,0,0,0,-78.3333333333333,0,0,0,0,0,0,0,0,0,0,0,0,0,0,0,0,0,0,0,0,-83,-91,0,0,0,0,0,0,0,0,0,0,0,0,0,-79.1666666666667,0,0,0,0,0,0,0,0,0,0,0,0,0,0,0,0,-87,-70.8333333333333,-68.3333333333333,0,0,0,0,0,0,0,0,0,0,0,0,0,0,0,-90,0,0,0,0,0,0
