1.18210597740904,-2.02395752643846,-1.28284522189319
0.888270824164741,-2.02188597553613,-1.28284522189319
0.58298754806676,-2.02326700947102,-1.28284522189319
0.266256149115107,-2.02326700947102,-1.28284522189319
-0.0428431679340983,-2.02395752643846,-1.28284522189319
-0.348126444032077,-2.02395752643846,-1.28284522189319
-0.607617228715359,-2.02395752643846,-1.28284522189319
-0.855659890544967,-2.0246480434059,-1.28284522189319
-0.891094556520626,-2.02622636790292,-1.28284522189319
-0.935796750520687,-1.96733513510816,-1.28284522189319
-0.939612791471912,-1.91071274377786,-1.28284522189319
-0.947244873374362,-1.85823345425221,-1.28284522189319
-0.954876955276812,-1.80713519866145,-1.28284522189319
-0.981589241935382,-1.75879901094047,-1.28284522189319
-0.996853405740285,-1.70355765354505,-1.28284522189319
-1.00066944669151,-1.65176888098685,-1.28284522189319
-1.00448548764273,-1.59652752359143,-1.28284522189319
-1.00448548764273,-1.54681030193556,-1.28284522189319
-0.985405282886611,-1.49225946150758,-1.28284522189319
-0.962509037179261,-1.43973955333679,-1.28284522189319
-0.954876955276812,-1.38591984852141,-1.28284522189319
-0.954876955276812,-1.32860694022366,-1.28284522189319
-0.954876955276812,-1.27474661676313,-1.28284522189319
-0.947244873374362,-1.21950525936772,-1.28284522189319
-0.939612791471912,-1.1642639019723,-1.28284522189319
-0.939612791471911,-1.10695099367456,-1.28284522189319
-0.943428832423137,-1.05378118718147,-1.28284522189319
-0.939612791471912,-0.999230346753495,-1.28284522189319
-0.931980709569463,-0.943298472390637,-1.28284522189319
-0.928164668618239,-0.888747631962663,-1.28284522189319
-0.931980709569463,-0.830053689730034,-1.28284522189319
-0.924348627667013,-0.772050264464847,-1.28284522189319
-0.943428832423138,-0.711975288297333,-1.28284522189319
-0.954876955276812,-0.655352896967031,-1.28284522189319
-0.947244873374362,-0.595277920799516,-1.28284522189319
-0.951060914325586,-0.542108114306428,-1.28284522189319
-0.962509037179261,-0.486866756911013,-1.28284522189319
-0.966325078130485,-0.43507798435281,-1.28284522189319
-0.970141119081711,-0.378455593022508,-1.28284522189319
-0.977773200984159,-0.322523718659651,-1.28284522189319
-0.973957160032936,-0.27142546306889,-1.28284522189319
-0.973957160032936,-0.214803071738589,-1.28284522189319
-0.996853405740285,-0.159561714343173,-1.28284522189319
-0.996853405740285,-0.107082424817528,-1.28284522189319
-1.00066944669151,-0.0525315843895537,-1.28284522189319
-0.996853405740285,0.000638222103533678,-1.28284522189319
-1.01211756954518,0.0524269946617359,-1.28284522189319
-1.01974965144763,0.100763182382725,-1.28284522189319
-1.01974965144763,0.151861437973485,-1.28284522189319
-1.03501381525253,0.202269176596802,-1.28284522189319
-1.05027797905743,0.254057949155005,-1.28284522189319
-1.0617261019111,0.307918272615535,-1.28284522189319
-1.06554214286233,0.358326011238852,-1.28284522189319
-1.08080630666723,0.407352715927284,-1.28284522189319
-1.10370255237458,0.459141488485486,-1.28284522189319
-1.09988651142335,0.509549227108804,-1.28284522189319
-1.08080630666723,0.519906981620443,-1.28284522189319
-0.836579685788844,0.527502668262314,-1.28284522189319
-0.561824737300663,0.528193185229757,-1.28284522189319
-0.287069788812482,0.526812151294872,-1.28284522189319
0.0067653644318243,0.524740600392543,-1.28284522189319
0.308232599578579,0.524740600392543,-1.28284522189319
0.609699834725333,0.526121634327428,-1.28284522189319
0.90353498796964,0.526121634327428,-1.28284522189319
1.20881826406762,0.527502668262313,-1.28284522189319
1.51028549921437,0.528883702197198,-1.28284522189319
1.5293657039705,0.519216464653001,-1.28284522189319
1.51791758111682,0.567552652373989,-1.28284522189319
1.4988373763607,0.623484526736848,-1.28284522189319
1.5446298677754,0.634532798215932,-1.28284522189319
1.23171450977497,0.632461247313603,-1.28284522189319
0.930247274628213,0.632461247313603,-1.28284522189319
0.640228162335133,0.630389696411277,-1.28284522189319
0.346393009090827,0.629699179443832,-1.28284522189319
0.0372936920416216,0.628318145508948,-1.28284522189319
-0.241277297397784,0.626937111574062,-1.28284522189319
-0.290885829763706,0.628318145508948,-1.28284522189319
-0.313782075471053,0.684250019871806,-1.28284522189319
-0.329046239275954,0.699441393155546,-1.28284522189319
-0.329046239275954,0.6469621036299,-1.28284522189319
-0.321414157373504,0.594482814104256,-1.28284522189319
-0.329046239275954,0.554432829992578,-1.28284522189319
-0.351942484983301,0.543384558513496,-1.28284522189319
-0.641961597276383,0.540622490643724,-1.28284522189319
-0.924348627667013,0.542694041546053,-1.28284522189319
-1.19910357615519,0.543384558513496,-1.28284522189319
-1.19910357615519,0.552361279090249,-1.28284522189319
-1.18002337139907,0.504715608336704,-1.28284522189319
-1.15712712569172,0.460522522420372,-1.28284522189319
-1.14567900283805,0.410114783797054,-1.28284522189319
-1.16475920759417,0.361088079108622,-1.28284522189319
-1.1685752485454,0.312061374420193,-1.28284522189319
-1.17239128949662,0.263725186699202,-1.28284522189319
-1.18383941235029,0.209864863238673,-1.28284522189319
-1.17620733044785,0.15807609068047,-1.28284522189319
-1.18002337139907,0.102834733285054,-1.28284522189319
-1.18383941235029,0.0482838928570798,-1.28284522189319
-1.18765545330152,-0.00419539666856549,-1.28284522189319
-1.16475920759417,-0.0594367540639818,-1.28284522189319
-1.14949504378927,-0.111916043589626,-1.28284522189319
-1.13423087998437,-0.163704816147828,-1.28284522189319
-1.12659879808193,-0.216874622640918,-1.28284522189319
-1.11896671617948,-0.269353912166562,-1.28284522189319
-1.11133463427702,-0.322523718659651,-1.28284522189319
-1.1075185933258,-0.377074559087622,-1.28284522189319
-1.09988651142335,-0.430244365580711,-1.28284522189319
-1.1075185933258,-0.480652104204027,-1.28284522189319
-1.09988651142335,-0.531059842827345,-1.28284522189319
-1.1075185933258,-0.581467581450663,-1.28284522189319
-1.11515067522825,-0.635327904911193,-1.28284522189319
-1.1227827571307,-0.68573564353451,-1.28284522189319
-1.13041483903315,-0.740286483962484,-1.28284522189319
-1.12659879808192,-0.789313188650915,-1.28284522189319
-1.1380469209356,-0.841101961209117,-1.28284522189319
-1.14186296188682,-0.89289073376732,-1.28284522189319
-1.14949504378927,-0.944679506325522,-1.28284522189319
-1.1533110847405,-0.996468278883725,-1.28284522189319
-1.1533110847405,-1.04894756840937,-1.28284522189319
-1.14186296188682,-1.10211737490246,-1.28284522189319
-1.13041483903315,-1.15528718139555,-1.28284522189319
-1.13395830563072,-1.20569492001886,-1.28284522189319
-1.11896671617948,-1.25679317560962,-1.28284522189319
-1.11515067522825,-1.31065349907015,-1.28284522189319
-1.09988651142335,-1.36175175466091,-1.28284522189319
-1.08462234761845,-1.41423104418656,-1.28284522189319
-1.07317422476478,-1.4667103337122,-1.28284522189319
-1.05027797905743,-1.51642755536808,-1.28284522189319
-1.03882985620376,-1.56614477702395,-1.28284522189319
-1.03119777430131,-1.61517148171238,-1.28284522189319
-1.03119777430131,-1.66350766943337,-1.28284522189319
-1.02738173335008,-1.71184385715436,-1.28284522189319
-1.00830152859396,-1.76846624848466,-1.28284522189319
-1.01974965144763,-1.81818347014054,-1.28284522189319
-1.02738173335008,-1.86790069179641,-1.28284522189319
-1.03882985620376,-1.91416532861507,-1.28284522189319
-1.0464619381062,-1.96664461814072,-1.28284522189319
-1.05027797905743,-2.01774287373148,-1.28284522189319
-1.05027797905743,-2.07091268022457,-1.28284522189319
-1.05027797905743,-2.119939384913,-1.28284522189319
-1.06935818381355,-2.12132041884788,-1.28284522189319
-0.851843849593743,-2.1523936823828,-1.28284522189319
-0.680122006788629,-2.18277642895028,-1.28284522189319
-0.722098457252101,-2.18277642895028,-1.28284522189319
-0.412999140202898,-2.1813953950154,-1.28284522189319
-0.119457528570224,-2.17932384411307,-1.28284522189319
0.167039084383264,-2.18001436108051,-1.28284522189319
0.460874237627568,-2.18001436108051,-1.28284522189319
0.731813145164525,-2.18001436108051,-1.28284522189319
1.00656809365271,-2.1813953950154,-1.28284522189319
1.28132304214089,-2.18070487804796,-1.28284522189319
1.32329949260436,-2.19175314952704,-1.28284522189319
1.33474761545803,-2.14203592787116,-1.28284522189319
1.31566741070191,-2.09300922318273,-1.28284522189319
1.31948345165314,-2.03569631488499,-1.28284522189319
1.38345825583543,-2.02448556882533,-1.28284522189319
1.38435614782396,-2.01912390766636,-1.28284522189319
-0.949673263070595,-2.13274917926821,-1.28284522189319
-0.949673263070595,-2.07374520900938,-1.28284522189319
-0.949673263070595,-2.01474123875055,-1.28284522189319
-0.949673263070595,-1.95573726849172,-1.28284522189319
-0.949673263070595,-1.8967332982329,-1.28284522189319
-0.949673263070595,-1.18868565512696,-1.28284522189319
-0.949673263070595,-1.12968168486813,-1.28284522189319
-0.949673263070595,-1.0706777146093,-1.28284522189319
-0.949673263070595,-1.01167374435047,-1.28284522189319
-0.949673263070595,-0.952669774091645,-1.28284522189319
-0.949673263070595,-0.893665803832817,-1.28284522189319
-0.949673263070595,-0.834661833573988,-1.28284522189319
-0.949673263070595,-0.77565786331516,-1.28284522189319
-0.949673263070595,-0.716653893056332,-1.28284522189319
-0.949673263070595,-0.598645952538675,-1.28284522189319
-0.700242949985995,-2.13274917926821,-1.28284522189319
-0.700242949985995,-2.07374520900938,-1.28284522189319
-0.450812636901396,-2.13274917926821,-1.28284522189319
-0.450812636901396,-2.07374520900938,-1.28284522189319
-0.201382323816797,-2.13274917926821,-1.28284522189319
-0.201382323816797,-2.07374520900938,-1.28284522189319
-0.201382323816797,0.58143345263789,-1.28284522189319
0.048047989267802,-2.13274917926821,-1.28284522189319
0.048047989267802,-2.07374520900938,-1.28284522189319
0.048047989267802,0.58143345263789,-1.28284522189319
0.297478302352401,-2.13274917926821,-1.28284522189319
0.297478302352401,-2.07374520900938,-1.28284522189319
0.297478302352401,0.58143345263789,-1.28284522189319
0.546908615437,-2.13274917926821,-1.28284522189319
0.546908615437,-2.07374520900938,-1.28284522189319
0.546908615437,0.58143345263789,-1.28284522189319
0.796338928521599,-2.13274917926821,-1.28284522189319
0.796338928521599,-2.07374520900938,-1.28284522189319
0.796338928521599,0.58143345263789,-1.28284522189319
1.0457692416062,-2.13274917926821,-1.28284522189319
1.0457692416062,-2.07374520900938,-1.28284522189319
1.0457692416062,0.58143345263789,-1.28284522189319
1.2951995546908,-2.13274917926821,-1.28284522189319
1.2951995546908,-2.07374520900938,-1.28284522189319
1.2951995546908,0.58143345263789,-1.28284522189319
-0.313782075471053,0.684250019871805,-1.28284522189319
-0.336678321178402,0.707037079797416,-1.19547415555764
-0.340494362129626,0.721537936113712,-1.10810308922209
-0.340494362129626,0.736729309397452,-1.02073202288655
-0.344310403080853,0.751920682681191,-0.933360956550997
-0.344310403080853,0.766421538997488,-0.845989890215449
-0.344310403080853,0.782303429248669,-0.758618823879901
-0.348126444032077,0.811305141881263,-0.671247757544353
-0.340494362129626,0.831330133937102,-0.583876691208805
-0.145876273617165,0.8361637527092,-0.496505624873257
-0.0428431679340983,0.838235303611529,-0.409134558537709
0.0678220196514216,0.840997371481299,-0.321763492202161
0.174671166285712,0.840306854513857,-0.234392425866613
0.289152394822456,0.841687888448741,-0.147021359531065
0.396001541456749,0.842378405416184,-0.0596502931955169
0.499034647139816,0.842378405416184,0.0277207731400311
0.602067752822885,0.843068922383627,0.115091839475579
0.716548981359627,0.844449956318512,0.202462905811127
0.808133964189021,0.845140473285955,0.289833972146675
0.998936011750258,0.845830990253398,0.377205038482223
1.0981530764821,0.840306854513856,0.464576104817771
1.13249744504313,0.815448243685919,0.551947171153319
1.1439455678968,0.798185319499852,0.639318237488868
1.14776160884802,0.776088776541685,0.726689303824415
1.1592097317017,0.755373267518404,0.814060370159964
1.15539369075047,0.736729309397452,0.901431436495512
1.1592097317017,0.718775868243941,0.98880250283106
1.1592097317017,0.680106918067151,1.07617356916661
1.65529505536091,0.682178468969479,1.07617356916661
1.65147901440969,0.707727596764858,1.00245423194599
1.65529505536091,0.729133622755582,0.92873489472537
1.65147901440969,0.748468097843977,0.855015557504752
1.66292713726336,0.768493089899816,0.781296220284133
1.65529505536091,0.789155482233294,0.707576883063514
1.66292713726336,0.809924107946377,0.633857545842896
1.65911109631214,0.830639616969658,0.560138208622277
1.70490358772684,0.888988300718567,0.486418871401658
1.44541280304355,0.891405110104615,0.41269953418104
1.23553055072619,0.892095627072059,0.338980196960421
1.1439455678968,0.891405110104616,0.265260859739802
1.02946433936006,0.892095627072059,0.191541522519184
0.911167069872088,0.891405110104616,0.117822185298565
0.804317923237797,0.892095627072059,0.0441028480779466
0.693652735652277,0.890714593137173,-0.0296164891426722
0.586803589017987,0.890714593137174,-0.103335826363291
0.468506319530019,0.890024076169732,-0.17705516358391
0.361657172895725,0.890024076169732,-0.250774500804528
0.258624067212659,0.890024076169731,-0.324493838025147
0.151774920578366,0.887952525267402,-0.398213175245765
0.0334776510903976,0.887952525267402,-0.471932512466384
-0.271805625007581,0.888643042234845,-0.545651849687003
-0.329046239275954,0.901072347648814,-0.619371186907621
-0.336678321178402,0.849974092058054,-0.69309052412824
-0.351942484983301,0.80785255704405,-0.766809861348859
-0.355758525934528,0.794732734662639,-0.840529198569478
-0.355758525934528,0.778160327444014,-0.914248535790096
-0.355758525934528,0.760206886290504,-0.987967873010715
-0.348126444032077,0.747777580876534,-1.06168721023133
-0.340494362129626,0.731205173657909,-1.13540654745195
-0.336678321178402,0.713942249471842,-1.20912588467257
-0.329046239275954,0.699441393155546,-1.28284522189319
-0.355758525934528,0.76127789219919,-0.967945957427262
-0.355758525934528,0.765787390762081,-0.8928922884705
-0.355758525934528,0.770296889324972,-0.875062465905075
-0.355758525934528,0.774806387887863,-0.876830217441241
-0.355758525934528,0.779315886450754,-0.873045950513307
-0.355758525934528,0.783825385013646,-0.814572336266092
-0.355758525934528,0.788334883576537,-0.820266817107602
-0.355758525934528,0.792844382139427,-0.830610915913187
-0.168425606510767,0.837939367768338,-0.511339170483948
-0.168425606510767,0.84244886633123,-0.517985876823228
-0.168425606510767,0.846958364894121,-0.524761447296678
-0.168425606510767,0.851467863457012,-0.530573555641406
-0.168425606510767,0.855977362019903,-0.528763802607042
-0.168425606510767,0.860486860582794,-0.532775708270021
-0.168425606510767,0.864996359145685,-0.535819486554735
-0.168425606510767,0.869505857708576,-0.538037445647327
-0.168425606510767,0.874015356271467,-0.550867336888744
-0.168425606510767,0.878524854834358,-0.574390417546772
-0.168425606510767,0.883034353397249,-0.572119314833673
-0.168425606510767,0.88754385196014,-0.570769717708314
0.0189073129129932,0.84244886633123,-0.359572619421238
0.0189073129129932,0.846958364894121,-0.359350181127732
0.0189073129129932,0.851467863457012,-0.359884093729701
0.0189073129129932,0.855977362019903,-0.358444178414873
0.0189073129129932,0.860486860582794,-0.364081373309897
0.0189073129129932,0.864996359145685,-0.402148137989305
0.0189073129129932,0.869505857708576,-0.409685138846281
0.0189073129129932,0.874015356271467,-0.418236820893014
0.0189073129129932,0.878524854834358,-0.428670268576056
0.0189073129129932,0.883034353397249,-0.434880774585527
0.0189073129129932,0.88754385196014,-0.451024342838144
0.206240232336754,0.84244886633123,-0.209605896085149
0.206240232336754,0.846958364894121,-0.205186339042298
0.206240232336754,0.851467863457012,-0.201589836230256
0.206240232336754,0.855977362019903,-0.255700381638515
0.206240232336754,0.860486860582794,-0.265760562411298
0.206240232336754,0.864996359145685,-0.27867538631194
0.206240232336754,0.869505857708576,-0.291954412883286
0.206240232336754,0.874015356271467,-0.321045599578106
0.206240232336754,0.878524854834358,-0.361237081866064
0.206240232336754,0.883034353397249,-0.360919606526542
0.206240232336754,0.88754385196014,-0.359858006286864
0.393573151760514,0.84244886633123,-0.0577211048341722
0.393573151760514,0.846958364894121,-0.0463265396086026
0.393573151760514,0.851467863457012,-0.0398827869239959
0.393573151760514,0.855977362019903,-0.0889769688331355
0.393573151760514,0.860486860582794,-0.0981177975951607
0.393573151760514,0.864996359145685,-0.116293240747712
0.393573151760514,0.869505857708576,-0.201150858368389
0.393573151760514,0.874015356271467,-0.209969901524264
0.393573151760514,0.878524854834358,-0.217038579180981
0.393573151760514,0.883034353397249,-0.225897827588961
0.393573151760514,0.88754385196014,-0.22902405183222
0.580906071184275,0.846958364894121,0.0922265670617147
0.580906071184275,0.851467863457012,0.0866832611959395
0.580906071184275,0.855977362019903,0.0760315788182419
0.580906071184275,0.860486860582794,0.0670389931342668
0.580906071184275,0.864996359145685,0.0559625525910608
0.580906071184275,0.869505857708576,-0.0502386166471233
0.580906071184275,0.874015356271467,-0.062046918784737
0.580906071184275,0.878524854834358,-0.0721418834683534
0.580906071184275,0.883034353397249,-0.0814289208016192
0.580906071184275,0.88754385196014,-0.112204565290374
0.768238990608035,0.846958364894121,0.24673534593548
0.768238990608035,0.851467863457012,0.212439997377867
0.768238990608035,0.855977362019903,0.201102585510054
0.768238990608035,0.860486860582794,0.163585828219479
0.768238990608035,0.864996359145685,0.143572974584976
0.768238990608035,0.869505857708576,0.123691716857369
0.768238990608035,0.874015356271467,0.104486181191807
0.768238990608035,0.878524854834358,0.0748259533289716
0.768238990608035,0.883034353397249,0.01502509189755
0.768238990608035,0.88754385196014,0.0179396452552049
0.955571910031795,0.846958364894121,0.35926452770148
0.955571910031795,0.851467863457012,0.344992327840829
0.955571910031795,0.855977362019903,0.335208638146971
0.955571910031795,0.860486860582794,0.323534079985468
0.955571910031795,0.864996359145685,0.254179706549795
0.955571910031795,0.869505857708576,0.192406600618177
0.955571910031795,0.874015356271467,0.179164048921335
0.955571910031795,0.878524854834358,0.168536191838512
0.955571910031795,0.883034353397249,0.147204903591561
0.955571910031795,0.88754385196014,0.145465937611444
1.14290482945556,0.80186337926521,0.621135932287074
1.14290482945556,0.806372877828101,0.599713019386117
1.14290482945556,0.810882376390992,0.578319238065224
1.14290482945556,0.815391874953883,0.56142987173268
1.14290482945556,0.819901373516774,0.537480750211703
1.14290482945556,0.824410872079665,0.522992184247419
1.14290482945556,0.828920370642556,0.508877530085061
1.14290482945556,0.833429869205447,0.49640285621309
1.14290482945556,0.837939367768338,0.487078663389206
1.14290482945556,0.84244886633123,0.482318516967865
1.14290482945556,0.846958364894121,0.437616508258311
1.14290482945556,0.851467863457012,0.428665750158284
1.14290482945556,0.855977362019903,0.382921736290053
1.14290482945556,0.860486860582794,0.372404289940254
1.14290482945556,0.864996359145685,0.362233401373885
1.14290482945556,0.869505857708576,0.31141377798495
1.14290482945556,0.874015356271467,0.302238120440746
1.14290482945556,0.878524854834358,0.29430116512496
1.14290482945556,0.883034353397249,0.253319665436339
1.14290482945556,0.88754385196014,0.258132263115848
1.33023774887932,0.684616416630042,1.02147773226923
1.33023774887932,0.689125915192933,1.01874611115083
1.33023774887932,0.693635413755824,1.00190585503509
1.33023774887932,0.698144912318715,0.998820359033898
1.33023774887932,0.702654410881606,0.995618588994649
1.33023774887932,0.707163909444497,0.95787041677521
1.33023774887932,0.711673408007388,0.953424944946832
1.33023774887932,0.716182906570279,0.948940061400559
1.33023774887932,0.72069240513317,0.944383703069198
1.33023774887932,0.725201903696062,0.939752350019819
1.33023774887932,0.729711402258952,0.876560034658032
1.33023774887932,0.734220900821843,0.872316612353092
1.33023774887932,0.738730399384735,0.867682323284878
1.33023774887932,0.743239897947626,0.862813283483754
1.33023774887932,0.747749396510517,0.857865224345085
1.33023774887932,0.752258895073408,0.8529888981064
1.33023774887932,0.756768393636299,0.848318086788151
1.33023774887932,0.76127789219919,0.778331047738742
1.33023774887932,0.765787390762081,0.773471055477101
1.33023774887932,0.770296889324972,0.768577001292545
1.33023774887932,0.774806387887863,0.763780399987615
1.33023774887932,0.779315886450754,0.692466574457392
1.33023774887932,0.783825385013646,0.68762300791273
1.33023774887932,0.788334883576537,0.682766024146464
1.33023774887932,0.792844382139427,0.678028976799089
1.33023774887932,0.797353880702318,0.673541701202239
1.33023774887932,0.80186337926521,0.669420501045335
1.33023774887932,0.806372877828101,0.60156176505196
1.33023774887932,0.810882376390992,0.597491000892127
1.33023774887932,0.815391874953883,0.593539522860454
1.33023774887932,0.819901373516774,0.589781550610917
1.33023774887932,0.824410872079665,0.586278070846641
1.33023774887932,0.828920370642556,0.552458227025297
1.33023774887932,0.833429869205447,0.550499643072556
1.33023774887932,0.837939367768338,0.502673552941987
1.33023774887932,0.84244886633123,0.447689559433206
1.33023774887932,0.846958364894121,0.443243063993849
1.33023774887932,0.851467863457012,0.438555453463996
1.33023774887932,0.855977362019903,0.372508633436177
1.33023774887932,0.860486860582794,0.370229523335241
1.33023774887932,0.864996359145685,0.368065534171244
1.33023774887932,0.869505857708576,0.366115374979698
1.33023774887932,0.874015356271467,0.364445948484317
1.33023774887932,0.878524854834358,0.326395765769428
1.33023774887932,0.883034353397249,0.328406540630353
1.33023774887932,0.88754385196014,0.329768704644193
1.51757066830308,0.684616416630042,1.02758357862606
1.51757066830308,0.689125915192933,0.993075992452449
1.51757066830308,0.693635413755824,0.989301070580983
1.51757066830308,0.698144912318715,0.985070899092291
1.51757066830308,0.702654410881606,0.980569650432289
1.51757066830308,0.707163909444497,0.975842051318707
1.51757066830308,0.711673408007388,0.970863888286203
1.51757066830308,0.716182906570279,0.965654614565402
1.51757066830308,0.72069240513317,0.960331131556522
1.51757066830308,0.725201903696062,0.955066053129492
1.51757066830308,0.729711402258952,0.902270161791951
1.51757066830308,0.734220900821843,0.897103434132185
1.51757066830308,0.738730399384735,0.891835694860939
1.51757066830308,0.743239897947626,0.886632177025155
1.51757066830308,0.747749396510517,0.881659847916002
1.51757066830308,0.752258895073408,0.826790780144554
1.51757066830308,0.756768393636299,0.821551104676824
1.51757066830308,0.76127789219919,0.816186582461458
1.51757066830308,0.765787390762081,0.810865232438679
1.51757066830308,0.770296889324972,0.754997224297863
1.51757066830308,0.774806387887863,0.749746930824013
1.51757066830308,0.779315886450754,0.744430216025074
1.51757066830308,0.783825385013646,0.739206779793778
1.51757066830308,0.788334883576537,0.734221427012667
1.51757066830308,0.792844382139427,0.678549975542061
1.51757066830308,0.797353880702318,0.673503836176235
1.51757066830308,0.80186337926521,0.668330353627297
1.51757066830308,0.806372877828101,0.663194046603935
1.51757066830308,0.810882376390992,0.658237902811662
1.51757066830308,0.815391874953883,0.653566094173807
1.51757066830308,0.819901373516774,0.649289688543356
1.51757066830308,0.824410872079665,0.645582565906402
1.51757066830308,0.828920370642556,0.589216458063361
1.51757066830308,0.833429869205447,0.584356799081843
1.51757066830308,0.837939367768338,0.579448213941355
1.51757066830308,0.84244886633123,0.534970244219742
1.51757066830308,0.846958364894121,0.529364128761544
1.51757066830308,0.851467863457012,0.523329247226316
1.51757066830308,0.855977362019903,0.516915779592779
1.51757066830308,0.860486860582794,0.510171986699219
1.51757066830308,0.864996359145685,0.452631953486558
1.51757066830308,0.869505857708576,0.448517473545162
1.51757066830308,0.874015356271467,0.444639954860896
1.51757066830308,0.878524854834358,0.440993876729582
1.51757066830308,0.883034353397249,0.43768863526578
1.51757066830308,0.88754385196014,0.435065199678494
1.1592097317017,0.680106918067151,1.07617356916661
1.09433703553088,0.665606061750853,1.07617356916661
0.796685841335347,0.661462959946197,1.07617356916661
0.506666729042267,0.657319858141541,1.07617356916661
0.209015534846736,0.653867273304327,1.07617356916661
-0.0924517003000183,0.647652620597344,1.07617356916661
-0.412999140202898,0.640056933955473,1.07617356916661
-0.733546580105775,0.633151764281047,1.07617356916661
-1.05791006095988,0.623484526736848,1.07617356916661
-1.39372166466766,0.61865090796475,1.07617356916661
-1.40516978752133,0.629699179443833,1.07617356916661
-1.37464145991153,0.573076788113532,1.07617356916661
-1.35174521420419,0.517835430718115,1.07617356916661
-1.31740084564316,0.4625940733227,1.07617356916661
-1.31358480469194,0.403209614122627,1.07617356916661
-1.33266500944806,0.347968256727212,1.07617356916661
-1.32503292754561,0.294107933266681,1.07617356916661
-1.33648105039929,0.239557092838707,1.07617356916661
-1.33266500944806,0.180172633638635,1.07617356916661
-1.31740084564316,0.123550242308335,1.07617356916661
-1.29068855898459,0.0689994018803601,1.07617356916661
-1.25634419042357,0.0165201123547158,1.07617356916661
-1.24108002661867,-0.0387212450407007,1.07617356916661
-1.21818378091132,-0.0932720854686739,1.07617356916661
-1.19147149425275,-0.149894476798975,1.07617356916661
-1.17239128949662,-0.205826351161834,1.07617356916661
-1.16094316664295,-0.262448742492135,1.07617356916661
-1.14567900283805,-0.31492803201778,1.07617356916661
-1.1227827571307,-0.369478872445754,1.07617356916661
-1.11133463427702,-0.426101263776056,1.07617356916661
-1.09988651142335,-0.481342621171471,1.07617356916661
-1.07317422476478,-0.536583978566886,1.07617356916661
-1.0617261019111,-0.591825335962302,1.07617356916661
-1.06554214286233,-0.649085127570244,1.07617356916661
-1.06554214286233,-0.709213220427562,1.07617356916661
-1.06554214286233,-0.767216645692749,1.07617356916661
-1.06935818381355,-0.82383903702305,1.07617356916661
-1.06554214286233,-0.880461428353351,1.07617356916661
-1.0617261019111,-0.935702785748768,1.07617356916661
-1.05027797905743,-0.990253626176741,1.07617356916661
-1.04264589715498,-1.04825705144193,1.07617356916661
-1.03882985620376,-1.10004582400013,1.07617356916661
-1.02356569239886,-1.15045356262345,1.07617356916661
-1.01211756954518,-1.20224233518165,1.07617356916661
-0.996853405740285,-1.25265007380497,1.07617356916661
-0.98540528288661,-1.30720091423294,1.07617356916661
-0.977773200984159,-1.36175175466091,1.07617356916661
-0.981589241935383,-1.41630259508889,1.07617356916661
-0.970141119081711,-1.47223446945174,1.07617356916661
-0.970141119081711,-1.52540427594483,1.07617356916661
-0.962509037179261,-1.58133615030769,1.07617356916661
-0.943428832423138,-1.63864905860544,1.07617356916661
-0.993037364789058,-1.64141112647521,1.07617356916661
-0.672489924886181,-1.63864905860544,1.07617356916661
-0.599985146812909,-1.64624474524731,1.07617356916661
-0.61524931061781,-1.59169390481933,1.07617356916661
-0.638145556325157,-1.53369047955415,1.07617356916661
-0.645777638227607,-1.4763775712564,1.07617356916661
-0.66485784298373,-1.42113621386099,1.07617356916661
-0.668673883934957,-1.36520433949813,1.07617356916661
-0.683938047739855,-1.30720091423294,1.07617356916661
-0.695386170593527,-1.25467846739683,1.07617356916661
-0.710650334398429,-1.19948026731188,1.07617356916661
-0.722098457252101,-1.14631046081879,1.07617356916661
-0.725914498203327,-1.09383117129315,1.07617356916661
-0.733546580105775,-1.04411394963727,1.07617356916661
-0.741178662008225,-0.991634660111626,1.07617356916661
-0.741178662008225,-0.939155370585981,1.07617356916661
-0.74499470295945,-0.890128665897549,1.07617356916661
-0.741178662008225,-0.839030410306789,1.07617356916661
-0.725914498203327,-0.783789052911373,1.07617356916661
-0.733546580105775,-0.734071831255499,1.07617356916661
-0.737362621057002,-0.684354609599625,1.07617356916661
-0.737362621057002,-0.636018421878635,1.07617356916661
-0.74499470295945,-0.582848615385548,1.07617356916661
-0.748810743910674,-0.531750359794789,1.07617356916661
-0.748810743910674,-0.479271070269143,1.07617356916661
-0.767890948666799,-0.426101263776056,1.07617356916661
-0.790787194374145,-0.375693525152738,1.07617356916661
-0.809867399130271,-0.321833201692207,1.07617356916661
-0.813683440081495,-0.26866339519912,1.07617356916661
-0.821315521983946,-0.214803071738589,1.07617356916661
-0.828947603886394,-0.160252231310615,1.07617356916661
-0.840395726740069,-0.106391907850085,1.07617356916661
-0.848027808642519,-0.0546031352918821,1.07617356916661
-0.855659890544967,-0.00143332879879425,1.07617356916661
-0.859475931496194,0.0531175116291792,1.07617356916661
-0.851843849593743,0.107668352057152,1.07617356916661
-0.863291972447418,0.160147641582797,1.07617356916661
-0.859475931496193,0.214007965043329,1.07617356916661
-0.867108013398642,0.266487254568973,1.07617356916661
-0.878556136252317,0.319657061062061,1.07617356916661
-0.893820300057215,0.374898418457477,1.07617356916661
-0.916716545764565,0.430139775852893,1.07617356916661
-0.951060914325586,0.479856997508767,1.07617356916661
-0.947244873374362,0.497810438662278,1.07617356916661
-0.619065351569034,0.499191472597163,1.07617356916661
-0.306149993568605,0.499191472597163,1.07617356916661
0.00294932348060032,0.498500955629719,1.07617356916661
0.312048640529803,0.501263023499491,1.07617356916661
0.609699834725333,0.502644057434377,1.07617356916661
0.907351028920864,0.504025091369262,1.07617356916661
1.15539369075047,0.506787159239032,1.07617356916661
1.1439455678968,0.504025091369261,1.07617356916661
1.33474761545803,0.546837143350709,1.07617356916661
1.59423840014132,0.586196610494943,1.07617356916661
1.63621485060479,0.579981957787959,1.07617356916661
1.62476672775112,0.632461247313603,1.07617356916661
1.65529505536091,0.682178468969479,1.07617356916661
-1.12691448874244,-0.315718180719097,1.07617356916661
-1.12691448874244,-0.268199621456292,1.07617356916661
-1.12691448874244,-0.220681062193487,1.07617356916661
-1.12691448874244,-0.173162502930682,1.07617356916661
-1.12691448874244,-0.125643943667877,1.07617356916661
-1.12691448874244,-0.0781253844050725,1.07617356916661
-1.12691448874244,-0.030606825142268,1.07617356916661
-1.12691448874244,0.0169117341205371,1.07617356916661
-1.12691448874244,0.064430293383342,1.07617356916661
-1.12691448874244,0.111948852646147,1.07617356916661
-1.12691448874244,0.159467411908951,1.07617356916661
-1.12691448874244,0.206985971171756,1.07617356916661
-1.12691448874244,0.254504530434562,1.07617356916661
-1.12691448874244,0.302023089697366,1.07617356916661
-1.12691448874244,0.349541648960171,1.07617356916661
-1.12691448874244,0.397060208222975,1.07617356916661
-1.12691448874244,0.44457876748578,1.07617356916661
-1.12691448874244,0.492097326748585,1.07617356916661
-1.12691448874244,0.53961588601139,1.07617356916661
-1.12691448874244,0.587134445274195,1.07617356916661
-0.848697350373052,-1.59871928081483,1.07617356916661
-0.848697350373052,-1.55120072155202,1.07617356916661
-0.848697350373052,-1.50368216228922,1.07617356916661
-0.848697350373052,-1.45616360302641,1.07617356916661
-0.848697350373052,-1.40864504376361,1.07617356916661
-0.848697350373052,-1.3611264845008,1.07617356916661
-0.848697350373052,-1.313607925238,1.07617356916661
-0.848697350373052,-1.26608936597519,1.07617356916661
-0.848697350373052,-1.21857080671239,1.07617356916661
-0.848697350373052,-1.17105224744958,1.07617356916661
-0.848697350373052,-1.12353368818678,1.07617356916661
-0.848697350373052,-1.07601512892397,1.07617356916661
-0.848697350373052,-1.02849656966117,1.07617356916661
-0.848697350373052,-0.980978010398364,1.07617356916661
-0.848697350373052,-0.933459451135559,1.07617356916661
-0.848697350373052,-0.885940891872754,1.07617356916661
-0.848697350373052,-0.83842233260995,1.07617356916661
-0.848697350373052,-0.790903773347144,1.07617356916661
-0.848697350373052,-0.74338521408434,1.07617356916661
-0.848697350373052,-0.695866654821535,1.07617356916661
-0.848697350373052,-0.64834809555873,1.07617356916661
-0.848697350373052,-0.600829536295925,1.07617356916661
-0.848697350373052,-0.553310977033121,1.07617356916661
-0.848697350373052,-0.505792417770316,1.07617356916661
-0.848697350373052,-0.458273858507511,1.07617356916661
-0.848697350373052,-0.410755299244706,1.07617356916661
-0.848697350373052,-0.363236739981901,1.07617356916661
-0.848697350373052,-0.315718180719097,1.07617356916661
-0.848697350373052,-0.268199621456292,1.07617356916661
-0.848697350373052,-0.220681062193487,1.07617356916661
-0.848697350373052,-0.173162502930682,1.07617356916661
-0.848697350373052,-0.125643943667877,1.07617356916661
-0.848697350373052,-0.0781253844050725,1.07617356916661
-0.848697350373052,0.53961588601139,1.07617356916661
-0.848697350373052,0.587134445274195,1.07617356916661
-0.570480212003668,0.53961588601139,1.07617356916661
-0.570480212003668,0.587134445274195,1.07617356916661
-0.570480212003668,0.634653004536999,1.07617356916661
-0.292263073634285,0.53961588601139,1.07617356916661
-0.292263073634285,0.587134445274195,1.07617356916661
-0.292263073634285,0.634653004536999,1.07617356916661
-0.014045935264901,0.53961588601139,1.07617356916661
-0.014045935264901,0.587134445274195,1.07617356916661
-0.014045935264901,0.634653004536999,1.07617356916661
0.264171203104483,0.53961588601139,1.07617356916661
0.264171203104483,0.587134445274195,1.07617356916661
0.264171203104483,0.634653004536999,1.07617356916661
0.542388341473867,0.53961588601139,1.07617356916661
0.542388341473867,0.587134445274195,1.07617356916661
0.542388341473867,0.634653004536999,1.07617356916661
0.820605479843251,0.53961588601139,1.07617356916661
0.820605479843251,0.587134445274195,1.07617356916661
0.820605479843251,0.634653004536999,1.07617356916661
1.09882261821263,0.53961588601139,1.07617356916661
1.09882261821263,0.587134445274195,1.07617356916661
1.09882261821263,0.634653004536999,1.07617356916661
1.37703975658202,0.587134445274195,1.07617356916661
1.37703975658202,0.634653004536999,1.07617356916661
1.6552568949514,0.682171563799804,1.07617356916661
