1,13.08,-0.0999999999999996,8.4,7.771875,-17.5800007,-42.249377,-0.54891,-0.870795,10.0070255,-14140,0,0,0,-68,-66,-73,-73,0,0,0,-93,0,0,0,0,0,0,0,0,0,0,0,0,0,0,-89,0,0,-87,0,0,0,0,0,0,0,0,0,0,0,0,0,0,0,0,0,-62,-62,-73,0,0,0,0,0,-89,-88,0,0,-55,-55,0,-68,0,0,0,0,0,0,0,0,0,0,0,0,0,0,0,0,0,0,0,0,0,0,0,0,0,0,0,0,0,0,0,0,0,0,0,0,-70,-71,0,0,0,0,0,0,0,0,0,0,-63,-63,-85,-82,0,0,0,0,0,0,0,0,0,0,0,0,-78,-78,0,0,0,0,0,0,0,0,0,0,0,0,0,0,0,0,0,0,0,0,0,0,0,0,0,0,0,0,0,0,0,0,0,0,0,0,0,0,0,0,0,0,0,0,0,0,0,0,0,0,0,0,0,0,0,0,0,0,0,0,0,0,0,0,0,-73,-88,0,0,0,0,-93,0,-93,0,-94,0,0,0,0,0,0,0,0
2,13.14,-0.899999999999999,8.4,7.01940794736842,-11.9904609649123,-43.2450673859649,-0.502578947368421,-1.17268684210526,9.66224780701755,-14173.6842105263,0,0,0,-69.8771929824561,-59.2280701754386,-80.5263157894737,-67.280701754386,-87.2105263157895,0,0,-75.859649122807,0,0,0,0,0,0,0,0,0,0,0,0,-58,0,-67.6140350877193,0,0,-74.2105263157895,0,0,0,0,0,0,0,0,0,0,0,0,0,0,0,0,0,-67.3508771929825,-67.3508771929825,-55.0175438596491,-49.3333333333333,0,0,0,0,-75.859649122807,-75.0350877192982,0,0,-61.4561403508772,-61.4561403508772,0,-52,0,0,0,0,0,0,0,0,0,0,0,0,0,0,0,0,0,0,0,0,0,0,0,0,0,0,0,0,0,0,0,0,0,0,0,0,-17.1929824561403,-17.4385964912281,0,0,0,0,0,0,0,0,0,0,-71.7368421052632,-71.4912280701754,-20.8771929824561,0,0,0,0,0,0,0,0,0,0,0,0,0,-84.6315789473684,-84.1578947368421,0,0,0,0,0,0,0,0,0,0,0,0,0,0,0,0,0,0,0,0,0,0,0,0,0,0,0,0,0,0,0,0,0,0,0,0,0,0,0,0,0,0,0,0,0,0,0,0,0,0,0,0,0,0,0,0,0,0,0,0,0,-34.9473684210526,0,-34.9473684210526,0,-78.9824561403509,-55.5789473684211,0,0,0,0,-39.1578947368421,0,-39.1578947368421,0,-39.5789473684211,0,0,0,0,0,0,0,0
3,12.39,-0.960000000000001,8.4,22.7437508518519,2.78888888888889,-32.5881961851852,-0.409822222222222,-1.16137222222222,9.64566733333333,-14122.2222222222,0,0,0,-52.8888888888889,-61.5185185185185,-76.4074074074074,-75.9259259259259,-72.3333333333333,0,0,-75.8148148148148,0,0,0,0,0,0,0,0,0,0,0,0,-71.5555555555556,0,0,0,0,-88.6666666666667,0,0,0,0,0,0,0,0,0,0,0,0,0,0,0,0,0,-60.037037037037,-58.5185185185185,-57.9259259259259,-69.4444444444444,0,0,0,0,-43.8148148148148,-43.8148148148148,0,0,-46.8518518518519,-46.8518518518519,-68.5555555555556,-59.6296296296296,0,0,0,0,0,0,0,0,0,0,0,0,0,0,0,0,0,0,0,0,0,0,0,0,0,0,0,0,0,0,0,0,0,0,0,0,0,0,0,0,0,0,0,0,0,0,0,0,-64.4814814814815,-64.4814814814815,0,0,0,0,0,0,0,0,0,0,0,0,0,0,-79.037037037037,-79.037037037037,0,0,0,0,0,0,0,0,0,0,0,0,0,0,0,0,0,0,0,0,0,0,0,0,0,0,0,0,0,0,0,0,0,0,0,0,0,0,0,0,0,0,0,0,0,0,0,-75.8148148148148,0,0,0,0,0,0,0,0,0,0,0,0,0,-64.5555555555556,0,-64.5555555555556,0,-62.1851851851852,0,0,0,0,0,0,0,0,0,0,0,0,0,0,0,0,0,0
4,11.6,-0.960000000000001,8.4,10.378125375,-0.18328125,-16.193438225,-0.17069625,-1.05640875,9.806846775,-14330,0,0,0,-63.425,-59.925,-72.7,-70.175,-2.325,0,0,-83.45,0,0,0,0,0,0,0,0,0,0,0,0,-71.85,0,0,-51.175,0,-86.975,0,0,0,0,0,0,0,0,0,0,0,0,0,0,0,0,0,-56.2,-54.9,-66.3,-67.275,0,0,0,0,-78.175,-78.175,0,0,-55.85,-55.625,-57.625,-59.5,0,0,0,0,0,0,0,0,0,0,0,0,0,0,0,0,0,0,0,0,0,0,0,0,0,0,0,0,0,0,0,0,0,0,0,0,0,0,0,0,0,0,0,0,0,0,0,0,-82.95,-68.15,0,0,0,0,0,0,0,0,0,0,0,0,0,0,-71.7,-71.35,0,0,0,0,0,0,0,-20.25,-20.025,-75.9,0,0,0,0,0,0,0,0,0,0,0,0,0,0,0,0,0,0,0,0,0,0,0,0,0,0,0,0,0,0,0,0,0,0,0,0,0,-55.625,0,0,0,0,0,0,0,0,0,-20.925,0,0,0,-2.075,0,-2.075,0,-64.15,-50,0,0,0,0,0,0,0,0,0,0,0,0,0,0,0,0,0
5,11.68,-1.53,8.4,5.33236607142857,-10.7839288928571,-35.5165195357143,0.146678571428571,-0.571017857142857,9.83358267857143,-14696.4285714286,0,0,0,-59.4285714285714,-50.2857142857143,-66.1071428571429,-57.3571428571429,0,0,0,-65.2142857142857,0,0,0,0,0,0,0,0,0,0,0,0,-67.5714285714286,0,-69,-69.9285714285714,0,-86.2142857142857,0,0,0,0,0,0,0,0,0,0,0,0,0,0,0,0,0,-59.4285714285714,-59.5714285714286,-56.5714285714286,-56.5714285714286,0,0,0,0,-80.0714285714286,-80.0714285714286,0,0,-54.2857142857143,-54.1785714285714,-55,-55,0,0,0,0,0,0,0,0,0,0,0,0,0,0,0,0,0,0,0,0,0,0,0,0,0,0,0,0,0,0,0,0,0,0,0,0,0,0,0,0,0,0,0,0,0,0,0,0,-62.1071428571429,-62.4285714285714,-26.3571428571429,0,0,0,0,0,0,0,0,0,0,0,0,0,-56.5714285714286,-56.5714285714286,0,0,0,0,0,0,0,-70.7142857142857,-69.9285714285714,-49.2857142857143,0,0,0,0,0,0,0,0,0,0,0,0,0,0,0,0,0,0,0,0,0,0,0,0,0,0,0,0,0,0,0,0,0,0,0,0,0,0,0,0,0,0,0,0,0,0,0,-73.0714285714286,0,0,0,0,0,0,0,-60.8571428571429,-62.8571428571429,0,0,0,0,0,0,0,0,0,0,0,0,0,0,0,0,0
6,11.76,-2.44,8.4,6.11314672413793,-10.8336210344828,-40.2963380689655,0.684651724137931,-0.170456896551724,9.7833055862069,-14451.724137931,0,0,0,-48.9655172413793,-58,-67.5862068965517,-35.2413793103448,0,0,0,-40.0689655172414,0,0,0,0,0,0,0,0,0,0,0,0,-41.5172413793103,0,-66.6206896551724,-90.7931034482759,0,-82.448275862069,0,0,0,0,0,0,0,0,0,0,0,0,0,0,0,0,0,-64.0689655172414,-62.9310344827586,-70.5862068965517,-69.3103448275862,0,0,0,0,-61.8620689655172,-61.8620689655172,0,0,-57.8275862068966,-58.7241379310345,-59.2068965517241,-59.2068965517241,0,0,0,0,0,0,0,0,0,0,0,0,0,0,0,0,0,0,0,0,0,0,0,0,0,0,0,0,0,0,0,0,0,0,0,0,-69.1379310344828,-69.1379310344828,0,0,0,0,0,0,0,0,0,0,-66.2758620689655,-66.3793103448276,-65.0344827586207,0,0,0,0,0,0,0,0,0,0,0,0,0,-75.7241379310345,-75.7241379310345,-29.9655172413793,-29.5862068965517,0,0,0,0,0,-43.448275862069,-42.9655172413793,0,0,0,0,0,0,0,0,0,0,0,0,0,0,0,0,0,0,0,0,0,0,0,0,0,0,0,0,-34.8965517241379,0,0,0,0,0,0,0,0,0,0,0,0,0,0,0,0,0,0,0,-44.8965517241379,0,0,0,-32.2413793103448,0,0,0,-57.4137931034483,-75.3103448275862,0,0,0,0,0,0,0,0,0,0,0,0,0,0,0,0,0
7,12.33,-2.49,8.4,-14.1453954736842,1.21184210526316,-38.31612,-0.225678947368421,-0.405197368421053,9.91006652631579,-14963.1578947368,0,0,0,-52,-49.1578947368421,-60.9473684210526,-3.47368421052632,0,0,0,-49.2631578947368,0,0,0,0,0,0,0,0,0,0,0,0,0,0,-26.5263157894737,-76.6315789473684,0,-86.8421052631579,0,0,0,0,0,0,0,0,0,0,0,0,0,0,0,0,0,-57.4210526315789,-58.0526315789474,-59.7894736842105,-58.1052631578947,0,0,0,0,-80.1578947368421,-80.1578947368421,0,0,-50.2631578947368,-50.5789473684211,-56.4210526315789,-56.4210526315789,0,0,0,0,0,0,0,0,0,0,0,0,0,0,0,0,0,0,0,0,0,0,-4.73684210526316,0,0,0,0,0,0,0,0,0,0,0,0,0,-76.4736842105263,-76.4736842105263,0,0,0,0,0,0,0,0,0,0,-62.8421052631579,-62.8947368421053,-69.0526315789474,-4.15789473684211,0,0,0,0,0,0,0,0,0,0,0,0,-69.6842105263158,-69.6842105263158,-66.5263157894737,-65.6842105263158,0,0,0,0,0,0,0,0,0,0,0,0,0,0,0,0,0,0,0,0,0,0,0,0,0,0,0,0,0,0,0,0,0,0,0,-77.4736842105263,0,0,0,0,0,0,0,0,0,0,0,0,0,0,0,0,0,0,0,0,0,0,0,-71.5789473684211,0,0,0,-60.0526315789474,-72.3684210526316,0,0,0,0,0,0,0,0,0,0,0,0,0,0,0,0,0
8,13.26,-2.49,8.4,-17.7716918235294,7.20110311764706,-44.7540460588235,-0.416594117647059,-0.536532352941176,9.78369752941176,-14552.9411764706,0,0,0,-51.6470588235294,-47.6470588235294,-65.2941176470588,-65.2941176470588,0,0,0,-77.6470588235294,0,0,0,0,0,0,0,0,0,0,0,-10.7058823529412,0,0,-9.05882352941176,-80.2941176470588,0,-90.8823529411765,0,0,0,0,0,0,0,0,0,0,0,0,0,0,0,0,0,-52.5294117647059,-52.4117647058824,-62.6470588235294,-60.8823529411765,0,0,0,0,-85.7058823529412,-82.2941176470588,0,0,-48.4117647058824,-48.4117647058824,-59.1176470588235,-59.1176470588235,0,0,0,0,0,0,0,0,0,0,0,0,0,0,-9.17647058823529,-9.17647058823529,0,0,0,0,0,0,-79.4117647058823,0,0,0,0,0,0,0,0,0,-10.3529411764706,-10.4705882352941,0,0,-71.5882352941177,-71.7058823529412,0,0,0,0,0,0,0,0,0,0,-59.7647058823529,-60.6470588235294,0,-79.1176470588235,0,0,0,0,0,0,0,0,0,0,0,0,-68.9411764705882,-68.7058823529412,-69.7058823529412,-68.8235294117647,0,0,0,-10.5882352941176,-10.5882352941176,0,0,0,0,0,0,0,0,0,0,0,0,0,0,0,0,0,0,0,0,0,0,0,0,0,0,0,0,0,0,-81.1764705882353,0,0,0,0,0,0,0,0,0,0,0,0,0,0,0,0,0,0,0,0,0,0,-10.8235294117647,-75,0,0,0,-66.5294117647059,-79.1176470588235,0,0,0,0,0,0,0,0,0,0,0,0,0,0,0,0,0
9,14.19,-2.52,8.4,-14.6100006666667,5.95250013333333,-44.9937520666667,-0.22466,-0.6688,9.81408046666667,-14586.6666666667,0,0,0,-49,-46.8,-58.8,-52,0,0,0,-65,0,0,0,0,0,0,0,0,0,0,-37.2,-87.4,0,0,-66.7333333333333,-54.6,0,-75,0,0,0,0,0,0,0,0,0,0,0,0,0,0,0,0,0,-47.8,-47.2,-42.6,-41.4,0,0,0,0,-93.6,-76.2,0,0,-41.6,-41.6,-40.2,-40.2,0,0,0,0,0,0,0,0,0,0,0,0,-33.2,-33.2,-67.6,-67.6,0,0,0,0,-37.2,-36.8,-78,0,0,0,0,0,0,0,0,0,-76.2666666666667,-87,0,0,-61.8,-62.4,-32.8,-32.8,0,0,0,0,0,0,0,0,-56.4,-56.8,0,-77.2,0,0,0,0,0,0,0,0,0,0,0,0,-57.8,-57,-47.4,-46.8,0,0,0,-88.8,-89.2,0,0,0,0,0,0,0,0,0,0,0,0,0,0,0,0,0,0,0,0,0,0,0,0,0,0,0,0,0,0,-55.2,0,0,0,0,0,0,0,0,0,0,0,0,0,-36,0,0,0,0,0,-31.6,0,0,-88.4,-51,0,0,0,-61.4,-69.3333333333333,0,0,0,0,0,0,0,0,0,0,0,0,0,0,0,0,0
10,15.11,-2.5,8.4,-12.0066970714286,8.98392885714286,-37.4665191428571,-0.108214285714286,-1.39135714285714,9.67043614285714,-14585.7142857143,0,0,0,-49.6428571428571,-46.2857142857143,-57.8571428571429,-51.4285714285714,0,0,0,-75,0,0,0,0,0,0,0,0,0,0,-79.7142857142857,-70.2857142857143,0,0,-66,0,0,-75,0,0,0,0,0,0,0,0,0,0,0,0,0,0,0,0,0,-46.8571428571429,-46.8571428571429,0,0,0,0,0,0,-75,-75,0,0,-38.6428571428571,-38.6428571428571,0,0,0,0,0,0,0,0,0,0,0,0,0,0,-84.0714285714286,-84.0714285714286,-66.8571428571429,-66.8571428571429,0,0,0,0,-92.7857142857143,-92,-77.1428571428571,0,0,0,0,0,0,0,0,0,-88.6428571428571,-85.7142857142857,0,0,-64.5,-64.5,-70.2857142857143,-70.2857142857143,0,0,-19.0714285714286,-19.0714285714286,0,0,0,0,-53.5714285714286,-54.3571428571429,0,-62.5714285714286,0,0,0,0,0,0,0,0,0,0,0,0,-53.4285714285714,-54,-13.0714285714286,-12.6428571428571,0,0,0,-86.5714285714286,-87.3571428571429,0,0,0,0,0,0,0,0,0,0,0,0,0,0,0,0,0,0,0,0,0,0,0,0,0,0,0,0,0,0,0,0,0,0,0,0,0,0,0,0,0,0,0,0,-77.1428571428571,0,0,0,0,0,-67.7142857142857,0,0,-83.2142857142857,0,0,0,0,-58.5714285714286,-78.0714285714286,0,0,0,0,0,0,0,0,0,0,0,0,0,0,0,0,0
11,15.1,-1.88,8.4,6.67265625,20.63437575,-39.67148625,-0.849440625,-0.7550625,9.5333913125,-14806.25,0,0,0,-48.0625,-23.625,-62.6875,-62.25,0,0,0,-65.625,0,0,0,0,0,0,0,0,0,0,-93,-86.5,0,0,-67.375,0,0,-80.625,0,0,0,0,0,0,0,0,0,0,0,0,0,0,0,0,0,-49.4375,-48.875,0,0,0,0,0,0,-81.1875,-81.75,0,0,-41,-41,0,0,0,0,0,0,0,0,0,0,0,0,0,0,-90.25,-90.8125,-68.25,-68.25,0,0,0,0,-80.5,-80.5,-39.375,0,0,0,0,0,0,0,0,0,-87.625,-88.625,0,0,-61.25,-61.25,-71.75,-71.75,0,0,-77.875,-77.875,0,0,0,0,-59.875,-59.875,-44.4375,-63.875,0,0,0,0,0,0,0,0,0,0,0,0,-52.1875,-52.3125,-53.375,-51.625,0,0,0,-82.75,-82.75,0,0,0,0,0,0,0,0,0,0,0,0,0,0,0,0,0,0,0,0,0,0,0,0,0,0,0,0,0,0,0,0,0,0,0,0,0,0,0,0,0,0,0,0,-78.75,0,0,0,0,0,-69.125,0,0,-89.625,0,0,0,0,-49.875,-62.125,0,0,0,0,0,0,0,0,0,0,0,0,0,0,0,0,0
12,15.04,-0.96,8.4,4.56286764705882,22.0091921176471,-39.6286782941176,-0.168811764705882,-0.724773529411765,9.79412688235294,-14905.8823529412,0,0,0,-45.8235294117647,0,-56.5882352941176,-48.9411764705882,0,0,0,-74.1764705882353,0,0,0,0,0,0,0,0,0,0,-71.1176470588235,-68.8235294117647,0,0,-22.6470588235294,0,0,-65,0,0,0,0,0,0,0,0,0,0,0,0,0,0,0,0,0,-53.9411764705882,-53.7647058823529,0,0,0,0,0,0,-65.7647058823529,-66.5294117647059,0,0,-40.1764705882353,-40.1764705882353,0,0,0,0,0,0,0,0,0,0,0,0,0,0,-70.3529411764706,-71.1176470588235,-22.9411764705882,-22.9411764705882,0,0,0,0,-87.8823529411765,-87.8823529411765,0,0,0,0,0,0,0,0,0,0,-82.5294117647059,-82.7058823529412,0,0,-78.2352941176471,-78.2352941176471,-62.7058823529412,-62.7058823529412,0,0,-68.0588235294118,-68.0588235294118,0,0,0,0,-64.3529411764706,-64.3529411764706,-60.4117647058824,-55.8235294117647,0,0,0,0,0,0,0,0,0,0,0,0,-50.8235294117647,-51,-46.6470588235294,-45.1176470588235,0,0,0,-61.9411764705882,-61.9411764705882,0,0,-72.4705882352941,0,0,0,0,0,0,0,0,0,0,0,0,0,0,0,0,0,0,0,0,0,0,0,0,0,0,0,0,0,0,0,0,0,0,0,0,0,0,0,0,0,-68.8235294117647,0,0,0,0,0,-78.1764705882353,0,0,-71.8823529411765,0,0,0,0,-60.2941176470588,-54.2941176470588,0,0,0,0,0,0,0,0,0,0,0,0,0,0,0,0,0
13,14.99,-0.04,8.4,4.13671875,21.390235375,-38.7761735625,-0.2262,-0.553884375,9.6184974375,-14675,0,0,0,-42.375,-5.875,-57.125,-50.75,0,0,0,-70.875,0,0,-72.625,0,0,0,0,0,0,0,-91.625,-80.5,-67.375,-81.375,0,0,0,-81.375,0,0,0,0,0,0,0,0,0,0,0,0,0,0,0,0,0,-58,-53.625,-7.25,-7.25,0,0,0,0,-88.125,-88.125,0,0,-34.875,-34.875,-6.25,-6.25,0,0,0,0,0,0,0,0,0,0,0,0,-81.375,-81.375,0,0,0,0,0,0,-65.25,-74.375,-63.875,-63.875,0,0,0,0,0,0,0,0,-61.5,-72.125,0,0,-73.5,-72.625,0,0,0,0,-66.75,-66.75,0,0,0,0,-67.125,-67.125,-59.25,0,0,0,0,0,0,0,0,0,0,0,0,0,-51.125,-51.125,-45.75,-44.25,0,0,0,-83.625,-83.625,-10.25,0,-66,0,0,0,0,0,0,0,0,0,0,0,0,0,0,0,0,0,0,0,0,0,0,0,0,0,0,0,0,0,0,0,0,0,0,0,0,0,0,0,0,0,0,0,0,0,0,0,-58.5,0,0,-70.5,0,0,0,0,-53.75,-53.25,0,0,0,0,0,0,-83.125,0,0,0,0,0,0,0,0,0,0
14,14.94,0.91,8.4,4.974375,20.87156335,-37.84500195,-0.555795,-0.5873925,9.7833079,-14770,0,0,0,-46.2,-42.3,-58.8,-52.2,-30,0,0,-63,0,0,-74.7,0,0,0,0,0,0,0,-88.2,-92.4,-56.7,-90.6,-26,0,0,-92.6,0,0,0,0,0,0,0,0,0,0,0,0,0,0,0,0,0,-56.4,-56.4,-52.2,-52.2,0,0,0,0,-90.6,-90.6,0,0,-38.2,-38.2,-45,-45,0,0,0,0,0,0,0,0,0,0,0,0,-83.7,-83.7,0,0,0,0,0,0,-78.3,-83.8,-65.7,-65.7,0,0,0,0,0,0,0,0,-80.8,-82.6,0,0,-75.6,-75.6,0,0,0,0,-8.9,-8.9,0,0,0,0,-70,-70,-47.4,0,0,0,0,0,0,0,0,0,0,0,0,0,-50,-50,-6.1,-5.9,0,0,0,-82.2,-82.2,-73.8,0,-79.2,0,0,0,0,0,0,0,0,0,0,0,0,0,0,0,0,0,0,0,0,0,0,0,0,0,0,0,0,0,0,0,0,0,0,0,0,0,0,0,0,0,0,0,0,0,0,0,-70.2,0,0,-56.4,0,0,0,0,-57.6,-7.1,0,0,0,0,0,0,-85.5,0,0,0,0,0,0,0,0,0,0
15,14.86,1.86,8.4,3.57475961538462,22.5504819230769,-36.6858189230769,-0.405271153846154,-0.989775,9.76557161538462,-15146.1538461538,0,0,0,-47.3076923076923,-39.7692307692308,-53.7692307692308,-49.2307692307692,-63.4615384615385,0,0,-60.2307692307692,0,0,-57.4615384615385,0,0,0,0,0,-20.5384615384615,0,-87,-78.6923076923077,-53.3076923076923,-73.6153846153846,-61.2307692307692,0,0,-86.7692307692308,0,0,0,0,0,0,0,0,0,0,0,0,0,0,0,0,0,-57.2307692307692,-57,-49.0769230769231,-49.0769230769231,0,0,0,0,-78.6923076923077,-78.6923076923077,0,0,-37.9230769230769,-38.3846153846154,-42.3076923076923,-44.7692307692308,0,0,0,0,0,0,0,0,0,0,0,0,-86.4615384615385,-87.0769230769231,0,0,0,0,0,0,-74.1538461538462,-73.2307692307692,-50.5384615384615,-50.5384615384615,0,0,0,-16.6153846153846,0,0,0,0,-76.9230769230769,-76.9230769230769,0,0,-77.7692307692308,-83.3076923076923,0,0,0,0,0,0,0,0,0,0,-74.6153846153846,-74.6153846153846,0,0,0,0,0,0,0,0,0,0,0,0,0,0,-47,-46.3076923076923,0,0,0,0,0,-71.0769230769231,-71.0769230769231,-69.3846153846154,0,-27.0769230769231,0,0,0,0,0,0,0,0,0,0,0,0,0,0,0,0,0,-66.4615384615385,-66.6923076923077,0,0,0,0,0,0,0,0,0,0,0,0,0,0,0,0,0,0,0,0,0,0,0,0,0,0,0,0,-24,0,0,0,0,0,0,0,-54.1538461538462,0,0,0,-52.9230769230769,0,0,0,-87.0769230769231,0,-58.4615384615385,0,0,0,0,0,0,0,0
16,14.8,2.76,8.4,3.19261363636364,20.9752853181818,-37.0772746363636,0.0657681818181818,-0.957361363636364,9.64332322727272,-15018.1818181818,0,0,0,-49,-23.5,-55,-55,-68.1818181818182,0,0,-65.4545454545455,0,0,0,0,0,0,0,0,-88.5,0,-86.5,-84.5454545454545,-31.5,-79.0909090909091,-60.9090909090909,0,0,-86.3636363636364,0,0,0,0,0,0,0,0,0,0,0,0,0,0,0,0,0,-50.9090909090909,-56.5,-29,-29,0,0,0,0,-84.5454545454545,-84.5454545454545,0,0,-42,-42,-52,-49,0,0,0,0,0,0,0,0,0,0,0,0,-85.4545454545455,-86.3636363636364,0,0,0,0,0,0,-70,-70.9090909090909,-31,0,0,0,0,-74,0,0,0,0,-77,-77,0,0,-77.2727272727273,-83.5,0,0,0,0,0,0,0,0,0,0,-72.5,-72.5,0,0,0,0,0,0,0,0,0,0,0,0,0,0,-46,-46.5,0,0,0,0,0,-76.3636363636364,-76.3636363636364,-41,0,0,0,0,0,0,0,0,0,0,0,0,0,0,0,0,0,0,0,-87.2727272727273,-88.1818181818182,0,0,0,0,0,0,0,0,0,0,0,0,0,0,0,0,0,0,0,0,0,0,0,0,0,0,0,0,0,0,0,0,0,0,0,0,-66.5,0,0,0,-78.1818181818182,0,0,0,-85.4545454545455,0,-86.3636363636364,0,0,0,0,0,0,0,0
17,14.74,3.67,8.4,4.7953125,22.8554697083333,-37.6539081666667,-0.15638125,-1.418675,9.68020683333333,-15179.1666666667,0,0,0,-47.6666666666667,0,-59,-61,0,0,0,-63.25,0,0,0,0,0,0,0,0,-86.6666666666667,0,-82,0,-69.6666666666667,-80.6666666666667,-65.0833333333333,0,0,-63.3333333333333,0,0,0,0,0,0,0,0,0,0,0,0,0,0,0,0,0,-60,-60.3333333333333,-66.9166666666667,-66,0,0,0,0,-84.3333333333333,0,0,0,-44.6666666666667,-44.3333333333333,-46.75,-45.8333333333333,0,0,0,0,0,0,0,0,0,0,0,0,-62.6666666666667,-63.3333333333333,0,0,0,0,0,0,-77.9166666666667,-77.9166666666667,-56.8333333333333,0,0,0,0,-69.6666666666667,0,0,0,0,-74.6666666666667,-74,0,0,-82,-81.6666666666667,0,0,0,0,0,0,0,0,0,0,-73,-74,0,0,0,0,0,0,0,0,0,0,0,0,0,0,-43,-43.3333333333333,0,-57.3333333333333,0,0,0,0,0,0,-69.6666666666667,0,0,0,0,0,0,0,0,0,0,0,0,0,0,0,0,0,0,-95,-95,0,0,0,0,0,0,0,0,0,0,-85.25,0,0,0,0,0,0,0,0,0,0,0,0,0,0,0,0,0,0,0,0,0,0,0,0,0,-63.25,0,0,0,-57.3333333333333,0,-91.6666666666667,0,-93.3333333333333,0,-94,0,0,0,0,0,0,0,0
18,14.7,4.54,8.4,7.40710236363637,22.9815348181818,-37.8630697272727,-0.112540909090909,-1.20686590909091,9.61236872727273,-15481.8181818182,0,0,0,-55.7727272727273,-41.4545454545455,-62.8636363636364,-59.1818181818182,0,0,0,-68.0454545454545,0,0,-50.1818181818182,0,0,0,0,-48,-82.2272727272727,0,-73.5,0,-65.6363636363636,-76,-61.3181818181818,0,0,0,0,0,0,0,0,0,0,0,0,0,0,0,0,0,0,0,0,-59.9545454545455,-63.4090909090909,-63.0454545454545,-62.1818181818182,0,0,0,0,-87.5,-66.5909090909091,0,0,-47.0909090909091,-46.8181818181818,-44.0454545454545,-51.3636363636364,0,0,0,0,0,0,0,0,0,0,0,0,0,0,0,0,0,0,0,0,-73.4090909090909,-73.4090909090909,-65.7272727272727,-53.8181818181818,0,0,0,-65.6363636363636,0,0,0,0,-62.1818181818182,-62.1818181818182,0,0,-79.2272727272727,-80.4545454545455,0,0,0,0,0,0,0,0,0,0,-72.2727272727273,-72.5,0,0,0,0,0,0,0,0,0,0,0,0,0,0,-44.0454545454545,-44.2727272727273,-32.7272727272727,-44.0909090909091,0,0,0,0,0,0,-65.6363636363636,0,0,0,0,0,0,0,0,0,0,0,0,0,0,0,0,0,0,-94.5,-94.5,0,0,0,0,0,0,0,0,0,0,-81.5909090909091,0,0,0,0,0,0,0,0,0,0,0,0,0,0,0,0,0,0,-4.31818181818182,0,0,0,0,0,0,-59.5909090909091,0,0,0,0,0,-83.4545454545455,0,-79.4545454545455,-64.9090909090909,-79.4545454545455,0,0,0,0,0,0,0,0
19,14.6,5.39,8.4,6.31875,21.74850096,-38.51850168,-0.014952,-0.821358,9.81266452,-15236,0,0,0,-60.72,-52.44,-68.56,-68.92,0,0,0,-66.24,0,0,-63.48,0,0,0,0,-58.88,-80.84,0,-73.48,0,-27.36,-31.68,-25.56,0,0,0,0,0,0,0,0,0,0,0,0,0,0,0,0,0,0,0,0,-62.2,-62.56,-26.28,-25.92,0,0,0,0,-81.88,-81.88,0,0,-49.28,-49.56,-18.36,-50.6,0,0,0,0,0,0,0,0,0,0,0,0,0,0,0,0,0,0,0,0,-30.6,-30.6,-65.32,-68.08,0,0,0,0,0,0,0,0,-64.28,-64.28,0,0,-79.48,-79.48,0,0,0,0,0,0,0,0,0,0,-74.28,-74.28,0,0,0,0,0,0,0,0,0,0,0,0,0,0,-42.08,-42.08,-41.4,-46.28,0,0,0,-59.52,-59.52,0,-27.36,0,0,0,0,0,0,0,0,0,0,0,0,0,0,0,0,0,0,-92.72,-92.08,0,0,0,0,0,0,0,0,0,0,-83.28,0,0,0,0,0,0,0,0,0,0,0,-57.6,0,0,0,0,0,-44.8,-95,0,0,-52.48,0,0,0,0,0,0,0,-51.2,0,-83.08,-50.56,-84.64,-84,-84.64,0,0,0,0,0,0,0,0
20,14.533125,5.84,8.4,5.126953125,20.2435553125,-39.95097815625,0.079621875,-0.391903125,9.838181625,-15540.625,0,0,0,-55.34375,-53.5625,-67.84375,-61.5,-5.3125,0,0,-65.53125,0,0,-65.59375,0,0,0,0,-52,-67.4375,-4.125,-72.90625,0,0,0,-67.71875,0,-72.5625,-56.28125,0,0,0,0,0,0,0,0,0,0,0,0,0,0,0,0,0,-63.84375,-63.96875,0,0,0,0,0,0,-77.6875,-77.6875,0,0,-50.5,-50.53125,0,-50.65625,0,0,0,0,0,0,0,0,0,0,0,0,0,0,0,0,0,0,0,0,0,0,-34.21875,-35.5,0,0,0,0,0,0,0,0,-66.5625,-66.625,0,0,-75.78125,-75.78125,0,0,0,0,0,0,0,0,0,0,-74.78125,-74.40625,0,0,0,0,0,0,0,0,0,0,0,0,0,0,-41.96875,-41.96875,-21.46875,-41.375,0,0,0,-75.5625,-75.5625,0,0,0,0,0,0,0,0,0,0,0,0,0,0,0,0,0,0,0,0,-84.4375,-84.40625,-46.75,0,0,0,0,0,0,-84.59375,0,0,-85.0625,0,0,0,0,0,0,0,0,0,0,0,-73.125,0,0,0,0,0,-56.875,-83.0625,0,0,-66.625,0,0,0,-45.34375,-47.8125,0,0,-65,0,-85.96875,-68.875,-2.875,-85.375,-2.875,0,0,0,0,0,0,0,0
21,13.65,5.7905,8.4,23.3671883,-0.1134375,-45.02156395,-0.585885,-0.217215,9.8211978,-15545,0,0,0,-57.8,-53.1,-71.6,-66.6,-76.5,0,0,-67.5,0,0,-63,0,0,0,0,0,-33.2,-59.4,-74.8,0,0,0,-63.9,0,-77.4,-94.2,0,0,0,0,0,0,0,0,0,0,0,0,0,0,0,0,0,-59,-59.2,0,0,0,0,0,0,-77.4,-77.4,0,0,-51.6,-51.6,0,-52.2,0,0,0,0,0,0,0,0,0,0,0,0,0,0,0,0,0,0,0,0,0,0,-77.4,-78.3,0,0,0,0,0,0,0,0,-68.8,-69.2,0,0,-77.4,-77.4,0,0,0,0,0,0,0,0,0,0,-73.4,-73.4,0,0,0,0,0,0,0,0,0,0,0,0,0,0,-43.8,-44.4,-45.9,-45.9,0,0,0,-37.2,-37.2,0,0,0,0,0,0,0,0,0,0,0,0,0,0,0,0,0,0,0,0,-81,-81,-79.2,0,0,0,0,0,0,-92.6,0,-57,-82.8,0,0,0,0,0,0,0,-53.4,0,0,0,-36,0,0,0,0,0,-28,-84.6,0,0,-32.8,0,0,0,-69.8,-81,0,0,-32,0,-83.8,-67.5,0,-82.8,0,0,0,0,0,0,0,0,0
22,12.72,5.78,8.4,24.5885876956522,1.65733695652174,-44.6453816521739,-0.806915217391304,-0.454095652173913,9.77192008695652,-15726.0869565217,0,0,0,-53.9565217391304,-53.3478260869565,-69.0434782608696,-66.5217391304348,-70.2173913043478,0,0,-16.304347826087,0,0,-57.8260869565217,0,0,0,0,-9.56521739130435,-13.0434782608696,-54.5217391304348,-72.5217391304348,0,0,0,-64.8260869565217,0,-18.695652173913,-86.3913043478261,0,0,0,0,-15.4782608695652,0,0,0,0,0,0,0,0,0,0,0,0,-64.5652173913043,-63.7391304347826,0,0,0,0,0,0,-91.5652173913043,-91.1304347826087,0,0,-50.0869565217391,-50.0869565217391,0,-12.6086956521739,0,0,0,0,0,0,0,0,0,0,0,0,0,0,0,0,0,0,0,0,-66.0869565217391,-66.0869565217391,-71.0434782608696,-73.1739130434783,-16,-16.1739130434783,0,-56.3478260869565,0,0,0,0,-66.4347826086957,-66.4347826086957,0,0,-77.695652173913,-77.695652173913,0,0,0,0,0,0,0,0,0,0,-78.2173913043478,-77.6086956521739,0,0,0,0,0,0,0,0,0,0,0,0,0,0,-47.3478260869565,-47.5652173913044,-46.5652173913044,-46.5652173913044,0,0,0,0,0,0,0,0,0,0,-74.5217391304348,0,0,0,0,0,0,0,0,0,0,0,0,0,0,-74.3478260869565,-74.3478260869565,-65.0434782608696,0,0,0,0,0,-14.0869565217391,-75.1739130434783,-16.3478260869565,-78.4782608695652,-75.2173913043478,0,0,0,0,0,0,0,-73.5217391304348,0,0,0,0,0,0,0,0,0,0,-77.6521739130435,0,0,0,0,0,0,-57,-82.5217391304348,0,0,0,0,-83.7826086956522,-68.1304347826087,0,-82,-59.1304347826087,0,0,0,0,0,0,0,0
23,11.79,5.78956521739131,8.4,22.698914,2.62336956521739,-43.6279907391304,-0.581876086956522,-0.649963043478261,9.82509169565217,-15760.8695652174,0,0,0,-57.695652173913,-46.2608695652174,-72.1739130434783,-56.1739130434783,-33.2608695652174,0,0,0,0,0,-27.3913043478261,0,0,0,0,-45.4347826086956,-61.9565217391304,-25.8260869565217,-69,0,0,0,-58.6521739130435,0,0,-76.8260869565217,0,0,0,0,-73.5217391304348,0,0,0,0,0,0,0,0,0,0,0,0,-65.2173913043478,-65.2173913043478,0,0,0,0,0,0,-74.3478260869565,-75.1739130434783,0,0,-57.4782608695652,-57.4782608695652,0,0,0,0,0,0,0,0,0,0,0,0,0,0,0,0,0,0,0,0,0,0,-78.4782608695652,-78.4782608695652,-33.6521739130435,-64.4347826086957,-76,-76.8260869565217,0,-66.9130434782609,0,0,0,0,-65.6086956521739,-65.6086956521739,0,0,-78.2173913043478,-78.2173913043478,-61.9130434782609,-61.9130434782609,0,0,0,0,0,0,0,0,-82,-82,0,0,0,0,0,0,0,0,0,0,0,0,0,0,-52.8695652173913,-52.8695652173913,-42.1304347826087,-42.1304347826087,0,0,0,0,0,0,0,0,0,0,-79.304347826087,0,0,0,0,0,0,0,0,0,0,0,0,0,0,-35.2173913043478,-35.2173913043478,0,0,0,0,0,0,-66.9130434782609,-75.1739130434783,-77.6521739130435,-78.4782608695652,-69.3913043478261,0,0,0,0,0,0,0,-73.5217391304348,0,0,0,0,0,0,0,0,0,0,-36.7826086956522,0,0,0,0,0,0,-57,-76,0,0,0,0,-84.695652173913,-60.304347826087,-59.1304347826087,-83.3913043478261,-85,0,0,0,0,0,0,0,0
24,10.85,5.78,8.4,21.0742795384615,5.64807692307692,-41.3127417307692,-0.654715384615384,-1.07199807692308,9.74388503846154,-15653.8461538462,0,0,0,-55.7692307692308,-60.2307692307692,-74.4615384615385,-71.8461538461538,0,0,0,0,0,0,0,0,0,0,0,-52.8846153846154,-72.1153846153846,0,-70.3846153846154,-89.4230769230769,0,0,-68.2692307692308,0,0,-90.3846153846154,0,0,0,0,-88.4615384615385,0,0,0,0,0,0,0,0,0,0,0,0,-64.7692307692308,-65.3846153846154,0,0,0,0,0,0,-90,-90.6153846153846,0,0,-55.5384615384615,-55.5384615384615,0,0,0,0,0,0,0,0,0,0,0,0,0,0,0,0,0,0,0,0,0,0,-58.4615384615385,-58.4615384615385,-34.6153846153846,-82.2307692307692,-88.4615384615385,-89.4230769230769,0,-49.8461538461538,0,0,0,0,-67.3846153846154,-67.3846153846154,0,0,-77.3846153846154,-78,-85.5769230769231,-85.5769230769231,0,0,0,0,0,0,0,0,-81.3076923076923,-82.3076923076923,0,0,0,0,0,0,0,0,0,0,0,0,0,0,-52.3846153846154,-52.3846153846154,-49.0384615384615,-49.0384615384615,0,0,0,0,0,0,0,0,0,0,-91.3461538461538,0,0,0,0,0,0,0,0,0,0,0,0,0,0,0,-93.2692307692308,0,0,0,0,0,0,-77.8846153846154,-36.1538461538462,-90.3846153846154,0,-84.7692307692308,0,0,0,0,0,0,0,0,0,0,0,0,0,0,0,0,0,0,0,0,0,0,0,0,0,0,-88.4615384615385,0,0,-74.1538461538462,0,-87,-74.1538461538462,-83.6538461538462,-80.4615384615385,-83.6538461538462,0,0,0,0,0,0,0,0
25,9.99,5.78,8.4,20.1943975517241,5.85193965517241,-40.2368555172414,-0.576594827586207,-0.998136206896551,9.80530903448276,-15272.4137931034,0,0,0,-62.2068965517241,-55.448275862069,-64.6551724137931,-64.551724137931,0,0,0,-46.3448275862069,0,0,0,0,0,0,0,0,0,0,-74.1034482758621,-76.9655172413793,0,-81.0344827586207,0,0,0,-84.551724137931,0,0,0,0,-76.1379310344828,0,0,0,0,0,0,0,0,0,0,0,0,-69.8965517241379,-69,0,0,0,0,0,0,-74.4827586206897,-74.4827586206897,0,0,-58.1034482758621,-58.1034482758621,0,0,0,0,0,0,0,0,0,0,0,0,0,0,0,0,0,0,0,0,0,0,0,0,-74.4827586206897,-73.6551724137931,-81.0344827586207,-81.0344827586207,0,0,0,0,0,0,-68.8965517241379,-68.448275862069,0,0,-76.6551724137931,-76.6551724137931,-36.8275862068966,-36.8275862068966,0,0,0,0,0,0,0,0,-84.448275862069,-84.448275862069,0,0,0,0,0,0,0,0,0,0,0,0,0,0,-57,-57,-42.2068965517241,0,0,0,0,-81.0344827586207,-81.0344827586207,0,0,0,0,0,-78.6206896551724,0,0,0,0,0,0,0,0,0,0,0,0,0,0,0,-80.2758620689655,0,0,0,0,0,0,0,-77.7931034482759,0,-50.7586206896552,-71.1724137931034,0,0,0,0,0,0,0,0,0,0,0,0,0,0,0,0,0,0,0,0,0,0,0,0,0,0,0,0,0,-74.4827586206897,0,-83.8965517241379,-62.8965517241379,-73.2758620689655,-83.551724137931,-72.4137931034483,0,0,0,0,0,0,0,0
26,9.11000000000001,5.78,8.4,20.2644238461539,5.60144233333333,-39.3995207692308,-0.481088461538462,-0.994953846153846,9.78348123076923,-15405.1282051282,0,0,0,-57.8205128205128,-24.0512820512821,-76,-28,0,0,0,-68.9230769230769,0,0,0,0,0,0,0,-10.6666666666667,-15.3846153846154,0,-72.3333333333333,0,0,-62.6666666666667,-70.2307692307692,-18.4615384615385,0,-93.3846153846154,0,0,0,0,0,0,0,0,0,0,0,0,0,0,0,0,0,-66.1282051282051,-74.4102564102564,0,0,0,0,0,0,-78,-89.1282051282051,0,0,-62.5384615384615,-62.7435897435897,0,0,0,0,0,0,0,0,0,0,0,0,0,0,0,0,0,0,0,0,0,0,0,0,-32.3076923076923,-31.9487179487179,-82.5641025641026,-82.5641025641026,0,0,0,0,0,0,-66.5384615384615,-66.5384615384615,-15.1794871794872,-51.1794871794872,-71.2051282051282,-71.2051282051282,0,0,0,0,0,0,0,0,0,0,-77.1794871794872,-77.1794871794872,-18.2564102564103,0,0,0,0,0,0,0,0,0,0,0,0,0,-57.2564102564103,-57.9230769230769,-59.025641025641,-13.1282051282051,0,0,0,-62.6666666666667,-62.6666666666667,0,0,0,0,0,0,0,0,0,0,0,0,0,0,0,0,0,0,0,0,0,0,0,0,0,0,0,0,0,-86.6666666666667,0,-88.8461538461538,-78.7692307692308,0,0,0,0,0,0,0,0,0,0,0,-17.2307692307692,0,0,0,0,0,0,0,0,0,0,0,0,0,0,0,0,0,-64,-47.3846153846154,-82.0769230769231,-27.2820512820513,-73.6923076923077,-82.7435897435897,-72.8205128205128,0,0,0,0,0,0,0,0
27,8.2,5.76241379310345,8.4,19.8627164482759,9.36982796551724,-38.2254327241379,-0.166494827586207,-1.79248965517241,9.62648834482759,-15582.7586206897,0,0,0,-67.6551724137931,0,-78.1034482758621,0,0,0,0,-8.68965517241379,0,0,0,0,0,0,0,-48.4137931034483,-65.3448275862069,0,-72,0,0,0,-70.8620689655172,-82.9655172413793,0,-95.3448275862069,0,0,0,0,0,0,0,0,0,0,0,0,0,0,0,0,0,-73.5172413793103,-73.1724137931034,-67.0344827586207,0,0,0,0,0,-71.3793103448276,-71.3793103448276,0,0,-62.7931034482759,-64.2068965517241,-57.1034482758621,-57.1034482758621,0,0,0,0,0,0,0,0,0,0,0,0,0,0,0,0,0,0,0,0,0,0,0,0,-76.9310344827586,-76.9310344827586,-69.5172413793103,-69.5172413793103,0,0,0,0,-68.2413793103448,-67.8965517241379,-65.8620689655172,-65.8620689655172,-71.3793103448276,-58.6896551724138,0,0,0,0,0,0,0,0,0,0,-82.7586206896552,-82.7586206896552,-70.5862068965517,0,0,0,0,0,0,0,0,0,0,0,0,0,-47.5862068965517,-47.5862068965517,-51.551724137931,-50.7586206896552,0,0,0,0,0,0,0,0,0,0,-79.448275862069,0,0,0,0,0,0,0,0,0,0,0,0,0,0,0,0,0,0,0,0,0,0,0,-69.7931034482759,0,-74.551724137931,-67.4137931034483,0,0,0,0,0,0,0,0,0,0,0,-70.6896551724138,0,0,0,0,0,0,0,0,0,0,0,0,0,0,0,0,0,-8.06896551724138,-61.0689655172414,-85.2068965517241,0,-71.551724137931,-79.6551724137931,-71.0344827586207,0,0,0,0,0,0,0,0
28,7.34,5.75,8.4,19.2381056451613,10.196371516129,-37.2114935483871,-0.155554838709677,-1.51454032258065,9.64702790322581,-15612.9032258065,0,0,0,-65.2903225806452,-28.4516129032258,-79,-62.7096774193548,0,0,0,0,0,0,0,0,0,0,0,-52,-66.6129032258064,0,-72,0,0,0,-75.7741935483871,-77.5161290322581,-66.5806451612903,-87.9677419354839,0,0,0,0,0,0,0,0,0,0,0,0,0,0,0,0,0,-72.7741935483871,-72.6129032258064,-70.5483870967742,0,0,0,0,0,-84.5161290322581,-84.5161290322581,0,0,-63.2258064516129,-62.2258064516129,-60.0967741935484,-60.0967741935484,0,0,0,0,0,0,0,0,0,0,0,0,0,0,0,0,0,0,0,0,0,0,0,0,-87.6451612903226,-88.4193548387097,-73.1612903225806,-73.1612903225806,0,0,0,0,-66.0967741935484,-65.9354838709677,-69.6774193548387,-74.8387096774194,-71.5806451612903,-46.258064516129,0,0,0,0,0,0,0,0,0,0,-82.6129032258064,-82.6129032258064,-43.0645161290323,0,0,0,0,0,0,0,0,0,0,0,0,0,-38.1290322580645,-38.1290322580645,-31.4516129032258,-30.9677419354839,0,0,0,-74.3225806451613,-73.5483870967742,0,0,0,0,0,-94.3225806451613,0,0,0,0,0,0,0,0,0,0,0,0,0,0,0,0,0,0,0,0,0,0,0,-84.1290322580645,0,-56.258064516129,-81.6451612903226,0,0,0,0,0,0,0,0,0,0,0,-73.9032258064516,0,0,0,0,0,0,0,0,0,0,0,0,0,0,0,0,0,-59.6129032258064,-12.4193548387097,-85,0,-79.9677419354839,-83.1290322580645,-72.2903225806452,0,0,0,0,0,0,0,0
29,6.47,5.74,8.4,17.9718758636364,9.54289804545455,-37.0482975909091,-0.01995,-1.56814090909091,9.58686177272727,-15654.5454545455,0,0,0,-69.5454545454545,-57.5909090909091,-78.7727272727273,-72.3636363636364,0,0,0,0,0,0,0,0,0,0,0,-42.5454545454545,-62.0454545454545,-20.0454545454545,-68.1363636363636,0,0,0,-76.7272727272727,-12.1363636363636,-70.3636363636364,-90.9545454545455,0,0,0,0,0,0,0,0,0,0,0,0,0,0,0,0,0,-76,-76.5454545454545,-11.0454545454545,0,0,0,0,0,-80,-79.4545454545455,0,0,-57.8636363636364,-63.5454545454545,-9.40909090909091,-9.40909090909091,0,0,0,0,0,0,0,0,0,0,0,0,0,0,0,0,0,0,0,0,0,0,0,0,-76.0909090909091,-76.9090909090909,-11.4545454545455,-11.4545454545455,0,0,0,0,-58.4545454545455,-58.4545454545455,-47.2727272727273,-72.7272727272727,-75.1363636363636,-74.5,0,0,0,0,0,0,0,0,0,0,-83.5454545454545,-83.5454545454545,0,0,0,0,0,0,0,0,0,0,0,0,0,0,-63,-63.3181818181818,0,0,0,0,0,-78.5454545454545,-77.7272727272727,0,0,0,0,0,-76.9090909090909,0,0,0,0,0,0,0,0,0,0,0,0,0,0,0,0,0,0,0,0,0,0,0,-79.7727272727273,0,-81.9545454545455,-83.5909090909091,0,0,0,0,0,0,0,0,0,0,0,-71.8181818181818,0,0,0,0,0,0,0,0,0,0,0,0,0,0,0,0,0,-76.2272727272727,0,-82.9090909090909,0,-70.3636363636364,-81.7272727272727,-49.0454545454545,0,0,0,0,0,0,0,0
30,5.52,5.74,8.4,17.6566415,7.70859390625,-37.3013688125,-0.13318125,-1.071159375,9.727941125,-15784.375,0,0,0,-53.625,-52,-77.21875,-72.1875,0,0,0,0,0,0,0,0,0,0,0,-47,-52.8125,-51.1875,-64.78125,0,0,0,-73.1875,-19.03125,-24.1875,-88.5625,0,0,0,0,0,0,0,0,0,0,0,0,0,0,0,0,0,-78.59375,-78.59375,0,-18.375,0,0,0,0,-76.0625,-76.0625,0,0,-63.21875,-63,-16.84375,-16.84375,0,0,0,0,0,0,0,0,0,0,0,0,0,0,0,0,0,0,0,0,0,0,0,0,-26.15625,-26.4375,-47.5,-57.0625,0,0,0,0,-63.5,-63.5,0,-77.625,-74.28125,-73.71875,0,0,0,0,0,0,0,0,0,0,-77.6875,-77.6875,0,0,0,0,0,0,0,0,0,0,0,0,0,0,-63.28125,-63.78125,0,0,0,0,0,-27,-26.71875,0,0,0,0,0,-67.5625,0,0,0,0,0,0,0,0,0,0,0,0,0,0,0,0,0,0,0,0,0,0,0,-83.1875,0,-78.15625,-68.25,0,0,0,0,0,0,0,0,0,-19.46875,0,-74.625,0,0,0,0,0,0,0,0,0,0,0,0,0,-19.03125,0,0,0,-63.375,0,-83.28125,-16.40625,-24.1875,-78.90625,-49.28125,0,0,0,0,0,0,0,0
31,4.56,5.7,8.4,18.3807071304348,7.37527182608696,-37.0076102173913,-0.412526086956522,-0.965739130434783,9.74795921739131,-15643.4782608696,0,0,0,-43.0434782608696,-36.1739130434783,-67.8260869565217,-56.9130434782609,0,0,0,0,0,0,0,0,0,0,0,-32.5217391304348,-58.3478260869565,-41.0869565217391,-67.695652173913,0,0,0,-61.3478260869565,-64.304347826087,0,-81.2173913043478,0,0,0,0,0,0,0,0,0,0,0,0,0,0,0,0,0,-81.6086956521739,-81.6086956521739,0,-62.0869565217391,0,0,0,0,-64.9565217391304,-64.9565217391304,0,0,-63.0434782608696,-62.0434782608696,-56.9130434782609,-56.9130434782609,0,0,0,0,0,0,0,0,0,0,0,0,0,0,0,0,0,0,0,0,0,0,0,0,0,0,-59.1304347826087,-57.6521739130435,0,0,0,0,-62.2608695652174,-62.2608695652174,0,-56.1739130434783,-64.0869565217391,-64.0869565217391,0,0,0,0,0,0,0,0,0,0,-72.4347826086957,-72.4347826086957,0,0,0,0,0,0,0,0,0,0,0,0,0,0,-63.1304347826087,-63.3913043478261,0,0,0,0,0,0,0,0,0,0,0,0,-12.3913043478261,0,0,0,0,0,0,0,0,0,0,0,0,0,0,0,0,0,0,0,0,0,0,0,-74.0869565217391,0,-65.7826086956522,-81.6521739130435,0,0,0,0,0,0,0,0,0,-77.3913043478261,0,-73.5652173913043,0,0,0,0,0,0,0,0,0,0,-12.1304347826087,0,-10.8260869565217,-64.304347826087,0,0,-9.1304347826087,-72.5652173913043,0,-82,-64.5652173913043,0,-79.5652173913043,-71.5652173913043,0,0,0,0,0,0,0,0
32,3.66,5.71,8.4,17.1472833913043,9.71576139130435,-36.5869583043478,-0.013995652173913,-1.31083695652174,9.70678747826087,-15500,0,0,0,-33,0,-82.7826086956522,-70.304347826087,0,0,0,0,0,0,0,0,0,0,0,-40.1739130434783,-62.0869565217391,0,-68.0434782608696,0,0,0,-43.304347826087,-79.4347826086957,0,-78.4782608695652,0,0,0,0,0,0,0,0,0,0,0,0,0,0,0,0,0,-79.5652173913043,-79.5652173913043,0,-76.695652173913,0,0,0,0,-66.6521739130435,-66.6521739130435,0,0,-66.4782608695652,-65.9565217391304,-70.304347826087,-70.304347826087,0,0,0,0,0,0,0,0,0,0,0,0,0,0,0,0,0,0,0,0,0,0,0,0,0,0,-41.7391304347826,-71.2173913043478,0,0,0,0,-61.4347826086956,-61.4347826086956,0,-69.3913043478261,-72.9565217391304,-72.9565217391304,0,0,0,0,0,0,0,0,0,0,-69.0434782608696,-69.0434782608696,0,0,0,0,0,0,0,0,0,0,0,0,0,0,-64.5652173913043,-64.0869565217391,0,0,0,0,0,0,0,0,0,0,0,0,-95.4782608695652,0,0,0,0,0,0,0,0,0,0,0,0,0,0,0,0,0,0,0,0,0,0,0,-79.4347826086957,0,-46.4347826086956,-79.0434782608696,0,0,0,0,0,0,0,0,0,-81.2608695652174,0,-71.7826086956522,0,0,0,0,0,0,0,0,0,0,-84.9130434782609,0,-75.7826086956522,-79.4347826086957,0,0,-63.9130434782609,-69,0,-80,-63.9130434782609,0,-79.4347826086957,-74.8695652173913,0,0,0,0,0,0,-43.5217391304348,0
33,2.74,5.7,8.4,16.3101570416667,12.1406255416667,-37.0843766666667,0.075425,-1.12155,9.7077505,-15433.3333333333,0,0,0,-63.25,0,-80.4583333333333,-3.20833333333333,0,0,0,0,0,0,0,0,0,0,0,-13.5,-63.2083333333333,0,-65.5833333333333,0,0,0,0,-27.5416666666667,0,-80.4166666666667,0,0,0,0,0,0,0,0,0,0,0,0,0,0,0,0,0,-78.875,-78.2083333333333,-26.25,-3.5,0,0,0,0,-59.375,-59.375,-70,0,-64.0416666666667,-63.375,-25.9583333333333,-25.9583333333333,0,0,0,0,0,0,0,0,0,0,0,0,0,0,0,0,0,0,0,0,0,0,0,0,0,0,0,-3.25,0,0,0,0,-63.9583333333333,-63.9583333333333,-65.625,-70.5416666666667,-55.5,-55.5,-70,-70,0,0,0,0,0,0,0,0,-66.375,-66.375,0,0,0,0,0,0,0,0,0,0,0,0,0,0,-47.25,-46.5,0,0,0,0,0,0,0,0,0,0,0,0,-94.9583333333333,0,0,0,0,0,0,0,0,0,0,0,0,0,0,0,0,0,0,0,0,0,0,0,-84.0416666666667,0,-64.75,-74.125,0,0,0,0,0,0,0,0,0,-78.9583333333333,0,-65.7083333333333,0,0,0,0,0,0,0,0,0,0,-69.75,0,-62.25,-3.625,0,0,-52.5,-68.5,0,-80,-52.5,0,-78.7083333333333,-44.4166666666667,0,0,0,0,0,-23.625,-68.25,0
34,1.8,5.72,8.4,13.8026791904762,12.2946435238095,-37.966073047619,0.0409785714285714,-1.35847857142857,9.72035047619048,-15528.5714285714,0,0,0,-55.8571428571429,0,-85.7619047619048,-64.7619047619048,0,0,0,0,0,0,0,0,0,0,0,-32.3809523809524,-51,0,-69.7619047619048,0,0,0,0,-66.3809523809524,0,-76.2380952380952,0,0,0,0,0,0,0,0,0,0,0,0,0,0,0,0,0,-74.9047619047619,-74.9047619047619,-72.8571428571429,0,0,0,0,0,-68.7619047619048,-68.7619047619048,-64.7619047619048,0,-72.0952380952381,-70.5714285714286,-63.1428571428571,-63.1428571428571,0,0,0,0,0,0,0,0,0,0,0,0,0,0,0,0,0,0,0,0,0,0,0,0,0,0,0,0,0,0,0,0,-63.2380952380952,-64,-76.5238095238095,-76.2380952380952,-70.1904761904762,-70.1904761904762,-64.7619047619048,-78.4761904761905,0,0,0,0,0,0,0,0,-65.4761904761905,-65.4761904761905,0,0,0,0,0,0,0,0,0,0,0,0,0,0,-66.0476190476191,-65.8095238095238,0,0,0,0,0,0,0,0,0,0,0,0,-93.9523809523809,0,0,0,0,0,0,0,0,0,0,0,0,0,0,0,0,0,0,0,0,0,0,0,-82.1904761904762,0,-75.5238095238095,-78.7142857142857,0,0,0,0,0,0,0,0,0,-69.6190476190476,0,-66.6666666666667,0,0,0,0,0,0,0,0,0,0,-22.1428571428571,0,-19.7619047619048,-58.6666666666667,0,0,-16.6666666666667,-60.7142857142857,0,-81.5238095238095,-16.6666666666667,-61.7142857142857,-64.7619047619048,0,0,0,0,0,0,-65.5714285714286,-73.6666666666667,0
35,0.97,5.72,8.4,16.3304352608696,6.41331530434783,-38.2239146956522,-0.673610869565217,-1.00756304347826,9.72651560869565,-15513.0434782609,0,0,-22.2173913043478,-45,0,-87.4347826086957,-83.7391304347826,0,0,0,0,0,0,0,0,-23.7391304347826,0,0,-34.7826086956522,-60.2608695652174,-19.4782608695652,-64,0,0,0,0,-71.304347826087,-22.2173913043478,-74.0434782608696,0,0,0,0,0,0,0,0,0,0,0,0,0,-86.7391304347826,0,0,0,-83,-83,-76.695652173913,-77.6086956521739,0,0,0,0,-67.304347826087,-68,-74.0869565217391,0,-72.695652173913,-71.1739130434783,-67.8260869565217,-67.8260869565217,0,0,0,0,0,0,0,0,0,0,0,0,0,0,0,0,0,0,0,0,0,0,0,0,0,0,0,0,0,0,0,0,-57.5217391304348,-57.5217391304348,-66.9565217391304,-66.0869565217391,-70.2173913043478,-70.2173913043478,-52.1739130434783,-67.8260869565217,0,0,0,0,0,0,0,0,-59.3478260869565,-58.4347826086956,0,0,0,0,0,0,0,0,0,0,0,0,0,0,-64.304347826087,-63.4782608695652,0,0,0,0,0,0,0,0,0,0,0,0,-94.6086956521739,0,0,0,0,0,0,0,0,0,0,0,0,0,0,0,0,0,0,0,0,0,0,0,-70.4347826086957,-25.5652173913043,-66.0869565217391,-76.3913043478261,0,0,0,0,0,0,0,0,0,-56.0869565217391,0,-67.1304347826087,0,0,0,0,0,0,0,0,0,0,-91.2173913043478,0,0,-66.9565217391304,-78.5217391304348,0,-68.4782608695652,-70.2173913043478,-68.4782608695652,-80.304347826087,-67.5652173913043,-70.4347826086957,-73.6086956521739,0,0,0,0,0,0,-70.4347826086957,0,0
36,1.02,5.13,8.4,8.31964314285714,-3.38571428571429,-42.1437515238095,-0.217764285714286,-1.04162142857143,9.73094338095238,-15876.1904761905,0,0,-67.3809523809524,-12.3809523809524,0,-85.4761904761905,-70.6190476190476,0,0,0,0,0,0,0,0,-55.7142857142857,0,0,-5.71428571428571,-61,-45.7142857142857,-67.5238095238095,0,0,0,0,-11.7142857142857,-52.1428571428571,-75.9523809523809,0,0,0,0,0,0,0,0,0,0,0,0,0,-67.8571428571429,0,0,0,-75.6666666666667,-75.6666666666667,-60,-60.7142857142857,0,0,0,0,-65.6190476190476,-65.6190476190476,-58.2857142857143,-63.8095238095238,-67.0476190476191,-66.5238095238095,-63.8095238095238,-11.1428571428571,0,0,0,0,0,0,0,0,0,0,0,0,0,0,0,0,0,0,0,0,0,0,0,0,0,0,0,0,0,0,0,0,-48.3333333333333,-48.3333333333333,-55,-54.2857142857143,-72.2380952380952,-72.2380952380952,-52,-63.1428571428571,0,0,0,0,0,0,0,0,-46.4285714285714,-45.7142857142857,0,-13.5238095238095,0,0,0,0,0,0,0,0,0,0,0,0,-63,-63,-11.6190476190476,-11.8095238095238,0,-62.6666666666667,-62.6666666666667,0,0,0,0,0,0,0,-93.4285714285714,0,0,0,0,0,0,0,0,0,0,0,0,0,0,0,0,0,0,0,0,0,0,-64.7619047619048,-81.8571428571429,-62,-69.9047619047619,-77.2857142857143,0,0,0,0,0,0,0,0,0,0,0,-66.4761904761905,0,0,0,0,0,0,0,0,0,0,-74.7619047619048,0,0,-70.0476190476191,-61.4285714285714,0,-53.5714285714286,-50,-53.5714285714286,-76.9047619047619,-52.8571428571429,-57.8571428571429,-78.1428571428571,0,0,0,0,0,0,-11.5714285714286,-14.4761904761905,0
37,1.05,4.2,8.4,11.7717677586207,-7.20905196551724,-39.942673862069,-0.795067241379311,-0.520727586206896,9.73137972413793,-16000,0,0,-63.448275862069,-60.3793103448276,0,-73.0344827586207,-75.1034482758621,0,0,0,0,0,0,0,0,-61.8620689655172,0,0,-8,-76,-50.7586206896552,-70.7586206896552,0,0,0,0,0,-72.8620689655172,-78.5862068965517,0,0,0,0,0,0,0,0,0,0,0,0,0,-36.0344827586207,0,0,0,-76.4827586206897,-76.4827586206897,-31.8620689655172,-72.7931034482759,0,0,0,0,-64.1379310344828,-64.1379310344828,-61.5862068965517,-60.2758620689655,-66.6896551724138,-66.1034482758621,-73.2758620689655,-40.0689655172414,0,0,0,0,0,0,0,0,0,0,0,0,0,0,0,0,0,0,0,0,0,0,0,0,0,0,0,0,0,0,0,0,-65.0689655172414,-65.4827586206897,0,0,-73.8620689655172,-73.8620689655172,-79.1034482758621,-72.6206896551724,0,0,0,0,0,0,0,0,-24.6551724137931,-24.2758620689655,-10.6206896551724,-66.9310344827586,0,0,0,0,0,0,0,0,0,0,0,0,-63.0344827586207,-62.551724137931,-48.3793103448276,-67.1034482758621,0,-74.551724137931,-74.551724137931,0,0,0,0,0,0,0,-87,0,0,0,0,0,0,0,0,0,0,0,0,0,0,0,0,0,0,0,0,0,0,-58.6896551724138,-65.0344827586207,-59.4827586206897,-78.2758620689655,-63.448275862069,0,0,0,0,0,0,0,0,0,0,0,-62,0,0,0,0,0,0,0,0,0,0,-85.7931034482759,0,0,-62.6551724137931,-32.6206896551724,0,-28.448275862069,-55.5172413793103,-28.448275862069,-81.4827586206897,-28.0689655172414,0,-64.2413793103448,-40.551724137931,0,0,0,0,0,0,-60.2758620689655,0
38,1.03,3.29,8.4,8.35357157142857,-6.86785723809524,-36.8892873809524,-0.005,-1.11975,9.89909347619048,-16114.2857142857,0,0,-72.3809523809524,-66.9523809523809,0,-83.8571428571429,-79.6190476190476,0,0,0,0,0,0,0,0,-3.71428571428571,0,0,-52.4761904761905,-66.9523809523809,-3.04761904761905,-72.8571428571429,0,0,0,0,0,-65.1428571428571,-75.0476190476191,0,0,0,0,0,0,0,0,0,0,0,0,0,0,0,0,0,-77.9047619047619,-78.3809523809524,0,-76,0,0,0,0,-64.4285714285714,-64.4285714285714,-64.2380952380952,-68.7619047619048,-71.9047619047619,-71.9047619047619,-69.6666666666667,-75.0952380952381,0,0,0,0,0,0,0,0,0,0,0,0,0,0,0,0,0,0,0,0,0,0,0,0,0,0,0,0,0,0,0,0,-72.7619047619048,-74.3333333333333,0,0,-74.3333333333333,-74.3333333333333,-71.4761904761905,-70.5714285714286,0,0,0,0,0,0,0,0,0,0,-69.6666666666667,-69.6666666666667,0,0,0,0,0,0,0,0,0,0,0,0,-66.3333333333333,-57,-70.5238095238095,-75.7619047619048,0,-49.2380952380952,-49.2380952380952,0,0,0,0,0,0,0,-86.8571428571429,0,0,0,0,0,0,0,0,0,0,0,0,0,0,0,0,0,0,0,0,0,0,-66.9523809523809,-74.1904761904762,-70.7142857142857,-68.7619047619048,-86.1904761904762,0,0,0,0,0,0,0,0,0,0,0,-69.7142857142857,0,0,0,0,0,0,0,0,0,0,-92.0476190476191,0,0,-75.6666666666667,0,0,-37.1428571428571,-3.33333333333333,0,-86.4285714285714,0,0,-83.3809523809524,-76,0,0,0,0,0,0,-68.7619047619048,0
39,1,2.4,8.4,8.47275016,-5.376,-34.65675152,-0.186366,-1.182858,9.72174652,-15984,0,0,-9.6,-70.48,0,-71.68,-72.24,0,0,0,0,0,0,0,0,-55.2,0,0,-44.08,-56.24,0,-77.48,0,0,0,0,0,-58.8,-74.6,0,0,0,0,0,0,0,0,0,0,0,0,0,0,0,0,0,-77.36,-77.48,0,-47.04,0,0,0,0,-63.36,-63.04,-39.76,-64.32,-69.32,-69.6,-58.52,-46.48,0,0,0,0,0,0,0,0,0,0,0,0,0,0,0,0,0,0,0,0,0,0,0,0,0,0,0,0,0,0,0,0,-75.08,-74.8,0,0,-74.2,-74.2,-60.04,-59.28,0,0,0,0,0,0,0,0,0,0,-77.08,-63.28,0,0,0,0,0,0,0,0,0,0,0,0,-68.28,-67.44,-66.36,-72.92,0,0,0,0,0,0,0,0,0,0,-72.96,0,0,0,0,0,0,0,0,0,0,0,0,0,0,0,0,0,0,0,0,0,0,-8.88,-92.6,-69.24,-75.4,-70.68,0,0,0,0,0,0,0,0,0,0,0,-62.64,0,0,0,0,0,0,0,0,0,0,-69.16,0,0,-54.72,0,0,-59.28,0,0,-87.16,0,-77.2,-71.96,-86.68,0,0,0,0,0,0,-9.12,0
40,1,1.52,8.4,7.83894238461539,-3.94038461538462,-35.5370208846154,-0.0392596153846154,-1.0074,9.70541015384615,-15850,0,0,0,-71.0769230769231,0,-84.1153846153846,-75.6923076923077,0,0,0,0,0,0,0,0,-67.7307692307692,0,0,-20.0769230769231,-25.6153846153846,-47.3076923076923,-79.4230769230769,0,0,0,0,-46.7307692307692,-60.9230769230769,-73.2692307692308,0,0,0,0,0,0,0,0,0,0,0,0,0,0,0,0,0,-79.0384615384615,-78.5769230769231,0,0,0,0,0,0,-62.6153846153846,-62.5,-49.9615384615385,-74.3076923076923,-73.8846153846154,-73.7692307692308,-26.6538461538462,0,0,0,0,0,0,0,0,0,0,0,0,0,0,0,0,0,0,0,0,0,0,0,0,0,0,0,0,0,0,0,0,0,-73.5,-73.1538461538462,0,0,-73.1153846153846,-72.9230769230769,-43.5,-43.5384615384615,0,0,0,0,0,0,0,0,-39.4230769230769,-39.4230769230769,-65.6538461538462,-65.3076923076923,0,0,0,0,0,0,0,0,0,0,0,0,-71.6153846153846,-71.6153846153846,-72.6923076923077,-72.9230769230769,0,0,0,0,0,0,0,0,0,0,-33.2307692307692,-15,0,0,0,0,0,0,0,0,0,0,0,0,0,0,0,0,0,0,0,0,0,-16.3461538461538,-84.9230769230769,-67.9615384615385,-75.1538461538462,-75.1153846153846,0,0,0,0,0,0,0,0,0,0,0,-61.6923076923077,0,0,0,0,0,0,0,0,0,0,-92.5,0,0,-65.3076923076923,-50.7692307692308,0,-63,0,0,-88.9230769230769,0,-86.1538461538462,-85,-85.9615384615385,0,0,0,0,0,0,0,0
41,1.01,0.58,8.4,7.76517880952381,-3.65178571428571,-38.8812518095238,-0.194421428571429,-0.952992857142857,9.79786476190476,-16028.5714285714,0,0,0,-40.3333333333333,0,-93.9523809523809,-74.1904761904762,0,0,0,0,0,0,0,0,-68.7619047619048,0,0,0,0,-78.1904761904762,-85.7142857142857,0,0,0,0,-73.2857142857143,-59.7142857142857,-72.6190476190476,0,0,0,0,0,0,0,0,0,0,0,0,0,0,0,0,0,-78,-78,0,0,0,0,0,0,-59.5714285714286,-60.0476190476191,-67.8571428571429,-67.8571428571429,-77.4761904761905,-77.4761904761905,0,0,0,0,0,0,0,0,0,0,0,0,0,0,0,0,0,0,0,0,0,0,0,0,0,0,0,0,0,0,0,0,0,0,-83.4761904761905,-83.4761904761905,0,0,-73.6190476190476,-72.6190476190476,-79.7142857142857,-80.7619047619048,0,0,0,0,0,0,0,0,-61.4761904761905,-61.4761904761905,-70,-70,0,0,0,0,0,0,0,0,0,0,0,0,-76.9523809523809,-76.9523809523809,-80.0476190476191,-79,0,0,0,0,0,0,0,0,0,0,0,-70.5714285714286,0,0,0,0,0,0,0,0,0,0,0,0,0,0,0,0,0,0,0,0,0,-76.9047619047619,-83.2380952380952,-66,-70.6666666666667,0,0,0,0,0,0,0,0,0,0,0,0,-61,0,0,0,0,0,0,0,0,0,0,-85.0476190476191,0,0,-69.0476190476191,-83.2380952380952,0,0,0,0,-87.6666666666667,0,-88.1428571428571,-84.5238095238095,-87.1428571428571,0,0,0,0,0,-34.7619047619048,0,0
42,1.01,0.12,8.4,8.442656475,-4.603125,-40.2632827,-0.43086375,-0.99852,9.761400625,-15982.5,0,0,0,0,0,-86.95,0,0,0,0,0,0,0,0,0,-70.3,0,0,0,-16.4,-64.75,-88.45,0,0,0,0,-32.4,-26.4,-71.25,0,0,0,0,0,0,0,0,0,0,0,0,0,0,0,0,0,-70.2,-70.2,0,0,0,0,0,0,-55.5,-59.1,-68.325,-68.325,-78.8,-78.35,0,0,0,0,0,0,0,0,0,0,0,0,0,0,0,0,0,0,0,0,0,0,0,0,0,0,0,0,0,0,0,0,0,0,-79.9,-80.25,0,0,-68.05,-68.4,-65.625,-67.7,0,0,0,0,0,0,0,0,-60.6,-60.6,-71.8,-66.4,0,0,0,0,0,0,0,0,0,0,0,0,-74.3,-78.2,-69.125,-69.125,-46.725,0,0,0,0,0,0,0,0,0,-89.725,-70.2,0,0,0,0,0,0,0,0,0,0,0,0,0,0,0,0,0,0,0,0,0,-59.5,-93.15,-61.95,-68.65,0,0,0,0,0,0,0,0,0,0,0,0,-62.3,0,0,0,0,0,0,0,0,0,0,-84,0,0,-67.3,-68.25,0,0,-15.8,-40.95,-87.5,0,-76.3,-84.8,-75.6,0,0,0,0,0,-63.875,-43.575,0
43,0.22,0.180000000000001,8.4,19.3080366666667,6.35357147619048,-36.9017868571429,-0.709342857142857,-1.30209285714286,9.67588619047619,-15947.619047619,0,0,0,0,0,-93.3333333333333,0,0,0,0,0,0,0,0,0,-61.5238095238095,0,0,0,-74.1904761904762,-24.6666666666667,-83,0,0,0,0,0,-42,-73,0,0,0,0,0,0,0,0,0,0,0,0,0,0,0,0,0,-76.6666666666667,-76.6666666666667,0,0,0,0,0,0,-62.6666666666667,-64,-77,-76.3333333333333,-78.3333333333333,-78.3333333333333,0,0,0,0,0,0,0,0,0,0,0,0,0,0,0,0,0,0,0,0,0,0,0,0,0,0,0,0,0,0,0,0,0,0,-79.3333333333333,-79.3333333333333,0,0,-71.6666666666667,-71.6666666666667,-25,-82,0,0,0,0,0,0,0,0,-58,-58,-71.6666666666667,-71.6666666666667,0,0,0,0,0,0,0,0,0,0,0,0,-76.3333333333333,-76.3333333333333,-26.3333333333333,-26.3333333333333,-80.5238095238095,0,0,0,0,0,0,0,0,0,-78.5238095238095,-70.5714285714286,0,0,0,0,0,0,0,0,0,0,0,0,0,0,0,0,0,0,0,0,0,0,-94.6666666666667,-57.9047619047619,-69.6666666666667,0,0,0,0,0,0,0,0,0,0,0,0,-64,0,0,0,0,0,0,0,0,0,0,-82.3333333333333,0,0,-70.3333333333333,-82,0,0,-71.4761904761905,-70.5714285714286,-90,0,-76,-84.3333333333333,-76,0,0,0,0,0,-24.3333333333333,-75.0952380952381,0
44,-0.39,0.22,8.4,20.5908095294118,6.52169141176471,-37.1613985294118,-0.341532352941177,-0.45405,9.81393558823529,-15870.5882352941,0,0,-92,0,0,-92,0,0,0,0,0,0,0,0,0,0,0,0,0,-67.5294117647059,0,-84,0,0,0,0,0,-63,-76,0,0,0,0,0,0,0,0,0,0,0,0,0,0,0,0,0,-76,-76,0,0,0,0,0,0,-67,-67,-74,-75,-77,-76,0,0,0,0,0,0,0,0,0,0,0,0,0,0,0,0,0,0,0,0,0,0,0,0,0,0,0,0,0,0,0,0,0,0,-79,-79,0,0,-72,-72,0,-87,0,0,0,0,0,0,0,0,-63,-63,-73,-73,0,0,0,0,0,0,0,0,0,0,0,0,-77,-76,0,0,-73.2941176470588,0,0,0,0,0,0,0,0,0,0,-64.2352941176471,0,0,0,0,0,0,0,0,0,0,0,0,0,0,0,0,0,0,0,0,0,-83,-77.4117647058823,-52.7058823529412,-71,0,0,0,0,0,0,0,0,0,0,0,0,-59,0,0,0,0,0,0,0,0,0,0,-74.9411764705882,0,0,-70,-83,0,0,-65.0588235294118,-64.2352941176471,-84,0,-69.1764705882353,-85,-84,0,0,0,0,0,0,-68.3529411764706,0
