1,0,0,0,-0.934090909090909,19.0491483181818,-35.6241494090909,-0.102518181818182,-0.722461363636364,9.75608913636364,-236.363636363636,0,0,0,0,0,0,0,0,0,-76.0909090909091,0,0,0,0,0,0,0,-40.9090909090909,-62.6363636363636,-82.0909090909091,0,0,0,0,0,0,0,0,0,-69.5454545454545,0,0,0,0,0,0,0,0,0,0,0,0,0,0,0,0,0,0,0,0,-71.1818181818182,-71.1818181818182,-64.6363636363636,-59.7272727272727,0,0,0,0,0,0,0,0,0,0,0,0,0,0,0,0,0,0,0,0,0,0,-72.8181818181818,-72.8181818181818,-73.6363636363636,-73.6363636363636,0,-40,0,0,0,0,0,0,0,0,-86,-86.4090909090909,-61.3636363636364,-63.8181818181818,0,0,0,0,0,0,0,0,-80.2272727272727,-80.2272727272727,0,-56.4545454545455,-69.4090909090909,-69.4090909090909,-35,0,0,0,0,0,-78.3636363636364,-78.3636363636364,0,0,-76.0909090909091,0,0,0,-76.0909090909091,-76.9090909090909,0,0,0,0,0,0,0,0,0,0,0,0,0,0,0,-63.8181818181818,0,0,-40,0,0,0,0,-69.4090909090909,-69,-36.8181818181818,-49.0909090909091,-89.5454545454545,-89.9545454545455,-40,-70.3636363636364,0,0,0,-77.5909090909091,-80.4090909090909,0,-57.2727272727273,-89.2272727272727,0,0,0,0,0,0,0,0,0,-67.0909090909091,-85.2272727272727,0,0,0,0,0,0,0,0,0,-46.6363636363636,-92.4090909090909,0,0,0,0,-65.4545454545455,0,-43.5,0,0,0,-76.0909090909091,0,0,0,0,0,0,0,0,0,-72.8181818181818,0,0,0,-63,-62.1818181818182,-78.8181818181818
2,-0.02,0.789999999999999,0,3.14318181818182,15.1477279090909,-32.8011380606061,-0.221363636363636,-0.882968181818182,9.81594136363637,-290.909090909091,0,0,0,0,0,0,0,0,0,-45.0909090909091,0,0,0,0,0,0,0,-55.030303030303,-48.0606060606061,-61.4545454545455,0,0,0,0,0,0,0,0,0,-20.6060606060606,0,0,0,0,0,0,0,0,0,0,0,0,0,0,0,0,0,0,0,0,-72.3030303030303,-72.2727272727273,-77.7575757575758,-44.2424242424242,0,0,0,0,0,0,0,0,0,0,0,0,0,0,0,0,0,0,0,0,0,0,-43.1515151515151,-43.1515151515151,-21.8181818181818,-21.8181818181818,0,0,0,0,0,0,0,0,0,0,-76.1212121212121,-85.5757575757576,-86.1818181818182,-86.3636363636364,0,0,0,0,0,0,0,0,-75.5757575757576,-74.6666666666667,0,-16.7272727272727,-75.6666666666667,-76.0909090909091,-63.8181818181818,0,0,0,0,0,-74.3333333333333,-74.3636363636364,0,0,-81.6666666666667,-76.3636363636364,-64.6060606060606,-65.3939393939394,-22.5454545454545,-22.7878787878788,0,0,0,0,0,0,0,0,0,0,0,0,0,0,0,-37.8181818181818,0,0,0,-40.2424242424242,0,0,0,-68.6666666666667,-68.6666666666667,-10.9090909090909,-36.3636363636364,-83.4848484848485,-83.030303030303,-84.4848484848485,-90.1818181818182,0,0,0,-63.8181818181818,-78.8484848484848,-43.6363636363636,-42.4242424242424,-86.7272727272727,0,0,0,0,0,0,0,0,0,-86.2727272727273,-85.4848484848485,0,0,0,0,0,0,0,0,0,-53.0909090909091,-88.4848484848485,0,0,0,0,-19.3939393939394,0,0,0,0,0,-56.3636363636364,0,0,0,0,0,0,0,0,0,-70.1212121212121,0,0,0,-60.6666666666667,-59.8787878787879,-61.4545454545455
3,0,1.68,0,3.48214285714286,21.7017865,-41.237948,0.169060714285714,-0.755217857142857,9.72695378571429,-178.571428571429,0,0,0,0,0,0,0,0,0,0,0,0,0,0,0,0,0,-51.8571428571429,-47.9285714285714,-79.2857142857143,0,0,0,0,0,0,0,0,0,0,0,0,0,0,0,0,0,0,0,0,0,0,0,0,0,0,0,0,0,0,-71.0714285714286,-70.2857142857143,-66,0,0,0,0,0,0,0,0,0,0,0,0,0,0,0,0,0,0,0,0,0,0,0,0,0,0,0,0,0,0,0,0,0,0,0,0,0,-70.7142857142857,-68.3571428571429,-69.1428571428571,-69.1428571428571,0,0,0,0,0,0,0,0,-73.5714285714286,-73.7857142857143,0,0,-75,-75,-63.6428571428571,0,0,0,0,0,-72.7857142857143,-73.5714285714286,0,0,-63.6428571428571,-66,-81.7857142857143,-82.3571428571429,0,0,0,0,0,0,0,0,0,0,0,0,0,0,0,0,0,0,0,-14.3571428571429,0,-65.2142857142857,0,0,0,-69.7857142857143,-69.7857142857143,0,0,-81.7142857142857,-82.5,-89.3571428571429,-70.7142857142857,0,0,0,-73.7142857142857,-75.5714285714286,-70.7142857142857,0,-87.3571428571429,0,0,0,0,0,0,0,0,0,-68.3571428571429,-68.3571428571429,0,0,-16.5,0,0,0,0,0,0,-63.6428571428571,-86.6428571428571,0,0,0,0,0,0,0,0,0,0,0,0,0,0,0,0,0,0,0,0,0,0,0,-18.4285714285714,0,0,-61.2857142857143
4,0.11,2.61,0,-0.0328125,14.65125055,-44.04656385,0.204345,-0.7233525,9.77191555,-310,0,0,0,0,0,0,0,0,0,0,0,0,0,0,0,0,0,-36.3,0,-81.75,0,0,0,0,0,0,0,0,0,0,0,0,0,0,0,0,0,0,0,0,0,0,0,0,0,0,0,0,0,0,-74.1,-74.55,-75.6,0,0,0,0,0,0,0,0,0,0,0,0,0,0,0,0,0,0,0,0,0,0,0,0,0,0,0,0,0,0,0,0,0,0,0,0,0,-49.5,-88.35,-79.2,-79.2,0,0,0,0,0,0,0,0,-72,-72.55,0,0,-75.45,-75.45,-44.55,0,0,0,0,0,-73.35,-73.35,0,0,-78.75,-80.85,-72.9,-72,0,0,0,0,0,0,0,0,0,0,0,0,0,0,0,0,0,0,0,-60.3,0,-74.7,0,0,0,-70.35,-70.8,0,0,-78.8,-78.8,-88.8,-81,0,0,0,-69,-70.85,-81,0,-76.5,0,0,0,0,0,0,0,0,0,-88.35,-86.1,0,0,-77.45,0,0,0,0,0,0,-59.4,-80.1,0,0,0,0,0,0,0,0,0,0,-40.95,0,0,0,0,0,0,0,0,0,0,0,0,-77.4,0,0,0
5,0.12,3.49,0,7.52395838888889,15.1802089444444,-43.05521,0.0946166666666667,-0.83695,9.86295888888889,-166.666666666667,0,0,0,0,0,0,0,0,0,0,0,0,0,0,0,-57.3333333333333,0,0,0,-70.2222222222222,0,0,0,0,0,0,0,0,0,0,-51.3333333333333,0,0,0,0,0,0,-52,0,0,0,0,0,0,0,0,0,0,0,0,-73.6666666666667,-74,-74.6666666666667,0,0,0,0,0,0,0,0,0,0,0,0,0,0,0,0,0,0,0,0,0,0,0,0,0,0,0,0,0,0,0,0,0,0,0,0,0,-62.6666666666667,-92,-78.2222222222222,-78.2222222222222,0,0,0,0,0,0,0,0,-71.3333333333333,-71.3333333333333,0,0,-67.5555555555556,-67.5555555555556,0,0,0,0,0,0,-71.6666666666667,-71.6666666666667,0,0,-78.6666666666667,-79,-72,-71.1111111111111,0,0,0,0,0,0,0,0,0,0,0,0,0,0,0,0,0,0,0,-59.5555555555556,0,-27.6666666666667,-52.6666666666667,0,0,-72,-73,0,0,-72,-72,-83.6666666666667,-82,0,0,0,-65,-65,-30,0,-87.6666666666667,0,0,0,0,0,0,0,0,0,-88,-75.5555555555556,0,0,-69.3333333333333,0,0,0,0,0,0,-58.6666666666667,-85.6666666666667,0,0,0,0,0,0,0,0,0,0,-80.8888888888889,0,0,0,0,0,0,0,0,0,0,0,-60,-76.4444444444444,0,0,-43.3333333333333
6,0.15,4.47,0,0.799038461538462,28.2836548846154,-44.2875013846154,0.458071153846154,-1.54161923076923,9.73292342307692,-288.461538461538,0,0,0,0,0,0,0,0,0,0,0,0,0,0,0,-79.3846153846154,0,-25,0,-72.9230769230769,0,0,0,0,0,0,0,0,0,-66.4615384615385,-71.9230769230769,0,0,0,0,0,0,-71.0769230769231,0,0,0,0,0,-63.6923076923077,-71.9230769230769,0,0,0,0,0,-76,-76.6153846153846,-32.6923076923077,0,0,0,0,0,0,0,0,0,0,0,0,0,0,0,0,0,0,0,0,0,0,0,0,0,0,0,0,0,0,0,0,0,0,0,0,0,-86.7692307692308,-85.8461538461538,-81.2307692307692,-89.1538461538462,0,0,0,0,0,0,0,0,-69.5384615384615,-69.9230769230769,-81.7692307692308,0,-77,-77.6153846153846,0,0,0,0,0,0,-68.3076923076923,-68.3076923076923,0,0,-76.6153846153846,-80,-72.9230769230769,-49.2307692307692,0,0,0,0,0,0,0,0,0,0,0,0,0,0,0,0,0,0,0,-72,0,-27.3076923076923,-77.9230769230769,0,-74.7692307692308,-73.6153846153846,-73.6153846153846,0,-27.3076923076923,-73.6153846153846,-74,-73.8461538461538,-72,0,0,0,-61.8461538461538,-63.7692307692308,-73.0769230769231,-69.2307692307692,-87.3846153846154,0,0,0,0,0,0,0,0,0,-80.3076923076923,-78.4615384615385,0,0,-72,0,0,0,0,0,-90.2307692307692,-50.7692307692308,-79.4615384615385,0,0,0,0,0,0,0,0,0,0,-84,0,0,0,0,0,0,0,0,0,0,0,-83.0769230769231,-52.9230769230769,0,0,-60
7,0.16,4.96,0,0.101420454545455,26.3292625909091,-45.5803996363636,0.288034090909091,-1.08454090909091,9.69332086363637,-240.909090909091,0,0,0,0,0,0,0,0,0,0,0,0,0,0,0,-77.0909090909091,0,-58.9090909090909,0,-7.18181818181818,0,0,0,0,0,0,0,0,0,-58.1818181818182,-74.7272727272727,0,0,0,0,0,0,-70,0,0,0,0,0,-62.3636363636364,-61.2727272727273,0,0,0,0,0,-72.2727272727273,-72.2727272727273,-69.5454545454545,0,0,0,0,0,0,0,0,0,0,0,0,-7.90909090909091,0,0,0,0,0,0,0,0,0,0,0,0,0,0,0,0,0,0,0,0,0,0,0,0,-76.9090909090909,-76.0909090909091,-72,-74.4545454545455,0,0,0,0,0,0,0,0,-65.7272727272727,-65.7272727272727,-68.4545454545455,-7.09090909090909,-77.6363636363636,-77.6363636363636,0,0,0,0,0,0,-66.4545454545455,-66.3636363636364,-60.5454545454545,-60.5454545454545,-70.5454545454545,-72.7272727272727,-64.6363636363636,0,0,0,0,0,0,0,0,0,0,0,0,0,0,0,0,0,0,-76.0909090909091,0,-71.7272727272727,0,-58.0909090909091,-74.6363636363636,-5.90909090909091,-66.2727272727273,-74.5454545454545,-73.7272727272727,-6.63636363636364,-64.8181818181818,-75.5454545454545,-75.6363636363636,-84.5454545454545,-81,0,0,0,-49.0909090909091,-65.8181818181818,-63.7272727272727,-61.3636363636364,-84.0909090909091,0,0,0,0,0,0,0,0,0,-88.1818181818182,-88,0,0,-7.09090909090909,0,0,0,0,0,-72.8181818181818,-45,-77.3636363636364,0,0,0,0,0,0,0,0,0,0,-80.2727272727273,0,0,0,0,0,0,0,0,-8.54545454545454,0,0,-83.4545454545455,0,0,0,-53.1818181818182
8,-0.36,4.88,0,19.4944454074074,8.4937502962963,-53.0395855185185,0.408516666666667,-0.459555555555556,9.76270059259259,-366.666666666667,0,0,0,0,0,0,0,0,0,0,0,0,0,0,0,-63.037037037037,0,-59.5555555555556,0,0,0,0,0,0,0,0,0,0,0,-60.0740740740741,-70.037037037037,0,0,0,0,0,0,-68.4444444444444,-6.74074074074074,0,0,0,0,-55.3703703703704,-64.9259259259259,0,0,0,0,0,-73.8888888888889,-74.2962962962963,-72.4074074074074,0,0,0,0,0,0,0,0,0,0,0,0,-78.5185185185185,0,0,0,0,0,0,0,0,0,0,0,0,0,0,0,0,0,0,0,0,0,0,0,-36.6666666666667,0,-7.11111111111111,-32.7407407407407,-84.1111111111111,0,0,0,0,0,0,0,0,-56.2222222222222,-72.0740740740741,-66.4444444444444,-66.4444444444444,-78.4444444444444,-78.4444444444444,0,-37.0740740740741,0,0,0,0,-62.6296296296296,-62.1111111111111,-63.037037037037,-63.037037037037,-75.0740740740741,-78.5925925925926,-23.4074074074074,0,0,0,0,0,0,0,0,0,0,0,0,0,0,0,0,0,0,-79.2222222222222,0,-74.1111111111111,0,-60.4814814814815,-73.962962962963,-61,-24,-74.8148148148148,-74.8148148148148,-69.6296296296296,-70.1481481481482,-78.4814814814815,-78.0740740740741,-83.5925925925926,-84.2222222222222,0,0,0,-56.4444444444444,-68.9259259259259,-69.8148148148148,-22.2222222222222,-91.7777777777778,0,0,0,0,0,0,0,0,0,-77.5185185185185,-77.5185185185185,0,0,-6.74074074074074,0,0,0,0,0,-75.8148148148148,0,-67.8888888888889,0,0,0,0,0,0,0,0,0,0,-74.962962962963,0,0,0,0,0,0,0,0,-80.0740740740741,0,0,-78.3703703703704,0,0,0,0
9,-1.28,4.89,0,19.1664481578947,12.0434217368421,-51.6868444736842,0.169381578947368,-0.679105263157895,9.77184505263158,-368.421052631579,0,0,0,0,0,0,0,0,0,0,0,0,0,0,0,-58.4210526315789,0,-68.9473684210526,0,0,0,0,0,0,0,0,0,0,0,-63.4736842105263,-68.5789473684211,0,0,0,0,0,0,-55.2631578947368,-91.4210526315789,0,0,0,0,-51.3157894736842,-68.5789473684211,0,0,0,0,0,-78.6842105263158,-78.6842105263158,0,0,0,0,0,0,0,0,0,0,0,0,0,-64.7368421052632,0,-40,0,0,0,0,0,0,0,0,0,0,0,0,0,0,0,0,0,0,0,0,0,-71.0526315789474,0,-75.7894736842105,-71.0526315789474,-70.2631578947368,0,0,0,0,0,0,0,0,-52.1052631578947,-77.1578947368421,-78.4210526315789,-78.4210526315789,-65.5263157894737,-65.5263157894737,0,-71.8421052631579,0,0,0,0,-62.8421052631579,-62.8421052631579,-42.8421052631579,-42.8421052631579,-73,-72.4210526315789,0,-29.8947368421053,0,0,0,0,0,0,0,0,0,0,0,0,0,0,0,0,0,-53.8421052631579,0,-68.6842105263158,0,-27.7894736842105,-74.5789473684211,-52.8947368421053,0,-78.2631578947368,-78.2631578947368,-61.5789473684211,-61.5789473684211,-82.8947368421053,-82.8947368421053,-69.4736842105263,-68.6842105263158,0,0,0,-72,-73.1578947368421,-81.4210526315789,0,-73.4210526315789,0,0,0,0,0,0,0,0,0,-71.8421052631579,-71.8421052631579,0,0,-71.8421052631579,0,0,0,0,0,0,0,-72.8947368421053,0,0,0,0,0,0,0,0,0,0,-90.5263157894737,0,0,0,0,0,0,0,0,-74.2105263157895,0,0,-53.2631578947368,0,0,0,0
10,-2.18,4.87,0,21.393751,9.00000047368421,-48.1509885789474,-0.198007894736842,-0.514642105263158,9.74706368421053,-194.736842105263,0,0,0,0,0,0,0,0,0,0,0,0,0,0,0,-31.1578947368421,0,-65.3157894736842,-34.7368421052632,-52.6842105263158,0,0,0,0,0,0,0,0,0,-61.1578947368421,-66.8421052631579,0,0,0,0,0,0,-62.6315789473684,-82.3157894736842,0,0,0,0,-27.3684210526316,-66.8421052631579,0,0,0,0,0,-78.6842105263158,-78.6842105263158,0,0,0,0,0,0,0,0,0,0,0,-50.9473684210526,0,-73.3684210526316,0,-85,0,0,0,0,0,0,0,0,0,0,0,0,0,0,0,0,0,0,0,0,0,-80.5263157894737,0,-85.8947368421053,-80.5263157894737,-79.6315789473684,0,0,0,0,0,0,0,0,-27.7894736842105,-68,-70.6842105263158,-70.6842105263158,-74.2631578947368,-74.2631578947368,0,-81.4210526315789,0,0,0,0,-58.7894736842105,-58.2105263157895,-44,0,-73.5789473684211,-73,0,-63.5263157894737,0,0,0,0,0,0,0,0,0,0,0,0,0,0,0,0,0,0,0,-36.6315789473684,0,-59.0526315789474,-71.6842105263158,-59.9473684210526,0,-82.3157894736842,-82.3157894736842,-69.7894736842105,-69.7894736842105,-81.1578947368421,-81.1578947368421,-86.8421052631579,-85.8421052631579,0,0,0,-72.5789473684211,-72.5789473684211,-73.3684210526316,-42.2631578947368,-83.2105263157895,0,0,0,0,0,0,0,-52.1052631578947,-52.1052631578947,-90.4210526315789,-90.4210526315789,0,0,-81.4210526315789,0,0,0,0,0,0,0,-72.8947368421053,0,0,0,0,0,0,0,0,0,0,-84.1052631578947,0,0,0,0,0,0,0,0,-39.5789473684211,0,0,0,0,0,0,-38.2105263157895
11,-3.12,4.87,0,17.4385425,9.25416705555556,-46.1302102222222,-0.00777499999999999,-1.51413333333333,9.61570872222222,-544.444444444444,0,0,0,0,0,0,0,0,0,0,0,0,0,0,0,0,0,-56.7777777777778,-52.6666666666667,-80.5555555555556,0,0,0,0,0,0,0,0,0,-48.2222222222222,-62.8888888888889,0,0,0,0,0,0,-62.2222222222222,-71.5555555555556,0,0,0,0,0,-51.3333333333333,0,0,0,0,0,-79.6666666666667,-79.6666666666667,0,0,0,0,0,0,0,0,0,0,-9.44444444444444,-87.6666666666667,0,-18.2222222222222,-63.3333333333333,-73.8888888888889,-9.11111111111111,-9.22222222222222,0,0,0,0,0,0,0,0,0,0,0,0,0,0,0,0,0,0,0,-20,0,-74.6666666666667,-70,-69.2222222222222,0,0,0,0,0,0,0,0,-47.3333333333333,-75.6666666666667,-61.4444444444444,-61.4444444444444,-79.1111111111111,-79.1111111111111,0,-20.2222222222222,0,0,0,0,-56.5555555555556,-56.3333333333333,-59.1111111111111,0,-71.1111111111111,-86.2222222222222,0,-55.2222222222222,0,0,0,0,0,0,0,0,0,0,0,0,0,0,0,0,0,0,0,0,0,-51.3333333333333,-70.6666666666667,-14.8888888888889,-47.3333333333333,-80.4444444444444,-80.4444444444444,-17.3333333333333,-17.3333333333333,-82.1111111111111,-82,-75.7777777777778,-75.5555555555556,0,0,0,-71.6666666666667,-73.4444444444444,-63.7777777777778,-56.7777777777778,-82.4444444444444,0,0,0,0,0,0,0,-93,-92.3333333333333,-70,-70,0,0,-70.7777777777778,0,0,0,0,0,0,0,-69.8888888888889,0,0,0,0,0,0,0,0,0,0,-82.8888888888889,0,0,0,0,0,0,0,0,0,0,-7.44444444444444,0,0,0,0,-51.3333333333333
12,-4.04,4.87,0,23.4901796666667,4.99285714285714,-46.4419658095238,-0.293664285714286,-0.353478571428572,9.76600766666667,-423.809523809524,0,0,0,0,0,0,0,0,0,0,0,0,0,0,0,0,0,-34.7619047619048,-47.7619047619048,-84.3333333333333,0,0,0,0,0,0,0,0,0,-50.1904761904762,-64.0952380952381,0,0,0,0,0,0,-56.6666666666667,-43.8095238095238,0,0,0,0,0,-66,0,0,0,0,0,-80.6666666666667,-80.1428571428571,0,0,0,0,0,0,0,0,0,0,-85,-85,0,0,-76.9047619047619,-45.2380952380952,-66.3809523809524,-67.1904761904762,0,0,0,0,0,0,0,0,0,0,0,0,0,0,0,0,0,0,0,0,0,0,0,0,0,0,0,0,0,0,0,0,-57.4761904761905,-63.9523809523809,-37.6190476190476,-37.6190476190476,-73.6666666666667,-73.6666666666667,0,0,0,0,0,0,-54.3809523809524,-54.3809523809524,-61.5238095238095,0,-58.2857142857143,-85,-33.5238095238095,-67.3333333333333,0,0,0,0,0,0,0,0,0,0,0,0,0,0,0,0,0,0,0,0,0,-31.4285714285714,-70,0,-57.4761904761905,-84.6190476190476,-84.6190476190476,0,0,-81.9523809523809,-81.4761904761905,-68.8095238095238,-68.8095238095238,0,0,0,-74.0476190476191,-71.5238095238095,-39.0476190476191,-59.0952380952381,-92.5714285714286,0,0,0,0,0,0,0,-93,-93.5238095238095,-72.8571428571429,-72.8571428571429,0,0,0,0,0,0,0,0,0,0,-69.4285714285714,0,0,0,0,0,0,0,0,0,0,-75.2857142857143,0,0,0,0,0,0,0,0,0,0,-54.2380952380952,0,0,-44,0,-70.1904761904762
13,-4.95,4.88,0,25.0968761875,9.6796878125,-39.3644548125,-0.489684375,-0.597065625,9.72019725,-293.75,0,0,0,0,0,0,0,0,0,0,0,0,0,0,0,0,0,0,-51.625,-89.9375,0,0,0,0,0,0,0,0,0,-15.5,-59.5,0,0,0,0,0,0,-61.25,0,0,0,0,0,0,-58.6875,0,0,0,0,0,-77.5,-77.3125,0,0,0,0,0,0,0,0,0,0,-74.375,-81.75,-68.25,0,-83.125,0,-71.75,-72.625,0,0,0,0,0,0,0,0,0,0,0,0,0,0,0,0,0,0,0,0,0,0,0,0,0,0,0,0,0,0,0,0,-62.125,-79,0,0,-79.625,-79.625,0,0,0,0,0,0,-53.625,-53.625,-67.875,0,-71.1875,-77.375,-56,-56,0,0,0,0,0,0,0,0,0,0,0,0,0,0,0,0,0,0,0,0,0,0,-69.1875,0,-62.125,-85.375,-84.5625,0,0,-82.625,-82.625,-74.375,-74.375,0,0,0,-65.625,-72,0,-18.25,-93.1875,0,0,0,0,0,0,-73.9375,-81.375,-82.25,-22.5,-22.5,0,0,0,0,0,0,0,0,0,0,-68.8125,0,0,0,0,0,0,0,0,0,0,-81.375,0,0,0,0,0,0,0,0,0,0,-58.625,0,0,-73.5,0,-64.75
14,-5.9,4.86,0,17.6109387,11.9962504,-37.9996887,0.0219975,-1.14006,9.65914545,-535,0,0,0,0,0,0,0,0,0,0,0,0,0,0,0,0,0,0,-5.9,-84.7,0,0,0,0,0,0,0,0,0,-16.2,-56.7,0,0,0,0,0,0,-7,-27.9,0,0,0,0,0,-56.7,0,0,0,0,0,-77.9,-77.2,0,0,0,0,0,0,0,0,0,0,-82,-82,-67.2,0,-9.5,0,-49.2,-49.8,0,0,0,0,0,0,0,0,0,0,0,0,0,0,0,0,0,0,0,0,0,0,0,0,0,0,0,0,0,0,0,0,-70.2,-78,0,0,-9.1,-9.1,0,0,0,0,0,0,-51.6,-51.6,-52.8,0,-71.1,-63.6,-55.8,-54.9,0,0,0,0,0,0,0,0,0,0,0,0,0,0,0,0,0,0,0,0,0,0,-67.7,0,-7.1,-88.8,-88.4,-76.5,0,-85.7,-84.7,-8.5,-51,0,0,0,-68.4,-73.3,-23.4,-23.7,-86.3,0,0,0,0,0,0,-72.8,-94.7,-95,0,0,0,0,0,0,0,0,0,0,0,0,-66.3,0,0,0,0,0,0,0,0,0,0,-9.3,0,0,-28.2,0,0,0,0,0,0,0,-40.2,0,0,-67.2,0,-59.2
15,-6.86,4.86,0,22.6231258,7.21812513333333,-42.1156263666667,-0.03376,-0.876835,9.80522536666667,-336.666666666667,0,0,0,0,0,0,0,0,0,0,0,0,0,0,0,0,0,-16.8,-12.6,-82.4,0,0,0,0,0,0,0,0,0,-47,-52.8,0,0,0,0,0,0,-13.8,-80.2,0,0,0,0,0,-52.8,0,0,0,0,0,-76.6,-76.6,0,0,0,0,0,0,0,0,0,0,-83,-83.6,-56,0,0,-72,-16.6,0,0,0,0,0,0,0,0,0,0,0,0,0,0,0,0,0,0,0,0,0,0,0,0,0,0,0,0,0,0,0,0,0,-73.5333333333333,-79,0,0,0,0,0,0,0,0,0,0,-53.2,-53.4,-58.4,0,-70.4,-70.6,-49.6,-59.8666666666667,0,0,0,0,0,0,0,0,0,0,0,0,0,0,0,0,0,0,0,0,0,-11.6,-68.4,0,0,-75.1333333333333,-76,-74.2666666666667,-17.2,-83,-82.6,0,0,0,0,0,-74.8,-64.5333333333333,-62.4,-63.2,-89.6,0,0,0,0,0,0,-60.6666666666667,-92.8,-93.4,0,0,0,0,0,0,0,0,0,0,0,0,-68.2,0,0,0,0,0,0,0,0,0,0,-74.4,0,0,-75.2,0,0,0,0,0,0,0,0,0,0,-16.8,0,-14.8
16,-7.77,4.88,0,22.5259622307692,16.9276449230769,-45.8437518846154,0.0694096153846154,-1.03295192307692,9.85842742307692,-296.153846153846,0,0,0,0,0,0,0,0,0,0,0,0,0,0,0,0,0,-64.6153846153846,-48.4615384615385,-84.8076923076923,0,0,0,0,0,0,0,0,0,-42.3076923076923,-56.0384615384615,0,0,0,0,0,0,-64.4230769230769,-89,0,0,0,0,0,-56.0384615384615,0,0,0,0,0,-72.5769230769231,-72.5769230769231,0,0,0,0,0,0,0,0,0,0,-82.1923076923077,-82.8076923076923,0,-58.4615384615385,0,-69.2307692307692,-63.8461538461538,0,0,0,0,0,0,0,0,0,0,0,0,0,0,0,0,0,0,0,0,0,0,0,0,0,0,0,0,0,0,0,0,0,-60.7692307692308,-75.1923076923077,-60.6538461538462,0,0,0,0,0,0,0,0,0,-54.1923076923077,-55,-55.3846153846154,-13.2692307692308,-56.1538461538462,-76.6538461538462,-11.9230769230769,-50,0,0,0,0,0,0,0,0,0,0,0,0,0,0,0,0,0,0,0,-17.6923076923077,0,-44.6153846153846,-67.8076923076923,-46.0384615384615,0,-90.6538461538462,-90.8461538461538,-67.6923076923077,-66.1538461538462,-84.8846153846154,-84.6923076923077,0,0,0,0,0,-56.1538461538462,-73.5769230769231,-51,-51.6538461538462,-92,0,0,0,0,0,0,0,-94,-93,0,0,0,0,0,0,0,0,0,0,0,0,-66.1923076923077,0,0,0,0,0,0,0,0,0,0,-71.5384615384615,0,0,-61.4615384615385,0,0,0,0,0,0,0,0,0,0,0,0,0
17,-8.69,4.89,0,13.9651448461538,18.3663471153846,-43.0153861923077,0.137128846153846,-1.30511538461538,9.74693707692308,-215.384615384615,0,0,0,0,0,0,0,0,0,0,0,0,0,0,0,0,0,-76.6153846153846,-55.7307692307692,-76.9615384615385,0,0,0,0,0,0,0,0,0,-48.6538461538462,-51,0,0,0,0,0,0,-69.7692307692308,-76.9615384615385,0,0,0,0,0,-51,0,0,0,0,0,-86.6153846153846,-73.0769230769231,0,0,0,0,0,0,0,0,0,0,-77.8846153846154,-81.8461538461538,-8.88461538461539,-75.8846153846154,0,-86.8846153846154,-73.4230769230769,-9.23076923076923,0,0,0,0,0,0,0,0,0,0,0,0,0,0,0,0,0,0,0,0,0,0,0,0,0,0,0,0,0,0,0,0,-44.6538461538462,-71.3076923076923,-79.9230769230769,-9.92307692307692,-43.3846153846154,-43.3846153846154,0,0,0,0,0,0,-53.8846153846154,-53.4615384615385,-67.9615384615385,-65.3076923076923,-64.5769230769231,-78.1153846153846,0,-30,0,0,0,0,0,0,0,0,0,0,0,0,0,0,0,0,0,0,0,-88.3461538461538,0,-51.3076923076923,-65.9230769230769,-59.8846153846154,-30,-90.0384615384615,-89.0769230769231,-77.8461538461538,-76.0769230769231,-78.4615384615385,-78.4615384615385,0,0,0,0,0,-73.5384615384615,-73.3461538461538,0,0,-82.1538461538462,0,0,0,0,0,0,0,-86.7692307692308,-85.8461538461538,0,0,0,0,0,0,0,0,0,0,0,0,-68.0384615384615,0,0,0,0,0,0,0,0,0,0,-82.2692307692308,0,0,0,0,0,0,0,0,0,0,0,0,0,0,0,0
18,-9.64,4.88,0,8.05312514285714,8.94442007142857,-42.5685286071429,-0.200978571428571,-0.870782142857143,9.73285232142857,-92.8571428571429,0,0,0,0,0,0,0,0,0,0,0,0,0,0,0,0,0,-64.4285714285714,0,-89.5,0,0,0,0,0,0,0,0,0,0,-55.3214285714286,0,0,0,0,0,0,-58.6071428571429,-65.25,0,0,0,0,0,-55.3214285714286,0,0,0,0,0,-70.6071428571429,-70.6071428571429,0,0,0,0,0,0,0,0,0,0,-83.4642857142857,-83.3571428571429,-73.1428571428571,-65.9285714285714,0,-79.7142857142857,-44.9285714285714,-70.6428571428571,0,0,0,0,0,0,0,0,0,0,0,0,0,0,0,0,0,0,0,0,0,0,0,0,0,0,0,0,0,0,0,0,-74.3928571428571,-60.6428571428571,-66,-73.9285714285714,-73.8571428571429,-73.8571428571429,0,0,0,0,0,0,-50.1785714285714,-50.1785714285714,-56.6428571428571,-56.3214285714286,0,-80.25,0,0,0,0,0,0,0,0,0,0,0,0,0,0,0,0,0,0,0,0,0,-92.4642857142857,0,-6.21428571428571,-65.1071428571429,-52.3214285714286,-51.0714285714286,-87.2857142857143,-87.0714285714286,0,0,-79.9285714285714,-79.8214285714286,0,0,0,0,0,-58.1428571428571,-74.3214285714286,-56,0,-86.7857142857143,0,0,0,0,0,0,0,-92.2142857142857,-92,0,0,0,0,0,0,0,0,0,0,0,0,-63.8928571428571,0,0,0,0,0,0,0,0,0,0,0,0,0,0,0,0,0,0,0,0,0,0,0,0,0,0,0
19,-10.51,4.86,0,12.3368061111111,8.55347240740741,-43.8444461111111,0.217377777777778,-1.47040555555556,9.623217,-40.7407407407407,0,0,0,0,0,0,0,0,0,0,0,0,0,0,0,0,0,-33.4074074074074,0,-91.6666666666667,0,0,0,0,0,0,0,0,0,0,-52.3333333333333,0,0,0,0,0,0,-67.6666666666667,0,0,0,0,0,0,-48.5555555555556,0,0,0,0,0,-66.3333333333333,-66.3333333333333,0,0,0,0,0,0,0,0,0,0,-74.962962962963,-74.1111111111111,-73,-60.4814814814815,-60,-91,-63.037037037037,-63.037037037037,0,0,0,0,0,0,0,0,0,0,0,0,0,0,0,0,0,0,0,0,0,0,0,0,0,0,0,0,0,0,0,0,-76,-64.7407407407407,-71.5555555555556,-82,-38.2962962962963,-38.2962962962963,0,0,0,0,0,0,-44.6666666666667,-44.6666666666667,-60.3333333333333,-51.962962962963,0,-89,0,0,0,0,0,0,0,0,0,0,0,0,0,0,0,0,0,0,0,0,0,-80.0740740740741,0,-56,-62.6666666666667,-55.3333333333333,-26.4814814814815,-82.3333333333333,-82.6666666666667,0,0,-68.1481481481482,-67.2962962962963,0,0,0,0,0,-63.037037037037,-73.6666666666667,-68.1481481481482,0,-84.3333333333333,0,0,0,0,0,0,0,-87.3333333333333,-87.6666666666667,0,0,0,0,0,0,0,0,0,0,0,0,-63.3333333333333,0,0,0,0,0,0,0,0,0,0,0,0,-56,-56.6666666666667,0,0,0,0,0,0,0,0,0,0,0,0,0
20,-11.19,4.84,0,11.1148711034483,6.88771555172414,-43.8698291034483,0.42315,-1.12659310344828,9.65703131034483,-27.5862068965517,0,0,0,0,0,0,0,0,0,0,0,0,0,0,0,0,0,-45.7931034482759,0,-74.551724137931,0,0,0,0,0,0,0,0,0,-24.8275862068966,-51.3448275862069,0,0,0,0,0,0,-50.0689655172414,0,0,0,0,0,-25.3793103448276,-49.448275862069,-69.7931034482759,0,0,0,0,-66.551724137931,-66.4827586206897,0,0,0,0,0,0,0,0,0,0,-78.6206896551724,-79.1724137931034,-55.3793103448276,-24.4827586206897,-74.551724137931,-74.551724137931,-25.5172413793103,-25.5172413793103,0,0,-48,-48.551724137931,0,0,0,0,0,0,0,0,0,0,0,0,0,0,0,0,0,0,0,0,0,0,0,0,0,0,0,0,-74.1034482758621,-73.551724137931,0,-59.9310344827586,-51.3103448275862,-51.3103448275862,0,0,0,0,0,0,-45.0689655172414,-44.6896551724138,-45.5172413793103,-55.2413793103448,0,-82.4137931034483,0,0,0,0,0,0,0,0,0,0,0,0,0,0,0,0,0,0,0,0,0,-71.3103448275862,0,-41.7241379310345,-60.448275862069,-41.7241379310345,-4.20689655172414,-80.9655172413793,-81.3448275862069,0,0,-81.6206896551724,-81.9310344827586,-83.4137931034483,-89.6206896551724,0,0,0,-68.3103448275862,-72.7241379310345,-72.8275862068966,-34.2068965517241,-80.7241379310345,0,0,0,0,0,0,0,-86.551724137931,-86.1724137931034,0,0,0,0,0,0,0,0,0,0,0,0,-63.6896551724138,0,0,0,0,0,0,0,0,0,0,-6.48275862068965,-66.6206896551724,-78.6206896551724,-78.9655172413793,0,0,0,0,0,0,0,0,0,0,0,0,-52.3448275862069
21,-11.14,4.26962962962963,0,-1.61875,-8.16597237037037,-42.0569461851852,0.196955555555556,-0.786583333333333,9.70355603703704,-340.740740740741,0,0,0,0,0,0,0,0,0,0,0,0,0,0,0,0,0,-85.5925925925926,0,-94.5185185185185,0,0,0,0,0,0,0,0,0,-53.2962962962963,-57.6296296296296,0,0,0,-49.2592592592593,0,0,-31.7777777777778,0,0,0,0,0,-53.7777777777778,-57.6296296296296,-81.4814814814815,0,0,0,0,-64.5555555555556,-64.0740740740741,-41.4814814814815,-42,0,0,0,0,0,0,0,0,-86.1481481481482,-86.6296296296296,-73,-38.3703703703704,-90.962962962963,-90.962962962963,0,0,0,0,-85.4444444444444,-85.4074074074074,0,0,0,0,0,0,0,0,0,0,0,0,0,0,0,0,0,0,0,0,0,0,0,0,0,0,0,0,-76.6296296296296,-76.6296296296296,0,-38.037037037037,-86.1111111111111,-86.1111111111111,0,0,0,0,0,0,-43.9259259259259,-43.9259259259259,-28.8888888888889,-57.4074074074074,0,-76.8518518518518,0,0,0,0,0,0,0,0,0,0,0,0,0,0,0,0,0,0,0,0,0,0,0,-26.4814814814815,-63.5925925925926,-26.4814814814815,-56.4814814814815,-79.4444444444444,-79.4444444444444,-42,-39.9259259259259,-87.7037037037037,-87.2222222222222,-83.3333333333333,-83.3333333333333,0,0,0,-69.4444444444444,-77.6296296296296,-75.9259259259259,-64.0740740740741,-80.4074074074074,0,0,0,0,0,0,0,-86.9259259259259,-86.9259259259259,0,0,0,0,0,0,0,0,0,0,0,0,-65.1111111111111,0,0,0,0,0,0,0,0,0,0,-87.037037037037,-82.962962962963,-83.3333333333333,-83.3333333333333,0,-41.4814814814815,0,0,0,0,0,0,0,0,0,0,-61.1111111111111
22,-11.13,3.3,0,3.12678571428571,-14.3026791428571,-38.8580375714286,0.127328571428571,-0.945371428571429,9.79752180952381,-223.809523809524,0,0,0,0,0,0,0,0,0,0,0,0,0,0,0,0,0,-81.4285714285714,-24.3333333333333,-85.9523809523809,0,0,0,0,0,0,0,0,0,-47.9523809523809,-65,0,0,0,-85.9523809523809,0,0,0,0,0,0,0,0,-48.8571428571429,-58.8095238095238,0,0,0,0,0,-63.3333333333333,-63.3333333333333,-71.4761904761905,-71.4761904761905,0,0,0,0,0,0,0,0,-85.0476190476191,-85.0476190476191,-70.5714285714286,-70.5714285714286,-86,-86.3333333333333,-23.6666666666667,0,0,0,-83,-82.3333333333333,0,0,0,0,0,0,0,0,0,0,0,0,0,0,0,0,0,0,0,0,0,0,0,0,0,0,0,0,-72.3809523809524,-81.3333333333333,0,0,-81.4285714285714,-82.3333333333333,0,0,0,0,0,0,-40.6666666666667,-42.3333333333333,0,-41.3333333333333,0,-75.0952380952381,0,0,0,0,0,0,0,0,0,0,0,0,0,0,0,0,0,0,0,0,0,0,0,0,-69,0,-63,-77.6666666666667,-78,-70.5714285714286,-71.4761904761905,-90,-90.3333333333333,-60,-81.4285714285714,0,0,0,-50,-83.6666666666667,-78.7142857142857,-64.2380952380952,-75.3333333333333,0,0,0,0,0,0,0,-84,-84,0,0,0,0,0,0,0,0,0,0,0,0,-67.6666666666667,0,0,0,0,0,0,0,0,0,0,-85.0476190476191,-74.1904761904762,-72.3809523809524,-72.3809523809524,0,-72.3809523809524,0,0,0,0,0,0,0,0,0,0,-26
23,-11.16,2.36,0,3.19076086956522,-13.707881173913,-38.911143,0.0669130434782609,-0.877076086956522,9.76073526086957,-339.130434782609,0,0,0,0,0,0,0,0,-63.304347826087,0,0,0,0,0,0,0,0,-74.3478260869565,-60.304347826087,-78.4782608695652,0,0,0,0,0,0,0,0,0,-49.0869565217391,-65.8695652173913,0,0,0,-95,0,0,-6.78260869565217,0,0,0,0,0,-49.9130434782609,-59.4347826086956,0,0,0,0,0,-63.6521739130435,-63.6521739130435,-71.2608695652174,-71.7826086956522,0,0,0,0,0,0,0,0,-77.6521739130435,-77.6521739130435,-71.8260869565217,-71.304347826087,-87.304347826087,-86.8260869565217,-66.9130434782609,0,0,0,-77,-76.2173913043478,0,0,0,0,0,0,0,0,0,0,0,0,0,0,0,0,0,0,0,0,0,0,0,0,0,0,0,0,-73.2173913043478,-82.9565217391304,0,0,-82,-82.8260869565217,0,0,0,0,0,0,-38.7826086956522,-39,-34.0869565217391,-34.0869565217391,0,-18.0434782608696,0,0,0,0,0,0,0,0,0,0,0,0,0,0,0,0,0,0,0,-49.3913043478261,0,0,-49.3913043478261,0,-73.2608695652174,0,-55.3478260869565,-72.2173913043478,-73.0434782608696,-70.8695652173913,-65.2608695652174,-85.9130434782609,-85.1739130434783,0,-19.5652173913043,0,0,0,-72.7826086956522,-76.3913043478261,-71.8695652173913,-58.6521739130435,-75.7391304347826,0,0,0,0,0,0,0,-84.4347826086957,-84.4347826086957,0,0,0,0,0,0,0,0,0,0,0,0,-74.0434782608696,0,0,0,0,0,0,0,0,0,0,-20.4347826086957,-67.7391304347826,-79.304347826087,-66.0869565217391,0,-72.695652173913,0,0,0,0,0,0,0,0,0,0,-64.4347826086957
24,-11.15,1.42,0,6.3590625,-12.1706255,-39.87281385,0.1878975,-0.8495625,9.7726429,-305,0,0,0,0,0,0,0,0,-77.35,0,0,0,0,0,0,0,0,-58.5,-62.05,0,0,0,0,0,0,0,0,0,0,-51.85,-68.75,0,0,0,-80.75,-31.85,0,-66.3,0,0,0,0,0,-51.85,-56.1,0,0,0,0,0,-62.3,-62.3,-58.65,-63.75,0,0,0,0,0,0,0,0,-61.1,-94.35,-72.25,-67.15,-85,-85,-71.55,-23.45,0,0,-77.65,-76.65,0,0,0,0,0,0,0,0,0,0,0,0,0,0,0,0,0,0,0,0,0,0,0,0,0,0,0,0,-80.95,-81.3,0,0,-74.8,-74.8,0,0,0,0,0,0,-38.65,-38.65,-50.75,-50.75,0,0,0,0,0,0,0,0,0,0,0,0,0,0,0,0,0,0,0,0,0,-70.65,0,0,-60.35,0,-76.05,0,-70.85,-78.6,-78.6,-62.9,-51.35,-80.75,-81.6,0,0,0,0,0,-79.05,-90.7,-56.55,-46.15,-79.6,0,0,0,0,0,0,0,-84.6,-84.95,0,0,0,0,0,0,0,0,0,0,0,0,-75.05,0,0,0,0,0,0,0,0,0,0,0,-28.7,-68,-52,0,-64.6,0,0,0,0,0,0,0,0,0,0,-66.3
25,-11.12,0.51,0,7.45218755,-8.8603129,-40.0931268,-0.0306525,-0.892515,9.7548529,-225,0,0,0,0,0,0,0,0,-72.8,0,0,0,0,0,0,0,0,-58.5,-18.25,0,0,0,0,0,0,0,0,0,0,-58.8,-69.75,0,0,-44.2,-76,-80.6,0,-62.4,0,0,0,0,0,-48.8,-60.7,0,0,0,0,0,-64.3,-64.3,-63.4,-60,0,0,0,0,0,0,0,0,0,-76,-68,-73.05,-90.1,-90.1,-53.6,-53.6,-61.1,-61.75,-69.6,-68.7,0,0,0,0,0,0,0,0,0,0,0,0,0,0,0,0,0,0,0,0,0,0,0,0,0,0,0,0,-77.2,-77.45,0,0,-80.5,-88.75,0,0,0,0,0,0,-40.7,-40.7,-43.2,-43.2,0,0,0,0,0,0,0,0,0,0,0,0,0,0,0,0,0,0,0,0,0,-56,0,0,-56.8,0,-75,0,-66.95,-76,-76.15,-64.65,-49.4,-76,-76.8,0,0,0,0,0,-74.4,-84.1,0,-37.05,-74,0,0,0,0,0,0,0,-82.75,-82.4,0,0,0,0,0,0,0,0,0,0,0,0,-79.1,0,0,0,0,0,0,0,0,0,0,0,-65.6,-64,0,0,-60.8,0,0,0,0,0,0,0,0,0,0,-19.5
26,-11.11,-0.399999999999999,0,6.93958333333333,-7.25729183333333,-39.9114601111111,-0.0617833333333333,-1.083375,9.73237561111111,-105.555555555556,0,0,0,0,0,0,0,0,0,0,0,0,0,0,0,0,0,-90,0,0,0,0,0,0,0,0,0,0,0,-65.6111111111111,-72.7222222222222,0,0,-60.4444444444444,-68.6111111111111,-79.1111111111111,0,-56.3333333333333,0,0,0,0,0,-44.0555555555556,-69.1111111111111,0,0,0,0,0,-61.0555555555556,-61.0555555555556,-63.1111111111111,-73.6111111111111,0,0,0,0,0,0,0,0,0,-84.4444444444444,-61.3888888888889,-72.8888888888889,-80.8888888888889,-80.8888888888889,-59.5555555555556,-59.5555555555556,-83.5555555555556,-84.4444444444444,-70.2222222222222,-69.3333333333333,0,0,0,0,0,0,0,0,0,0,0,0,0,0,0,0,0,0,0,0,0,0,0,0,0,0,0,0,-77.5,-77.5,0,0,-88.0555555555556,-87.0555555555556,0,0,0,0,0,0,-44,-43.7222222222222,-48,-54.8333333333333,0,0,0,0,0,0,0,0,0,0,0,0,0,0,0,0,0,0,0,0,0,-62.2222222222222,0,0,0,0,-78,0,-64.8888888888889,-74.8888888888889,-75.6111111111111,-72.1111111111111,-75.7222222222222,-68.6111111111111,-69.3333333333333,0,0,0,0,0,-67.1666666666667,-94.2777777777778,0,-57.5555555555556,-72.7222222222222,0,0,0,0,0,0,0,-73.7777777777778,-73.7777777777778,0,0,0,0,0,0,0,0,-26.1111111111111,0,0,0,-70.2222222222222,0,0,0,0,0,0,0,0,0,0,0,-72.8888888888889,-78.0555555555556,0,0,-54.8888888888889,0,0,0,0,0,0,0,0,0,0,0
27,-11.1,-1.33,0,6.11302083333333,-2.1015625,-38.6932306111111,-0.111279166666667,-1.56663333333333,9.67472958333333,-5.55555555555556,0,0,0,0,0,0,0,0,0,0,0,0,0,0,0,0,0,-80.0277777777778,0,0,0,0,0,0,0,0,0,0,0,-55.25,-73.9722222222222,0,0,-39.6666666666667,0,-51.9166666666667,0,-68.3333333333333,0,0,0,0,0,0,-63.9722222222222,0,0,0,0,0,-59.6111111111111,-59.9444444444444,-43.6666666666667,-62.3055555555556,0,0,0,0,0,0,0,0,0,-29.0277777777778,0,-47.8333333333333,-78.3611111111111,-78.3611111111111,-20.4722222222222,-22.5555555555556,-57.4444444444444,-55.4166666666667,-77.1388888888889,-76.1666666666667,0,0,0,0,0,0,0,0,0,0,0,0,0,0,0,0,0,0,0,0,0,0,0,0,0,0,0,0,-75.6111111111111,-75.9722222222222,0,0,-73.75,-72.8611111111111,0,0,0,0,0,0,-42.8333333333333,-42.6666666666667,-16.5,-49.0833333333333,0,0,0,0,0,0,0,0,0,0,0,0,0,0,0,0,0,0,0,0,0,-21.3888888888889,0,0,0,0,-79.75,0,-76.8055555555556,-74.8611111111111,-74.8611111111111,-66.5,-66.5,0,0,0,0,0,0,0,0,-81.8055555555556,0,-52.6111111111111,-69.9166666666667,0,0,0,0,0,0,0,-82.8888888888889,-82.5833333333333,0,0,0,0,0,0,0,0,-80.9444444444444,0,-2.58333333333333,0,-79.1388888888889,0,0,0,0,0,0,0,0,0,0,0,-15.9444444444444,-72.3611111111111,-2.33333333333333,0,0,0,0,0,0,0,0,0,0,0,0,0
28,-11.08,-2.36,0,2.6625,-6.69895844444444,-37.5020848333333,0.187633333333333,-1.71389166666667,9.48881733333333,194.444444444444,0,0,0,0,0,0,0,0,0,0,0,0,0,0,0,0,0,-75.8333333333333,0,0,0,0,0,0,0,0,0,0,0,-66.7777777777778,-71.6666666666667,0,0,0,0,0,0,-68.3333333333333,0,0,0,0,0,0,-71.6666666666667,0,0,0,0,0,-58.4444444444444,-58.4444444444444,-67.5,-60.8333333333333,0,0,0,0,0,0,0,0,0,0,0,0,0,0,0,-62.5,-93.7777777777778,0,-66.6666666666667,-65.8333333333333,0,0,0,0,0,0,0,0,0,0,0,0,0,0,0,0,0,0,0,0,0,0,0,0,0,0,0,0,-75.1111111111111,-75.6666666666667,0,0,-80.8888888888889,-80.1111111111111,0,0,0,0,0,0,-43.7777777777778,-43,0,-44.3333333333333,0,0,0,0,0,0,0,0,0,0,0,0,0,0,0,0,0,0,0,0,0,0,0,0,0,-16,-80.7777777777778,0,-66.6666666666667,-71.6666666666667,-71.6666666666667,-68.5555555555556,-68.7777777777778,0,0,0,0,0,0,0,0,-73.8888888888889,0,-62.1111111111111,-68.7777777777778,0,0,0,0,0,0,0,-79.6666666666667,-80.4444444444444,0,0,0,0,0,0,0,0,-73.1111111111111,0,-77.5,0,-82.5555555555556,0,0,0,0,0,0,0,0,0,0,0,0,-81.1111111111111,-70,0,0,0,0,0,0,0,0,0,0,0,0,0
29,-10.52,-2.4,0,-11.6607959090909,2.63409090909091,-34.8147745757576,0.138690909090909,-0.675386363636364,9.73046409090909,0,0,0,0,0,0,0,0,0,0,0,0,0,0,0,0,0,0,-79.969696969697,0,0,0,0,0,0,0,0,0,0,0,-58,-77.8181818181818,0,0,0,0,0,0,-54.6666666666667,0,0,0,0,0,0,-65.030303030303,0,0,0,0,0,-64.7272727272727,-65.2727272727273,-71.1818181818182,-64.1515151515152,0,0,0,0,0,0,0,0,0,0,0,0,0,0,0,-65.9090909090909,-81.7272727272727,0,-76.5151515151515,-76.1212121212121,0,0,0,0,0,0,0,0,0,0,0,0,0,0,0,0,0,0,0,0,0,0,0,0,0,0,0,0,-80.4545454545455,-79.4545454545455,0,0,-83.6969696969697,-83.6969696969697,0,0,0,0,0,0,-51.1818181818182,-51.7272727272727,-17.1818181818182,-17.1818181818182,0,0,0,0,0,0,0,0,0,0,0,0,0,0,0,0,0,0,0,0,0,0,0,0,0,-63.2727272727273,-84.0909090909091,-21.2727272727273,-78.9393939393939,-75.1818181818182,-75.1818181818182,-58.8787878787879,-59.7575757575758,0,0,0,0,0,0,0,0,0,0,-45.6969696969697,-76.4545454545455,0,0,0,0,0,0,0,-85,-85,-73.0909090909091,-73.9090909090909,0,0,0,0,0,0,0,0,-81.7272727272727,0,-89.7272727272727,0,0,0,0,0,0,0,0,0,0,0,0,-85.9090909090909,-73.8181818181818,0,-25.0909090909091,0,0,0,0,0,0,0,0,0,0,0
30,-9.62,-2.38,0,-10.4484379166667,4.378125,-35.389845625,0.0545,-1.4499125,9.67837545833333,-216.666666666667,0,0,0,0,0,0,0,0,0,0,0,0,0,0,0,0,0,-11.375,0,0,0,0,0,0,0,0,0,0,0,-46.75,-82.7916666666667,0,0,0,0,0,0,0,0,0,0,0,0,0,-69.7083333333333,0,0,0,0,0,-67.9583333333333,-67.9583333333333,-10.125,-9.125,0,0,0,0,0,0,0,0,0,0,0,0,0,0,0,-9.375,-65.875,0,-81.0833333333333,-82,0,0,0,0,0,0,0,0,0,0,0,0,0,0,0,0,0,0,0,0,0,0,0,0,0,0,0,0,-67.5,-66.6666666666667,0,0,-76.6666666666667,-76.6666666666667,0,0,0,0,0,0,-54.3333333333333,-54.3333333333333,-58.1666666666667,-58.1666666666667,0,0,0,0,0,0,0,0,0,0,0,0,0,0,0,0,0,0,0,0,0,0,0,0,0,-51,-83.875,-72.3333333333333,-70.8333333333333,-78.75,-78.5416666666667,-47.4583333333333,-48.1666666666667,0,0,0,0,0,0,0,0,0,0,-36.8333333333333,-79.375,0,0,0,0,0,0,0,-90.7083333333333,-90.7083333333333,-71.6666666666667,-74.1666666666667,0,0,0,0,0,0,0,0,-11.625,0,-91.2083333333333,0,0,0,0,0,0,0,0,0,0,0,0,-85.25,-83.3333333333333,0,-76.6666666666667,0,0,0,0,0,0,0,0,0,0,0
31,-8.68000000000001,-2.34,0,-12.820834,5.01805562962963,-35.5951403333333,0.238966666666667,-1.46241666666667,9.61255596296296,-314.814814814815,0,0,0,0,0,0,0,0,0,0,0,0,0,0,0,0,0,0,0,0,0,0,0,0,0,0,0,0,0,0,-91.3703703703704,0,0,0,0,0,0,0,0,0,0,0,0,0,-64.5555555555556,0,0,0,0,0,-74.5555555555556,-74.5555555555556,0,0,0,0,0,0,0,0,0,0,0,0,0,-57.3333333333333,0,0,0,0,0,0,-69.2222222222222,-70,0,0,0,0,0,0,0,0,0,0,0,0,0,0,0,0,0,0,0,0,0,0,0,0,0,0,0,0,-77.6666666666667,-56.2962962962963,0,0,-17.037037037037,-17.037037037037,0,0,0,0,0,0,-50.7777777777778,-50.7777777777778,-54.037037037037,-53.3703703703704,0,0,0,0,0,0,0,0,0,0,0,0,0,0,0,0,0,0,0,0,0,-49.3333333333333,0,0,0,0,-79.5555555555556,-63.7777777777778,-15.7407407407407,-83.3703703703704,-83.1851851851852,0,0,0,0,0,0,0,0,0,0,0,0,0,-83.7037037037037,0,0,0,0,0,0,0,-94.0740740740741,-94.3703703703704,-60.5185185185185,-62.6296296296296,0,0,0,0,0,0,0,0,0,0,-71.5555555555556,0,0,0,0,0,0,0,0,0,0,0,0,-85.8148148148148,-85.4814814814815,0,-64.7407407407407,0,0,0,0,0,0,0,0,0,0,0
32,-8.7,-1.74,0,3.59397321428571,21.8584830714286,-30.9375013214286,0.117825,-1.45111071428571,9.82828978571429,-132.142857142857,0,0,0,0,0,0,0,0,0,0,0,0,0,0,0,0,0,0,0,0,0,0,0,0,0,0,0,0,0,0,-85.75,0,0,0,0,0,0,0,0,0,0,0,0,0,-56.3214285714286,0,0,0,0,0,-76.6428571428571,-76.6428571428571,0,0,0,0,0,0,0,0,0,0,0,0,0,-67.5714285714286,-61.7142857142857,0,0,0,0,0,-22.25,-22.5,0,0,0,0,0,0,0,0,0,0,0,0,0,0,0,0,0,0,0,0,0,0,0,0,0,0,0,0,-73.8571428571429,0,0,0,0,0,0,0,0,0,0,0,-61.0714285714286,-61.0714285714286,-49.5,-48.7142857142857,0,0,0,0,0,0,0,0,0,0,0,0,0,0,0,0,0,0,0,0,0,-58.1428571428571,0,0,0,0,-75.4285714285714,-55.6428571428571,0,-79.25,-78.9285714285714,0,0,0,0,0,0,0,0,0,0,0,0,0,-85.9285714285714,0,0,0,0,0,0,0,-95.7857142857143,-96.4642857142857,0,0,0,0,0,0,0,0,0,0,0,0,-62.4285714285714,0,0,0,0,0,0,0,0,0,0,0,0,-80.7857142857143,-73.0714285714286,0,-60.4285714285714,0,0,0,0,0,0,0,0,0,0,0
33,-8.77,-0.95,0,-7.07430562962963,21.290972962963,-30.401389962963,0.177072222222222,-1.24131111111111,9.86951144444444,-155.555555555556,0,0,0,0,0,0,0,0,0,0,0,0,0,0,0,0,0,0,0,0,0,0,0,0,0,0,0,0,0,0,-91.962962962963,0,0,0,0,0,0,0,0,0,0,0,0,0,-27.8518518518519,0,0,0,0,0,-80.3703703703704,-80.8888888888889,0,0,0,0,0,0,0,0,0,0,0,0,0,-15.9259259259259,-80.4444444444444,-62,-25.4814814814815,0,-27.5555555555556,-27.5555555555556,-74.1481481481482,-74.3703703703704,0,0,0,0,0,0,0,0,0,0,0,0,0,0,0,0,0,0,0,0,0,0,0,0,0,0,0,0,-17.4074074074074,0,0,0,0,0,0,0,0,0,0,0,-63.1111111111111,-63.1111111111111,-31.2222222222222,-31.037037037037,0,0,0,0,0,0,0,0,0,0,0,0,0,0,0,0,0,0,0,0,-27.8518518518519,-40.962962962963,0,0,0,0,-17.7777777777778,0,0,-84.5925925925926,-84.4074074074074,0,0,0,0,0,0,0,0,0,0,0,0,0,-87,0,0,0,0,0,0,0,-93.3333333333333,-93.3333333333333,0,0,0,0,0,0,0,0,0,0,0,0,0,0,0,0,0,0,0,0,0,0,0,0,-60.6666666666667,-78.2592592592593,-77.8888888888889,0,-78.7407407407407,0,0,0,0,0,0,0,0,0,0,0
34,-8.77,-0.399999999999999,0,-10.869141,11.1867191875,-25.3347666875,0.099178125,-0.85456875,9.57956275,-356.25,0,0,0,0,0,0,0,0,0,0,0,0,0,0,0,0,0,0,0,0,0,0,0,0,0,0,0,0,0,0,-91.3125,0,0,0,0,0,0,0,0,0,0,0,0,0,-82.25,0,0,0,0,0,-78.4375,-69.125,0,0,0,0,0,0,0,0,0,0,0,0,0,0,-82.25,-81.375,-75.25,0,-92.4375,-92.4375,-79.625,-78.75,0,0,0,0,0,0,0,0,0,0,0,0,0,0,0,0,0,0,0,0,0,0,0,0,0,0,0,0,0,0,0,0,0,0,0,0,0,0,0,0,-64,-63.4375,-72.1875,-71.625,0,0,0,0,0,0,0,0,0,0,0,0,0,0,0,0,0,0,0,0,-82.25,-80.5,0,0,0,0,0,0,0,-88.625,-89.1875,0,0,0,0,0,0,0,0,0,0,0,0,-45.5625,-85.875,0,0,0,0,0,0,0,-82.25,-82.25,0,0,0,0,0,0,0,0,0,0,0,0,0,0,0,-51.75,0,0,0,0,0,0,0,0,-79.625,-90.4375,-79.625,0,-80.5,0,0,0,0,0,0,0,0,0,0,0
35,-7.91,-0.39,0,-3.06,-8.2162502,-30.337501,0.22281,-0.39939,9.4422006,-620,0,0,0,0,0,0,0,0,0,0,0,0,0,0,0,0,0,0,0,0,0,0,0,0,0,0,0,0,0,0,0,0,0,-49.8,0,0,0,-36.8,0,0,0,0,0,0,0,0,0,0,0,0,-76.2,-76.6,0,0,0,0,0,0,0,0,0,0,0,0,0,0,-92,-92,0,0,0,0,0,0,0,0,0,0,0,0,0,0,0,0,0,0,0,0,0,0,0,0,0,0,0,0,0,0,0,0,0,0,0,0,0,0,0,0,0,0,0,0,0,0,-65.4,-65,0,0,0,0,0,0,0,0,0,0,0,0,0,0,0,0,0,0,0,0,0,0,0,0,0,0,0,0,0,0,0,0,0,0,0,0,0,0,0,0,0,0,0,0,0,0,0,0,0,0,0,0,0,0,0,0,0,0,0,0,0,0,0,0,0,0,0,0,0,0,0,0,0,0,0,0,0,0,0,0,0,0,0,0,0,0,0,0,0,0,0,0,0,0,0,0
36,-7.91999999999999,-1.28,0,4.66814516129032,-8.03528248387097,-33.2092753225807,-0.445572580645161,-0.828251612903226,9.6513535483871,-354.838709677419,0,0,0,0,0,0,0,0,0,0,0,0,0,0,0,0,0,0,0,0,0,0,0,0,0,0,0,0,0,0,-5.48387096774194,0,0,-72.2903225806452,0,0,0,-32.6451612903226,0,0,0,0,0,0,0,0,0,0,0,0,-65.4516129032258,-65.4516129032258,0,0,0,0,0,0,0,0,0,0,0,0,0,0,-80.1290322580645,-80.1290322580645,0,0,0,0,0,0,0,0,0,0,0,0,0,0,0,0,0,0,0,0,0,0,0,0,0,0,0,0,0,0,0,0,0,0,-5.29032258064516,-5.29032258064516,0,0,-5.41935483870968,-5.41935483870968,0,0,0,0,0,0,-56.6129032258064,-56.6129032258064,0,0,0,0,0,0,0,0,0,0,0,0,0,0,0,0,0,0,0,0,0,0,0,0,0,0,0,0,-5.74193548387097,0,-5.67741935483871,0,0,0,0,0,0,0,0,0,0,0,0,0,0,0,-4.45161290322581,0,0,0,0,0,0,0,0,0,0,0,0,0,0,0,0,0,0,0,0,-5.35483870967742,0,0,0,0,0,0,0,0,0,0,0,0,0,0,0,0,0,0,0,0,0,0,0,0,0,0,0,0
37,-7.91,-2.18,0,8.32767880952381,-12.147322,-37.5928588095238,-0.658892857142857,-0.779821428571429,9.64901471428571,-557.142857142857,0,0,0,0,0,0,0,0,0,0,0,0,0,0,0,0,0,0,0,0,0,0,0,0,0,0,0,0,0,0,-85.5714285714286,0,0,-75.0952380952381,0,0,0,0,0,0,0,0,0,0,-49.1428571428571,0,0,0,0,0,-64,-64,0,0,0,0,0,0,0,0,0,0,0,0,0,0,-83.2380952380952,-83.2380952380952,0,0,0,0,0,0,0,0,0,0,0,0,0,0,0,0,0,0,0,0,0,0,0,0,0,0,0,0,0,0,0,0,0,0,-74.1904761904762,-74.1904761904762,0,0,-76,-76,0,0,0,0,0,0,-48.2857142857143,-48.2857142857143,0,0,0,0,0,0,0,0,0,0,0,0,0,0,0,0,0,0,0,0,0,0,0,0,0,0,0,0,-90.7142857142857,0,-79.6190476190476,0,0,-46.2857142857143,-45.1428571428571,0,0,0,0,0,0,0,0,0,0,0,-71.8571428571429,0,0,0,0,0,0,0,0,0,0,0,0,0,0,0,0,0,0,0,0,-75.0952380952381,0,0,0,0,0,0,0,0,0,0,0,0,0,0,0,0,0,0,0,0,0,0,0,0,0,0,0,0
38,-7.89,-3,0,10.1861417391304,-11.309918826087,-39.3782625869565,-0.733503260869565,-0.914158695652174,9.76015806521739,-506.521739130435,0,0,0,0,0,0,0,0,0,0,0,0,0,0,0,0,0,0,0,0,0,0,0,0,0,0,0,0,0,-30.2608695652174,-92.304347826087,0,0,0,0,0,0,0,0,0,0,0,0,-30.6086956521739,-75,0,0,0,0,0,-72.2608695652174,-72.2608695652174,-44.6521739130435,-44.6521739130435,0,0,0,0,0,0,0,0,0,0,0,0,0,0,-30.2608695652174,0,0,0,0,0,0,0,0,0,0,0,0,0,0,0,0,0,0,0,0,0,0,0,0,0,0,0,0,0,0,0,0,0,-42.7826086956522,-42.7826086956522,0,0,-43.8260869565217,-43.8260869565217,0,0,0,0,0,0,-54.7826086956522,-54.7391304347826,-67.2173913043478,-66.8695652173913,0,0,0,0,0,0,0,0,0,0,0,0,0,0,0,0,0,0,0,0,0,0,0,0,0,-49.7391304347826,-84.6521739130435,-48.6086956521739,-45.9130434782609,0,0,-70.4347826086957,-76.3478260869565,0,0,0,0,0,0,0,0,0,0,-35.6086956521739,-85.5217391304348,0,0,0,0,0,0,0,0,0,0,0,0,0,0,0,0,0,0,0,-53.1304347826087,-43.304347826087,0,0,0,0,0,0,0,0,0,0,0,0,0,0,0,0,0,0,0,0,0,-40.695652173913,0,0,-59.1304347826087,0,0,0
39,-8.79,-3.28,0,17.6173995135135,12.3902032972973,-29.4826027837838,-0.591008108108108,-0.791858108108108,9.71228556756757,-513.513513513514,0,0,0,0,0,0,0,0,0,0,0,0,0,0,0,0,0,0,0,0,0,0,0,0,0,0,0,0,0,-77.2162162162162,-82.0810810810811,0,0,0,0,0,0,0,0,0,0,0,0,-71.3513513513514,-82.6216216216216,0,0,0,0,0,-64.2972972972973,-64.2972972972973,-67.3513513513514,-49.1081081081081,0,0,0,0,0,0,0,0,0,0,0,0,0,0,-70.5405405405405,0,0,0,0,0,0,0,0,0,0,0,0,0,0,0,0,0,0,0,0,0,0,0,0,0,0,0,0,0,0,0,0,0,0,0,0,0,-56.5675675675676,0,0,0,0,0,0,0,-45.2702702702703,-44.5945945945946,-61.6486486486486,-61.7567567567568,0,0,0,0,0,0,0,0,0,0,0,0,0,0,0,0,0,0,0,0,0,-18.7297297297297,0,0,0,-79.6216216216216,-90.7837837837838,-53.4594594594595,0,0,0,-44.027027027027,-72.1621621621622,0,0,0,0,0,0,0,0,0,0,-63.3243243243243,-77.1081081081081,0,0,0,0,0,0,0,0,0,0,0,0,0,0,0,0,0,0,0,-58.4324324324324,0,-61.9189189189189,0,0,0,0,0,0,0,0,0,0,0,0,0,0,0,0,0,0,0,0,-44.7567567567568,0,0,-20.2162162162162,-72.054054054054,0,0
40,-9.69,-3.32,0,21.7884152926829,-1.62073170731707,-30.5295745365854,-0.138420731707317,-0.486870731707317,9.73853812195122,-358.536585365854,0,0,0,0,0,0,0,0,-57.2926829268293,0,0,0,0,0,0,0,0,0,0,0,0,0,0,0,0,0,0,0,0,-63.5609756097561,-73.2682926829268,0,0,-48.0731707317073,0,0,0,0,0,0,0,0,0,-17.1707317073171,-66,0,0,0,0,0,-63.609756097561,-63.4390243902439,-60.3658536585366,0,0,0,0,0,0,0,0,0,0,0,0,0,-38.5609756097561,-38.5609756097561,-16.9756097560976,0,0,0,0,0,0,0,0,0,0,0,0,0,0,0,0,0,0,0,0,0,0,0,0,0,0,0,0,0,0,0,0,0,-63.5121951219512,-67.4878048780488,0,0,-66.5853658536585,0,0,0,0,0,0,0,-44.7317073170732,-45.0487804878049,-48,-48,0,0,0,0,0,0,0,0,0,0,0,0,0,0,0,0,0,0,0,0,0,-61.9756097560976,0,0,0,-65.5121951219512,-82.1463414634146,0,-52.6829268292683,0,0,-66,-72.6341463414634,0,0,0,0,0,0,0,0,0,0,-55.6829268292683,-73.9512195121951,0,0,0,0,0,0,0,0,0,0,-37.3170731707317,0,0,0,0,0,0,0,0,0,0,-84.5121951219512,0,0,0,0,0,0,0,0,0,0,0,-15.1951219512195,-62.780487804878,0,0,-15.3658536585366,0,0,0,0,0,0,0,0,-37.7560975609756,0,0
41,-10.6,-3.36,0,19.1053362682927,7.28323173170732,-33.502592804878,-0.493558536585366,-0.981607317073171,9.7225906097561,-573.170731707317,0,0,0,0,0,0,0,0,-46.6829268292683,0,0,0,0,0,0,0,0,0,0,0,0,0,0,0,0,0,0,0,0,-39.7073170731707,-65.8292682926829,0,0,-39.1707317073171,0,0,0,0,0,0,0,0,0,-7.31707317073171,-14,0,0,0,0,0,-58.4390243902439,-58.6829268292683,-12.8048780487805,-9.39024390243902,0,0,0,0,0,0,0,0,-34.7560975609756,0,0,0,-83.6829268292683,-83.8048780487805,0,0,0,0,-63.5853658536585,-64,0,0,0,0,0,0,0,0,0,0,0,0,0,0,0,0,0,0,0,0,0,0,0,0,0,0,0,0,-75.8048780487805,-80.1463414634146,0,0,-35.2439024390244,-35.4146341463415,0,0,0,0,0,0,-43.7073170731707,-43.8780487804878,-53.4634146341463,-30.0487804878049,0,0,0,0,0,0,0,0,0,0,0,0,0,0,0,0,0,0,0,0,0,-13.1463414634146,0,0,0,-39.7073170731707,-75.0243902439024,0,-42.9268292682927,0,0,-38.5121951219512,-64.219512195122,0,0,0,0,0,0,0,-66.5853658536585,-75.5853658536585,0,-34.8780487804878,-68.8292682926829,0,0,0,0,0,0,0,0,0,-10.2439024390244,-83.780487804878,0,0,0,0,0,0,0,0,0,0,-77.0731707317073,0,0,0,0,0,0,0,0,0,0,0,-82.6341463414634,-77.5609756097561,0,0,-80.8536585365854,0,0,0,0,0,0,0,0,0,0,0
42,-11.45,-3.38,0,18.6502238571429,8.66049153571428,-32.7207607142857,-0.672278571428571,-1.23252857142857,9.63031653571428,-764.285714285714,0,0,0,0,0,0,0,0,0,0,0,0,0,0,0,0,0,0,0,0,0,0,0,0,0,0,0,0,0,0,-65.7142857142857,0,0,0,0,0,0,0,0,0,0,0,0,-55.8928571428571,-36.4285714285714,0,0,0,0,0,-54.8928571428571,-55.0714285714286,0,-69.3571428571429,0,0,0,0,0,0,0,0,-88.2142857142857,0,0,0,-78,-78.8571428571429,-42.3214285714286,0,0,0,-75.25,-75.25,0,0,0,0,0,0,0,0,0,0,0,0,0,0,0,0,0,0,0,0,0,0,0,0,0,0,0,0,-75.2857142857143,-75.8571428571429,0,0,-77.8571428571429,-77.4642857142857,0,0,0,0,0,0,-44.3214285714286,-44.3214285714286,-45,-31.6071428571429,0,0,0,0,0,0,0,0,0,0,0,0,0,0,0,0,0,0,0,0,0,0,0,0,0,0,-75.5,0,-13.3928571428571,0,0,-62.75,-63.2857142857143,0,0,0,0,0,0,0,-68.25,-86.6428571428571,0,0,-66.5,0,0,0,0,0,0,0,0,0,-78,-80.25,0,0,0,0,0,0,0,0,0,0,-69.25,0,0,0,0,0,0,0,0,0,0,0,-75.4285714285714,-63.75,0,0,-76.2857142857143,0,0,0,0,0,0,0,0,0,0,0
43,-12.3,-3.42,0,21.7354485820896,7.37770535820895,-28.8442175671642,-0.87464776119403,-1.70310223880597,9.58161310447761,-731.343283582089,0,0,0,0,0,0,0,0,0,0,0,0,0,0,0,0,0,0,0,0,0,0,0,0,0,0,0,0,0,-47,-68.4776119402985,0,0,0,0,0,0,0,0,0,0,0,0,-60.0298507462687,-64.6567164179104,0,0,0,0,0,-61.2686567164179,-61.4477611940299,0,-65.6865671641791,0,0,0,0,0,0,0,0,-51.044776119403,0,0,0,-80.134328358209,-82.8507462686567,-42.4477611940299,0,-52.4626865671642,0,-74.1940298507463,-72.1044776119403,0,0,0,0,0,0,0,0,0,0,0,0,0,0,0,0,0,0,0,0,0,0,0,0,0,0,0,0,-75.1492537313433,-79.5223880597015,0,0,-86.0746268656716,-80.5522388059701,0,0,0,0,0,0,-45.134328358209,-45.134328358209,-39.2835820895522,-49.8507462686567,0,0,0,0,0,0,0,0,0,0,0,0,0,0,0,0,0,0,0,0,0,0,0,0,0,0,-76.7313432835821,-31.4328358208955,-66.2537313432836,0,0,-52,-51.4925373134328,0,0,0,0,0,0,0,0,-88.7014925373134,0,-27,-66.3283582089552,0,0,0,0,0,0,0,0,0,-74.1791044776119,-56.4179104477612,0,0,0,0,0,0,0,-63.134328358209,0,0,-79.2985074626866,0,0,-60.3283582089552,0,0,0,0,0,0,0,0,-48.8059701492537,-51.8059701492537,-34.2537313432836,0,-15.9402985074627,0,0,0,0,0,0,0,0,0,0,0
44,-12.48,-2.47,0,4.35496326470588,16.3676477647059,-38.197060382353,-0.32450294117647,-0.699419117647059,9.77224,-541.176470588235,0,0,0,0,0,0,0,0,0,0,0,0,0,0,0,0,0,0,0,0,0,0,0,0,0,0,0,0,0,-3.94117647058824,-68.1176470588235,0,0,0,0,0,0,0,0,0,0,0,0,-4.11764705882353,-63.3529411764706,0,0,0,0,0,-61.8823529411765,-61.8823529411765,0,-16.6176470588235,0,0,0,0,0,0,0,0,0,0,-65.8823529411765,-66.7058823529412,-45.5,-90,-32.2058823529412,-32.2058823529412,-33.5294117647059,0,-78.1176470588235,-77.9705882352941,0,0,0,0,0,0,0,0,0,0,0,0,0,0,0,0,0,0,0,0,0,0,0,0,0,0,0,0,-60,-60.7058823529412,0,0,-64.7058823529412,-64.7058823529412,0,0,0,0,0,0,-40.2352941176471,-44.9411764705882,-3.29411764705882,-3.29411764705882,0,0,0,0,0,0,0,0,0,0,0,0,0,0,0,0,0,0,0,0,0,0,0,0,0,0,-72.4117647058823,-58.4705882352941,-59.0294117647059,0,0,-54.4117647058824,-50.7352941176471,0,0,0,0,0,0,0,0,-91.3823529411765,0,-47.2941176470588,-73.5588235294118,0,0,0,0,0,0,0,0,0,-62.5,0,0,0,0,0,0,0,0,-5.29411764705882,0,0,-77.3529411764706,0,0,-5.05882352941176,0,0,0,0,0,0,0,0,-57.8823529411765,-65.4411764705882,-60,0,0,0,0,0,0,0,0,0,0,0,0,0
45,-12.53,-1.61,0,1.40183823529412,18.0033097058824,-36.8503692352941,-0.35265,-0.905011764705882,9.74329476470588,-558.823529411765,0,0,0,0,0,0,0,0,0,0,0,0,0,0,0,0,0,0,0,0,0,0,0,0,0,0,0,0,0,0,-68.5882352941177,0,0,0,0,0,0,0,0,0,0,0,0,0,-68.5882352941177,0,0,0,0,0,-62.1176470588235,-62.1176470588235,-34.1764705882353,-73.2352941176471,0,0,0,0,0,0,0,0,0,0,-70.5882352941177,-71.4705882352941,-80.2941176470588,-79.4117647058823,-64.4117647058823,-64.4117647058823,0,0,-73.2352941176471,-72.3529411764706,0,0,0,0,0,0,0,0,0,0,0,0,0,0,0,0,0,0,0,0,0,0,0,0,0,0,0,0,0,0,0,0,-51.7647058823529,-51.7647058823529,0,0,0,0,0,0,-48,-48,0,0,0,0,0,0,0,0,0,0,0,0,0,0,0,0,0,0,0,0,0,0,0,0,0,0,0,0,-73.2352941176471,-62.6470588235294,-64.4117647058823,0,0,-43.5294117647059,-40.5882352941176,0,0,0,0,0,0,0,0,-94.4117647058823,0,0,-75.2352941176471,0,0,0,0,0,0,0,0,0,-50,0,0,0,0,0,0,0,0,0,0,0,-77,0,0,0,0,0,0,0,0,0,0,0,0,-52.3529411764706,0,0,0,0,0,0,0,0,0,0,0,0,0,0
46,-12.59,-0.75,0,3.63620689655172,20.96832,-36.9465536206897,-0.47655,-1.0278724137931,9.70579696551724,-565.51724137931,0,0,0,0,0,0,0,0,0,0,0,0,0,0,0,0,0,0,0,0,0,0,0,0,0,0,0,0,0,-12.4137931034483,-71.7241379310345,0,0,0,0,0,0,0,0,0,0,0,0,0,-59.2413793103448,0,0,0,0,0,-64.8275862068966,-64.0689655172414,-65.8275862068966,-65.8275862068966,0,0,0,0,0,0,0,0,-72.0689655172414,0,-13.7931034482759,-13.9655172413793,-78.2413793103448,-77.5862068965517,-47.8275862068966,-47.8275862068966,0,0,-65.8275862068966,-65.0344827586207,0,0,0,0,0,0,0,0,0,0,0,0,0,0,0,0,0,0,0,0,0,0,0,0,0,0,0,0,-76.3448275862069,-69.7931034482759,0,0,0,0,0,0,0,0,0,0,-46.1379310344828,-46.3448275862069,0,0,0,0,0,0,0,0,0,0,0,0,0,0,0,0,0,0,0,0,0,0,0,0,0,0,0,-52.3448275862069,-73.551724137931,-64.5862068965517,-67.9655172413793,0,0,0,0,0,0,0,0,0,0,0,-70.551724137931,-86.9310344827586,0,-52.3448275862069,-81.1379310344828,0,0,0,0,0,0,0,0,0,0,0,0,0,0,0,0,0,0,0,0,0,-76.3793103448276,0,0,0,0,0,0,0,0,0,0,0,-68.2758620689655,-68.2758620689655,0,0,-68.2758620689655,0,0,0,0,0,0,0,0,0,0,0
47,-12.62,0.13,0,4.27862906451613,24.6127025483871,-33.5594774516129,-0.515603225806451,-1.39335967741935,9.60604387096774,-406.451612903226,0,0,0,0,0,0,0,0,0,0,0,0,0,0,0,0,0,0,0,0,0,0,0,0,0,0,0,0,0,-59.2258064516129,-65.7096774193548,0,0,0,0,0,0,0,0,0,0,0,0,0,-66.1935483870968,0,0,0,0,0,-58.7096774193548,-57.8709677419355,-45.5161290322581,-13.3870967741935,0,0,0,0,0,0,0,0,-84.741935483871,-32.6451612903226,0,0,-87.6129032258064,-88.0967741935484,0,0,0,0,-13.3870967741935,-13.2258064516129,0,0,0,0,0,0,0,0,0,0,0,0,0,0,0,0,0,0,0,0,0,0,0,0,0,0,0,0,-78,-77.1612903225806,0,0,0,0,0,0,0,0,0,0,-43.3225806451613,-43.4838709677419,0,0,0,0,0,0,0,0,0,0,0,0,0,0,0,0,0,0,0,0,0,0,0,0,0,0,0,-61.4516129032258,-70.8709677419355,-61.4516129032258,-61.2258064516129,0,0,0,0,0,0,0,0,0,0,0,-78,-88.8064516129032,0,-57.8709677419355,-86.3225806451613,0,0,0,0,0,0,0,0,0,0,0,0,0,0,0,0,0,0,0,0,0,-73.6451612903226,0,0,0,0,0,0,0,0,0,0,0,-75.4838709677419,-75.4838709677419,0,0,-75.4838709677419,0,0,0,0,0,0,0,0,0,0,0
48,-12.7,1,0,0.16627358490566,24.6367938113208,-31.0910391509434,-0.264682075471698,-1.37987264150943,9.65370611320755,-407.547169811321,0,0,0,0,0,0,0,0,0,0,0,0,0,0,0,0,0,0,0,0,0,0,0,0,0,0,0,0,0,-59.0566037735849,-64.5660377358491,0,0,0,0,0,0,0,0,0,0,0,0,0,-55.811320754717,0,0,0,0,0,-70.4905660377358,-70.1509433962264,0,0,0,0,0,0,0,0,0,0,-65.9622641509434,-65.9622641509434,-72.2075471698113,-71.0377358490566,-76,-78.9433962264151,0,0,0,0,0,0,0,0,0,0,0,0,0,0,0,0,0,0,0,0,0,0,0,0,0,0,0,0,0,0,0,0,0,0,-78.8679245283019,-12.2452830188679,0,0,0,0,0,0,0,0,0,0,-42.9056603773585,-42.6037735849057,0,0,-78.1132075471698,-78.6603773584906,0,0,0,0,0,0,0,0,0,0,0,0,0,0,0,0,0,0,0,0,0,0,0,-31.8867924528302,-72.0943396226415,-31.8867924528302,-61.1698113207547,0,0,0,0,0,0,0,0,0,0,0,-82.1132075471698,-87.5094339622642,0,-2.60377358490566,-84.0188679245283,0,0,0,0,0,0,0,0,0,0,0,0,0,0,0,0,0,0,0,0,0,-76.2075471698113,0,0,0,0,0,0,0,0,0,0,0,-3.39622641509434,-3.39622641509434,0,0,-3.39622641509434,0,0,0,0,0,0,0,0,0,0,0
49,-12.75,1.89,0,-10.6455886764706,22.1933831470588,-23.9586406470588,-0.114992647058824,-1.50504705882353,9.68353279411765,-602.941176470588,0,0,0,0,0,0,0,0,0,0,0,0,0,0,0,0,0,0,0,-60.8235294117647,0,0,0,0,0,0,0,0,0,-61.1176470588235,-64.0588235294118,0,0,0,0,0,0,0,0,0,0,0,0,0,-58.3529411764706,0,0,0,0,0,-74.3529411764706,-74.3529411764706,0,0,0,0,0,0,0,0,0,0,-21.4117647058824,-21.1764705882353,-77.1176470588235,-74.2941176470588,-85.9411764705882,-78.4117647058823,0,0,0,0,0,0,0,0,0,0,0,0,0,0,0,0,0,0,0,0,0,0,0,0,0,0,0,0,0,0,0,0,0,0,-88.6764705882353,-89.0294117647059,0,0,0,0,0,0,0,0,0,0,-41.3529411764706,-41.3529411764706,-11.2941176470588,-11.2941176470588,-64.9411764705882,-65.6470588235294,0,0,0,0,0,0,0,0,0,0,0,0,0,0,0,0,0,0,0,-19.5294117647059,0,0,0,0,-71.5294117647059,0,-42.3529411764706,0,0,0,0,-59.2941176470588,-58.6764705882353,0,0,0,0,0,-88.1764705882353,-82.5,0,-49.8235294117647,-85.8823529411765,0,0,0,0,0,0,0,0,0,0,0,0,0,0,0,0,0,0,0,0,0,-74.4117647058823,0,0,0,0,0,0,0,0,0,0,0,0,0,0,0,0,0,0,0,0,0,0,0,0,0,0,0
50,-12.81,2.78,0,6.52958333333333,24.3429178222222,-20.4320842222222,-0.310616666666667,-1.42166666666667,9.68887377777778,-531.111111111111,0,0,0,0,0,0,0,0,0,0,0,0,0,0,0,0,0,0,0,-77.2888888888889,0,0,0,0,0,0,0,0,0,-49.6666666666667,-59.4,0,0,0,0,0,0,0,-50.1333333333333,0,0,0,0,-29.3333333333333,-25.4666666666667,0,0,0,0,0,-66.4666666666667,-66.4666666666667,0,0,0,0,0,0,0,0,0,0,-79.4,-79.0666666666667,-67.3333333333333,-66.8,-86.2666666666667,-85.9111111111111,-65.2444444444444,-65.2444444444444,0,0,0,0,0,0,0,0,0,0,0,0,0,0,0,0,0,0,0,0,0,0,0,0,0,0,0,0,0,0,0,0,-77.8,-77.8,0,0,0,-50.1333333333333,0,0,0,0,0,0,-46.6444444444444,-46.6444444444444,-59.2888888888889,-58.8888888888889,-77.0666666666667,-64.9777777777778,0,0,0,0,0,0,0,0,0,0,0,0,0,0,0,0,0,0,0,-74.6888888888889,0,0,0,0,-64.8888888888889,0,-58.1333333333333,0,0,-44.8,-46.9333333333333,-93.3333333333333,-92.9555555555555,0,0,0,0,0,-78.7333333333333,-82.5111111111111,0,-61.9333333333333,-86.4888888888889,0,0,0,0,0,0,0,0,0,0,0,0,0,0,0,0,0,0,0,0,0,-69.6666666666667,0,0,0,0,0,0,0,0,0,0,0,0,0,0,0,0,0,0,0,0,0,0,0,0,0,0,-47.2888888888889
51,-12.88,3.65,0,-5.8001953125,21.77402415625,-34.59843934375,-0.279740625,-1.2216609375,9.7130536875,-459.375,0,0,0,0,0,0,0,0,-75.5625,0,0,0,0,0,0,0,0,0,0,-48.4375,0,0,0,0,0,0,0,0,0,-44.5,-58.34375,0,0,0,0,0,0,0,-76.40625,0,0,0,0,-44.5,-52.21875,0,0,0,0,0,-73.59375,-73.5625,0,0,0,0,0,0,0,0,0,0,-74.53125,-77.84375,-62.5,-61.71875,-78.21875,-77.40625,-60.875,-60.875,0,0,0,0,0,0,0,0,0,0,0,0,0,0,0,0,0,0,0,0,0,0,0,0,0,0,0,0,0,0,0,0,-80.1875,-80.1875,0,0,-3,-73.4375,0,0,0,0,0,0,-54.375,-54.875,-59.875,-59.75,-80.875,-80.5625,-39,-74.4375,0,0,0,0,0,0,0,0,0,0,0,0,0,0,0,0,0,-73.375,0,0,0,0,-63.71875,0,-58.40625,0,0,-65.625,-68.75,-86.125,-85.625,0,0,0,0,0,-76.8125,-74.1875,0,-53.125,-83.25,0,0,0,0,0,0,0,0,0,0,0,0,0,0,0,0,0,0,0,0,0,-67.90625,0,0,0,0,0,0,0,0,0,0,0,0,0,0,0,0,0,0,0,0,0,0,0,0,0,0,-70.375
52,-12.96,4.5,0,8.1834376,7.560000125,-36.388595325,-0.4388625,-1.46532,9.63717795,-340,0,0,0,0,0,0,0,0,-58.125,0,0,0,0,0,0,0,0,0,-18.975,-77.35,0,0,0,0,0,0,0,0,0,-41.65,-58.275,0,0,0,0,0,0,0,-85.5,0,0,0,0,-41.65,-56.2,0,0,0,0,0,-74.625,-74.25,0,0,0,0,0,0,0,0,0,0,-80.075,-85.925,0,0,-58.125,-57.5,-45,-45,0,0,0,0,0,0,0,0,0,0,0,0,0,0,0,0,0,0,0,0,0,0,0,0,0,0,0,0,0,0,0,0,-76.75,-76.75,0,0,-81.6,0,0,0,0,0,0,0,-57.325,-57.325,-55.875,-55.25,-77.1,-71.4,-66.3,-66.3,0,0,0,0,0,0,0,0,0,0,0,0,0,0,0,0,0,-72.25,0,0,0,0,-63.175,0,-51.85,0,0,-58.05,-56.7,-80.375,-80.375,0,0,0,0,0,-73.1,-69.1,0,0,-88.275,0,0,0,0,0,0,0,0,0,0,0,0,0,0,0,0,0,0,0,0,0,-69.175,0,0,0,0,0,0,0,0,0,0,0,0,0,0,0,0,0,0,0,0,0,0,0,0,0,0,-65.025
53,-12.95,5.38999999999999,0,5.03846153846154,18.5437506153846,-34.4014440512821,-0.0952269230769231,-0.580665384615385,9.84275041025641,-279.48717948718,0,0,0,0,0,0,0,0,0,0,0,0,0,0,0,0,0,0,-65.6410256410256,-91.4871794871795,0,0,0,0,0,0,0,0,0,-37.974358974359,-54,0,0,0,0,0,0,0,-80.6153846153846,0,0,0,0,-38.9487179487179,-35.6923076923077,0,0,0,0,0,-66.6410256410256,-66.6410256410256,0,0,0,0,0,0,0,0,0,0,-82.3589743589744,-82,0,0,0,-45.7948717948718,0,0,0,0,0,0,0,0,0,0,0,0,0,0,0,0,0,0,0,0,0,0,0,0,0,0,0,0,0,0,0,0,0,0,-72,-72,0,0,-93.7692307692308,-93.7692307692308,0,0,0,0,0,0,-56.3589743589744,-56.3589743589744,-44.6153846153846,-56.2051282051282,-71.5384615384615,-80.0769230769231,-17.3076923076923,0,0,0,0,0,0,0,0,0,0,0,0,0,0,0,0,0,0,-18.9230769230769,0,0,-19.1538461538462,0,-61.2307692307692,0,-61.6410256410256,0,0,-52.9230769230769,-51.6923076923077,-69.1282051282051,-69.1282051282051,0,0,0,0,0,-71.974358974359,-70.6666666666667,-35.5641025641026,0,-79.1538461538462,0,0,0,0,0,0,0,0,0,0,0,0,0,0,0,0,0,0,0,0,0,-65.025641025641,0,0,0,0,0,0,0,0,0,0,-83.3846153846154,0,0,0,0,0,0,0,0,0,0,0,0,-78.6923076923077,0,0,-58.5128205128205
54,-12.96,5.98,0,1.79109375,18.086719775,-31.806095325,-0.5060175,-0.85485375,9.762315375,-287.5,0,0,0,0,0,0,0,0,0,0,0,0,0,0,0,0,0,0,-64.1,-86,0,0,0,0,0,0,0,0,0,-39.95,-51.4,0,0,0,0,0,0,0,-80.2,0,0,0,0,-41.45,-5.1,0,0,0,0,0,-72.65,-72.65,0,0,0,0,0,0,0,0,0,0,-79.4,-79.3,-6.9,-6.8,-9.4,-79.9,0,-54.6,0,0,0,0,0,0,0,0,0,0,0,0,0,0,0,0,0,0,0,0,0,0,0,0,0,0,0,0,0,0,0,0,-74.7,-67.8,0,0,-74.4,-74.4,0,0,0,0,0,0,-58.5,-58.5,-12,-59.4,-77.35,-81.5,-60,0,0,0,0,0,0,0,0,0,0,0,0,0,0,0,0,0,0,-65.6,0,0,-66.4,0,-57.15,-5.7,-54.4,0,0,0,0,-79.15,-79.55,0,0,0,0,0,-70.3,-73.65,-62.15,-6.5,-77.65,0,0,0,0,0,0,0,0,0,0,0,0,0,0,0,0,0,0,0,0,0,-59.75,0,0,0,0,0,0,0,0,0,0,-69,0,0,0,0,0,0,0,0,0,0,0,0,-41.85,0,0,-59.25
55,-12.02,6.06,0,-7.003711,4.98691409375,-43.52871275,-0.594440625,-0.5756203125,9.667847375,-325,0,0,0,0,0,0,0,0,0,0,0,0,0,0,0,0,0,0,-51.1875,-86.75,0,0,0,0,0,0,0,0,0,-38.1875,-56.25,0,0,0,0,0,0,0,-84.53125,0,0,0,0,-38.1875,-41.4375,-19.90625,0,0,0,0,-70.09375,-70.09375,0,0,0,0,0,0,0,0,0,0,-83.4375,-82.65625,-60.15625,-55.25,-76.375,-83.8125,0,-51.1875,0,0,-18.59375,-18.8125,0,0,0,0,0,0,0,0,0,0,0,0,0,0,0,0,0,0,0,0,0,0,0,0,0,0,0,0,-69.375,-69.15625,0,0,-86.46875,-86.46875,0,0,0,0,0,0,-52.09375,-51.53125,-12.46875,-56.875,-79.125,-78.90625,-16.40625,0,0,0,0,0,0,0,0,0,0,0,0,0,0,0,0,0,0,-17.9375,0,0,-18.15625,0,-58.90625,-46.3125,-55.15625,-17.9375,-17.9375,0,0,-79.21875,-79.21875,-17.71875,-18.15625,0,0,0,-66.21875,-60.8125,-66.9375,-52.8125,-83.28125,0,0,0,0,0,0,0,-18.15625,-18.15625,0,0,0,0,0,0,0,0,0,0,0,0,-64.5,0,0,-19.03125,0,0,0,0,0,0,0,-20.34375,0,-18.8125,0,0,0,0,0,0,0,0,0,0,0,0,0,-57.53125
56,-11.1,6.00042553191489,0,-9.72087804255319,4.5255319787234,-45.8656932553191,-0.241078723404255,-0.970905319148936,9.72370585106383,-144.68085106383,0,0,0,0,0,0,0,0,0,0,0,0,0,0,0,0,0,0,-21.4468085106383,-76.1489361702128,0,0,0,0,0,0,0,0,0,-16,-57.9148936170213,0,0,0,0,0,0,-42.5106382978723,-87.2340425531915,0,0,0,0,-16,-17.3617021276596,-75.5106382978723,0,0,0,0,-66.2340425531915,-66.2340425531915,0,0,0,0,0,0,0,0,0,0,-70.531914893617,-70.531914893617,-60.468085106383,-64.1063829787234,-78.8085106382979,-84.6382978723404,0,0,0,0,-70.531914893617,-71.3617021276596,0,0,0,0,0,0,0,0,0,0,0,0,0,0,0,0,0,0,0,0,0,0,0,0,0,0,0,0,-74.8085106382979,-75.8297872340426,0,0,-84.1702127659574,-83.3404255319149,0,0,0,0,0,0,-52.2978723404255,-52.2978723404255,-47.2978723404255,-46.468085106383,-63.063829787234,-67.6170212765958,-41.1702127659574,-66.0212765957447,0,0,0,0,0,0,0,0,0,0,0,0,0,0,0,0,0,0,0,0,0,0,-65.8723404255319,-19.4042553191489,-62.6808510638298,-86.9148936170213,-86.7234042553192,0,0,-79.0212765957447,-79.0212765957447,-67.2127659574468,-68.8723404255319,0,0,0,-63.6170212765957,-71.8085106382979,-69.7021276595745,-22.1276595744681,-81.8510638297872,0,0,0,0,0,0,0,-91.0851063829787,-91.0425531914894,0,0,0,0,0,0,0,0,0,0,0,0,-67.4042553191489,0,0,-72.1914893617021,0,0,0,0,0,0,0,-77.1702127659574,-17.2340425531915,-84.9574468085106,0,0,-51.3191489361702,0,0,0,0,0,0,0,0,-49.468085106383,0,-56.4255319148936
57,-10.21,5.96,0,-11.25703171875,3.95156253125,-47.348439125,-0.2597859375,-1.14045,9.6953395625,-306.25,0,0,0,0,0,0,0,0,0,0,0,0,0,0,0,0,0,0,0,-87,0,0,0,0,0,0,0,0,0,-20.3125,-61.25,0,0,0,0,0,0,-63.875,-94.21875,0,0,0,0,0,-26.8125,-86.21875,0,0,0,0,-77.03125,-77.03125,-82.46875,0,0,0,0,0,0,0,0,0,-83,-83,-64.75,-67.375,-77,-78.75,0,0,0,0,-7.96875,-8.0625,0,0,0,0,0,0,0,0,0,0,0,0,0,0,0,0,0,0,0,0,0,0,0,0,0,0,0,0,-71.65625,-72.15625,0,0,-93.375,-92.9375,0,0,0,0,0,0,-57.71875,-58.28125,-32.96875,-31.65625,-35.96875,-68.15625,-63.875,-63.875,0,0,0,0,0,0,0,0,0,0,0,0,0,0,0,0,0,0,0,0,0,0,-68.34375,0,-68.90625,-89.40625,-89.375,-77.03125,0,-80.03125,-80.03125,-7.59375,-7.78125,0,0,0,-71.78125,-71.625,-7.875,0,-91.25,0,0,0,0,0,0,0,-93.40625,-93.40625,0,0,0,0,0,0,0,0,0,0,0,0,-71.46875,0,0,-8.15625,0,0,0,0,0,0,0,-8.71875,-78.75,-77.875,0,0,-78.75,0,0,0,0,0,0,0,0,-81.375,0,-34
58,-9.33,5.94,0,-10.7385642553191,2.83723404255319,-48.6746034468085,-0.643014893617021,-1.07325,9.69059406382979,-376.595744680851,0,0,0,0,0,0,0,0,0,0,0,0,0,0,0,0,0,-27.7659574468085,-19.468085106383,-78.6382978723404,0,0,0,0,0,0,0,0,0,-47.7659574468085,-64.8723404255319,0,0,0,0,0,0,-59.3191489361702,-92.5957446808511,0,0,0,0,0,-55.9574468085106,-50.8936170212766,0,0,0,0,-79,-79.5957446808511,-50.3404255319149,0,0,0,0,0,0,0,0,0,-76.8510638297872,-77.1702127659574,-22.0425531914894,0,0,-75.5106382978723,0,0,0,0,0,0,0,0,0,0,0,0,0,0,0,0,0,0,0,0,0,0,0,0,0,0,0,0,0,0,0,0,0,0,-72,-71.7872340425532,0,0,-82,-81.7021276595745,0,0,0,0,0,0,-60.3617021276596,-60.3617021276596,-54.9787234042553,-52.5531914893617,-71.5531914893617,-68.3404255319149,-21.7446808510638,-21.7446808510638,0,0,0,0,0,0,0,0,0,0,0,0,0,0,0,0,0,0,0,0,0,-20.4255319148936,-75.2553191489362,0,-67.7446808510638,-85.8085106382979,-86.3191489361702,-47.0212765957447,0,-79.7446808510638,-80.3404255319149,-75.5106382978723,-84.1489361702128,0,0,0,-70.4468085106383,-68.1489361702128,-25.2127659574468,-24.5744680851064,-88.3829787234042,0,0,0,0,0,0,0,-93.5957446808511,-93.2978723404255,0,0,0,0,0,0,0,0,0,0,0,-11.7659574468085,-68.7872340425532,0,0,0,0,0,0,0,0,0,0,-78,-80.2340425531915,0,-53.4255319148936,0,-26.8085106382979,0,0,0,0,0,-29.3617021276596,0,0,0,0,-61.8085106382979
59,-8.44,5.94,0,-13.619612637931,0.89644398275862,-46.8142254827586,-0.27561724137931,-0.773645689655172,9.74582375862069,-677.586206896552,0,0,0,0,0,0,0,0,0,0,0,0,0,0,0,0,0,-48,-51.5172413793103,-80.3965517241379,0,0,0,0,0,0,0,0,0,-34.7586206896552,-68.8103448275862,0,0,0,0,0,0,-37.5172413793103,-78.2586206896552,0,0,0,0,0,-44.8965517241379,0,0,0,0,0,-83.1034482758621,-83.2413793103448,0,0,0,0,0,0,0,0,0,0,-81,-88.448275862069,0,0,-28.2413793103448,-65.8965517241379,0,0,0,0,0,0,0,0,0,0,0,0,0,0,0,0,0,0,0,0,0,0,0,0,0,0,0,0,0,0,0,0,0,0,-75.5172413793103,-75.5172413793103,0,0,-62.5862068965517,-62.5862068965517,0,0,0,0,0,0,-60.9655172413793,-60.9655172413793,0,0,-70.4655172413793,-70.5862068965517,0,0,0,0,0,0,0,0,0,0,0,0,0,0,0,0,0,0,0,0,0,0,0,-35.3103448275862,-74.2931034482759,0,-76.7931034482759,-85.5,-86.2413793103448,0,0,-77.2241379310345,-76.7241379310345,-72.3965517241379,-72.0344827586207,0,0,0,-70.7413793103448,-69.6206896551724,-69.1724137931034,-42.4827586206897,-68.0689655172414,0,0,0,0,0,0,0,-90.6034482758621,-90.6034482758621,0,0,0,0,0,0,0,0,0,0,0,-57.2068965517241,-65.0689655172414,0,0,0,0,0,0,0,0,0,0,-43.1379310344828,-33.6724137931034,0,-33.6724137931034,0,0,0,0,0,0,0,-47.5862068965517,0,0,0,0,-52.1379310344828
60,-7.59,5.94,0,-14.6521387631579,-0.0143092105263159,-45.5146395263158,-0.0800763157894737,-0.624367105263158,9.72179644736842,-521.052631578947,0,0,0,0,0,0,0,0,0,0,0,0,0,0,0,0,0,0,-60.8947368421053,-68.5263157894737,0,0,0,0,0,0,0,0,0,0,-66.0526315789474,0,0,0,0,0,0,-57.6315789473684,-84.2631578947368,0,0,0,0,0,-31.2631578947368,0,0,0,0,0,-80.8947368421053,-81.8947368421053,0,0,0,0,0,0,0,0,0,0,-86.3157894736842,-86.5263157894737,-37.4210526315789,0,-76.6315789473684,-87.6315789473684,0,0,0,0,0,0,0,0,0,0,0,0,0,0,0,0,0,0,0,0,0,0,0,0,0,0,0,0,0,0,0,0,0,0,-73.9473684210526,-73.9473684210526,0,0,-81.5789473684211,-81.5789473684211,0,0,0,0,0,0,-62.5789473684211,-62.5789473684211,0,0,-69.3684210526316,-69,0,0,0,0,0,0,0,0,0,0,0,0,0,0,0,0,0,0,0,0,0,0,0,-33.6315789473684,-74.1578947368421,0,-71.2631578947368,-88.7894736842105,-88.7894736842105,0,0,-76.7368421052632,-76.7368421052632,-70.7368421052632,-69.8947368421053,0,0,0,-64.6315789473684,-72.8947368421053,-72.9473684210526,0,0,0,0,0,0,0,0,0,-86.5263157894737,-86.5263157894737,0,0,0,0,0,0,0,0,0,0,0,0,-72,0,0,0,0,0,0,0,0,0,0,-77.4736842105263,0,0,0,0,0,0,0,0,0,0,0,0,0,0,0,-53.0526315789474
61,-6.75,5.94,0,-13.6721159230769,0.959134641025641,-46.6942324615385,-0.433946153846154,-0.923392307692308,9.73862358974359,-366.666666666667,0,0,0,0,0,0,0,0,0,0,0,0,0,0,0,0,0,0,-56.9230769230769,-68.974358974359,0,0,0,0,0,0,0,0,0,-34.4102564102564,-68.1282051282051,0,0,0,0,0,0,-64.5128205128205,-62.6666666666667,0,0,0,0,0,-57.5384615384615,0,0,0,0,0,-83.6410256410256,-83.7692307692308,0,0,0,0,0,0,0,0,0,0,-83.5384615384615,-83.5384615384615,-68.8717948717949,0,0,-81.9487179487179,0,0,0,0,0,0,0,0,0,0,0,0,0,0,0,0,0,0,0,0,0,0,0,0,0,0,0,0,0,0,0,0,0,0,-72.2564102564103,-71.4871794871795,0,0,-60.6666666666667,-60.6666666666667,0,0,0,0,0,0,-62.974358974359,-62.974358974359,0,0,-70.2820512820513,-70.6410256410256,0,0,0,0,0,0,0,0,0,0,0,0,0,0,0,0,0,0,0,0,0,0,0,-63.2820512820513,-77.6153846153846,0,-69.3333333333333,-85.3076923076923,-85.4102564102564,-50.2051282051282,0,-77.4102564102564,-77.0512820512821,-79.3333333333333,-74.6153846153846,0,0,0,-67.0769230769231,-73,-69.1025641025641,-71.7948717948718,0,0,0,0,0,0,0,0,-82.7948717948718,-82.7948717948718,0,0,0,0,0,0,0,0,0,0,0,0,-70.5641025641026,0,0,0,0,0,0,0,0,0,0,0,0,0,0,0,0,0,0,0,0,0,0,-81.6666666666667,0,0,0,-55.2820512820513
62,-5.88,5.94,0,-13.6410006,1.485,-47.2282512,-0.46488,-0.949998,9.70270848,-408,0,0,0,0,0,0,0,0,0,0,0,0,0,0,0,0,0,-71.4,-50.4,-67.72,0,0,0,0,0,0,0,0,0,-63.88,-73.48,0,0,0,0,0,0,-62.56,0,0,0,0,0,-50.92,-10.56,0,0,0,0,0,-83.64,-83.12,0,0,0,0,0,0,0,0,0,0,-85.76,-85.76,-12.64,-27.36,0,-88,0,0,0,0,0,0,0,0,0,0,0,0,0,0,0,0,0,0,0,0,0,0,0,0,0,0,0,0,0,0,0,0,0,0,-72.04,-72.04,0,0,-68.4,-69.16,0,0,0,0,0,0,-69.24,-69.24,0,0,-68.84,-68.84,-21.24,-21.24,0,0,0,0,0,0,0,0,0,0,0,0,0,0,0,0,0,0,0,0,0,-56.28,-77.52,-25.56,-71.76,-83.72,-83.56,-78.84,0,-77.24,-77.24,-71.12,-75.08,0,0,0,-60.44,-70.12,-68.56,-44.8,-33.84,0,0,0,0,0,0,0,-91.12,-91.12,0,0,0,0,0,0,0,0,0,0,0,0,-69.16,0,0,0,0,0,0,0,0,0,0,-66.88,0,0,0,0,0,0,0,0,0,0,0,-50.96,0,-32.4,0,-57.52
63,-4.99,5.94,0,-13.5084682903226,4.68326616129032,-48.1687521935484,-0.50938064516129,-1.05726290322581,9.71316335483871,100,0,0,0,0,0,0,0,0,0,0,0,0,0,0,0,0,0,-70.5483870967742,-56.9032258064516,-63.5806451612903,0,0,0,0,0,0,0,0,0,-63.7096774193548,-71.4516129032258,0,0,0,0,0,0,-59.2258064516129,0,0,0,0,0,-58.3548387096774,0,0,0,0,0,0,-83.1290322580645,-83.2903225806452,0,0,0,0,0,0,0,0,0,0,-86.0645161290323,-86.7741935483871,0,-76.0645161290323,0,-83.6129032258064,0,0,0,0,0,0,0,0,0,0,0,0,0,0,0,0,0,0,0,0,0,0,0,0,0,0,0,0,0,0,0,0,0,0,-66.1612903225806,-71.4516129032258,0,0,-83.8064516129032,-84.3548387096774,0,0,0,0,0,0,-69.0645161290323,-69.0645161290323,0,0,-73.6451612903226,-72.4838709677419,-51.3870967741936,-51.3870967741936,0,0,0,0,0,0,0,0,0,0,0,0,0,0,0,0,0,0,0,0,0,-40.6774193548387,-78,-61.8387096774194,-72.9677419354839,-81.1290322580645,-80.3548387096774,-74.0322580645161,0,-74.6129032258064,-74.6129032258064,-76.0645161290323,-79.1935483870968,0,0,0,-66.5483870967742,-67.4516129032258,-64.4516129032258,0,-81.8709677419355,0,0,0,0,0,0,0,-88.4516129032258,-88.4516129032258,0,0,0,0,0,0,0,0,0,0,0,0,-78.4838709677419,0,0,0,0,0,0,0,0,0,0,-83.0967741935484,0,0,0,0,0,0,0,0,-56.7741935483871,0,0,0,-31.741935483871,-78.3870967741936,0,-61.4838709677419
64,-4.1,5.94,0,-13.0340914242424,4.49147733333333,-49.4096615454545,-0.570672727272727,-0.916486363636364,9.68922321212121,248.484848484848,0,0,0,0,0,0,0,0,0,0,0,0,0,0,0,0,0,-74.6363636363636,-49.2121212121212,-37.6060606060606,0,0,0,0,0,0,0,0,0,-64.6969696969697,-74.1212121212121,0,0,0,0,0,0,-65.5757575757576,-78.9090909090909,0,0,0,0,-65.3030303030303,-58.3030303030303,0,0,0,0,0,-79.4545454545455,-79.4545454545455,0,0,0,0,0,0,0,0,0,0,-80.8484848484848,-81.7272727272727,0,-72.9393939393939,0,-14.5454545454545,0,-37.3333333333333,0,0,0,0,0,0,0,0,0,0,0,0,0,0,0,0,0,0,0,0,0,0,0,0,0,0,0,0,0,0,0,0,-70,-70.3030303030303,0,0,-84.3333333333333,-84.3333333333333,0,0,0,0,0,0,-68.8484848484848,-68.8484848484848,0,0,-69.9393939393939,-75.8181818181818,-30.3939393939394,-30.3939393939394,0,0,0,0,0,0,0,0,0,0,0,0,0,0,0,0,0,0,0,0,0,-58,-82.0909090909091,-36.5757575757576,-68.5454545454545,-71.8484848484848,-71.8484848484848,-80.6363636363636,-65.3939393939394,-74.9090909090909,-75.3333333333333,-80.4848484848485,-78.9393939393939,0,0,0,-67.8484848484848,-68.5454545454545,-67.9393939393939,0,-48.4242424242424,0,0,0,0,0,0,0,-83.0909090909091,-83.0909090909091,0,0,0,0,0,0,0,0,0,0,0,0,-77.3030303030303,0,0,0,0,0,0,0,0,0,0,-79.0909090909091,0,0,0,0,0,0,0,0,-70.3030303030303,0,-39.030303030303,0,-72.0606060606061,-46.3636363636364,0,-60.6363636363636
65,-3.26,5.96,0,-11.5885421388889,5.54166669444444,-50.4270855555556,-0.733470833333334,-1.098425,9.62357127777778,-211.111111111111,0,0,0,0,0,0,0,0,0,0,0,0,0,0,0,0,0,-58.8055555555556,-17.1111111111111,-74.5277777777778,0,0,0,0,0,0,0,0,0,-53.1666666666667,-73.7222222222222,0,0,0,0,0,0,-58,-86.0833333333333,0,0,0,0,-53.1666666666667,-74.0833333333333,0,0,0,0,0,-75.6388888888889,-75.3333333333333,0,0,0,0,0,0,0,0,0,0,-54.7777777777778,-54.8055555555556,-45,-46.75,0,0,0,-70.8888888888889,0,0,0,0,0,0,0,0,0,0,0,0,0,0,0,0,0,0,0,0,0,0,0,0,0,0,0,0,0,0,0,0,-68.7777777777778,-69.0833333333333,0,0,-84.9166666666667,-84.6388888888889,0,0,0,0,0,0,-71.1111111111111,-71.0833333333333,0,0,-66.8055555555556,-75.25,0,0,0,0,0,0,0,0,0,0,0,0,0,0,0,0,0,0,0,0,0,0,0,-20.1666666666667,-80.5,-45,-47.1666666666667,-52.7777777777778,-52.7777777777778,-77.4444444444444,-57.6388888888889,-75.3611111111111,-75.0833333333333,-69.3888888888889,-69.0833333333333,0,0,0,-63.6666666666667,-65.7222222222222,-50,-46.1111111111111,-90.0833333333333,0,0,0,0,0,0,0,-86.1666666666667,-85.7777777777778,0,0,0,0,0,0,0,0,0,0,0,0,-76.6944444444444,0,0,0,0,0,0,0,0,0,0,-27.5,0,0,0,0,0,0,0,0,-2.22222222222222,0,-74.1111111111111,0,-25.0555555555556,0,0,-51.5555555555556
66,-2.33,5.96,0,-13.888393452381,4.44732142857143,-51.0531273809524,-0.592414285714286,-0.947514285714286,9.69930757142857,-76.1904761904762,0,0,0,0,0,0,0,0,0,0,0,0,0,0,0,0,0,-10.4285714285714,0,-68.2380952380952,0,0,0,0,0,0,0,0,0,-9.42857142857143,-75.8095238095238,0,0,0,0,0,0,-73.8095238095238,-77.7142857142857,0,0,0,0,-6.28571428571429,-68.7619047619048,0,0,0,0,0,-74.8571428571429,-74.8571428571429,0,0,0,0,0,0,0,0,0,0,-62.6666666666667,-62.6666666666667,-54,-53.3333333333333,0,0,0,-12.5714285714286,0,0,0,0,0,0,0,0,0,0,0,0,0,0,0,0,0,0,0,0,0,-50.2857142857143,0,0,0,0,0,0,0,0,0,0,-67.4761904761905,-67.1428571428571,0,0,-79.6190476190476,-79.6190476190476,0,0,0,0,0,0,-73.1428571428571,-72.2380952380952,0,0,-76.3809523809524,-77.4761904761905,0,0,0,0,0,0,0,0,0,0,0,0,0,0,0,0,0,0,0,0,0,-17.5238095238095,0,0,-83.4761904761905,-54,-54,0,0,-65.5714285714286,0,-75.8095238095238,-74.6190476190476,-79.6190476190476,-79.7142857142857,0,0,0,-64.5238095238095,-63.4761904761905,0,-55.3333333333333,-88.3333333333333,0,0,0,0,0,0,0,-83.6666666666667,-83.6666666666667,0,0,0,0,0,0,0,0,0,0,0,0,-81.1428571428571,0,0,0,0,0,0,0,0,0,0,0,0,0,0,0,0,0,0,0,0,0,-73.8095238095238,0,0,0,0,-9.14285714285714
67,-1.5,5.98,0,-15.3789777878788,5.61079554545455,-50.7187524848485,-0.373086363636364,-1.18118181818182,9.73351875757576,3.03030303030303,0,0,0,0,0,0,0,0,0,0,0,0,0,0,0,0,0,0,-16.3636363636364,-61.3636363636364,0,0,0,0,0,0,0,0,0,-59.3939393939394,-75.3030303030303,0,0,0,0,0,0,-60.5454545454545,-14.5454545454545,0,0,0,0,0,-66.7878787878788,0,0,0,0,0,-71.969696969697,-72.2727272727273,0,0,0,0,0,0,0,0,0,0,-28.7878787878788,-28.7878787878788,0,0,0,0,0,0,0,0,0,0,0,0,0,0,0,0,0,0,0,0,0,0,0,0,0,0,0,-78.5454545454545,0,0,0,0,0,0,0,0,0,0,-58.6060606060606,-58.6060606060606,0,0,-78.3030303030303,-78.3030303030303,0,0,0,0,0,0,-73.0606060606061,-72.3636363636364,0,0,-77.7272727272727,-67.9393939393939,0,0,0,0,0,0,0,0,0,0,0,0,0,0,0,0,0,0,0,0,0,-75.2727272727273,0,0,-85,-21.2121212121212,0,0,0,-12.2727272727273,0,-69.030303030303,-69.030303030303,-73.4242424242424,-73.4242424242424,0,0,0,-55.6060606060606,-61.3030303030303,-21.5151515151515,0,-89.6060606060606,0,0,0,0,0,0,0,-83.5454545454545,-83.5454545454545,0,0,0,0,0,0,0,0,0,0,0,-52,-63.8181818181818,0,0,0,0,0,0,0,0,0,0,-26.0606060606061,0,0,0,0,0,0,0,0,0,0,-61.3636363636364,0,0,0,0,0
68,-0.62,6,0,-14.7865390512821,4.53846156410256,-50.6091367692308,-0.500669230769231,-0.9353,9.7528388974359,79.4871794871795,0,0,0,0,0,0,0,0,0,0,0,0,0,0,0,0,0,-59.4102564102564,-59.8205128205128,-61.7692307692308,0,0,0,0,0,0,0,0,0,-52.0512820512821,-76.1794871794872,0,0,0,0,0,0,-22.7692307692308,0,0,0,0,0,0,-64.3076923076923,0,0,0,0,0,-71.0512820512821,-70.4615384615385,0,-41.8974358974359,0,0,0,0,0,0,0,0,-70.6410256410256,-70.6410256410256,0,0,0,0,0,0,0,0,0,0,0,0,0,0,0,0,0,0,0,0,0,0,0,0,0,0,0,0,0,0,0,0,0,0,0,0,0,0,-59.2307692307692,-59.2307692307692,-17.3076923076923,-17.0769230769231,-76.2307692307692,-76.2307692307692,0,0,0,0,0,0,-75.1282051282051,-75.4871794871795,0,0,-84.6153846153846,-74,0,0,0,0,0,0,0,0,0,0,0,0,0,0,0,0,0,0,0,0,0,-28.3076923076923,0,0,-84.8205128205128,-52.0512820512821,0,0,0,0,0,-72.6666666666667,-72.6666666666667,-48,-48,0,0,0,-62.8205128205128,-63.3333333333333,-52.7948717948718,-17.0769230769231,-80.6666666666667,0,0,0,0,0,0,0,-80.6410256410256,-81.0512820512821,0,0,0,0,0,0,0,0,0,0,0,-50.5128205128205,-81.5897435897436,0,0,0,0,0,0,0,0,0,0,-73,0,0,0,0,0,0,0,0,0,0,-23.0769230769231,0,0,0,0,-30.2051282051282
69,0.23,6.02,0,-13.8107148285714,5.63625002857143,-50.2382165142857,-0.62121,-1.25076857142857,9.70243337142857,154.285714285714,0,0,0,0,0,0,0,0,0,0,0,0,0,0,0,0,0,-57.6857142857143,-56,-71.0857142857143,0,0,0,0,0,0,0,0,0,-12,-77.9428571428571,0,0,0,0,0,0,0,0,0,0,0,0,0,-68.0285714285714,0,0,0,0,0,-70.6857142857143,-70.9428571428571,-37.7142857142857,-81.9428571428571,0,0,0,0,0,0,0,0,-16.2857142857143,-16.2857142857143,0,0,0,0,0,0,0,0,0,0,0,0,0,0,0,0,0,0,0,0,0,0,0,0,0,0,-64.2857142857143,-65,0,0,0,0,0,0,0,0,0,0,-59.1714285714286,-59.1714285714286,-62.1428571428571,-61.3142857142857,-75.8571428571429,-75.8571428571429,0,0,0,0,0,0,-75.2571428571429,-75.2571428571429,0,0,-80.9142857142857,-80.9142857142857,0,0,0,0,0,0,0,0,0,0,0,0,0,0,0,0,0,0,0,0,0,0,0,0,-84.6571428571429,-12,0,0,0,0,-50.7142857142857,-66.2285714285714,-66.2285714285714,0,0,0,0,0,-64.3714285714286,-66.0285714285714,-12.1714285714286,-61.3142857142857,-92.7428571428571,0,0,0,0,0,0,0,-79,-79,0,0,0,0,0,0,0,0,0,0,0,-51.3714285714286,-81.6,0,0,0,0,0,0,0,0,0,0,-82.8857142857143,0,0,0,0,0,0,0,0,0,0,0,0,0,0,0,-54.9142857142857
70,1.16,6.03,0,-14.6538117073171,6.26341465853659,-49.4419231951219,-0.543753658536585,-1.44055609756098,9.6341676097561,-158.536585365854,0,0,0,0,0,0,0,0,0,0,0,0,0,0,0,0,0,-53.7317073170732,-58.0731707317073,-73.0243902439024,0,0,0,0,0,0,0,0,0,0,-77.7560975609756,0,0,0,0,0,0,0,0,0,0,0,0,-61.3658536585366,-50.7073170731707,0,0,0,0,0,-73.6829268292683,-73.6829268292683,-75.1219512195122,-75.1219512195122,0,0,0,0,0,0,0,0,0,0,0,0,0,0,0,0,0,0,0,0,0,0,0,0,0,0,0,0,0,0,0,0,0,0,0,0,-59.2682926829268,-59.9268292682927,0,0,0,0,0,0,0,0,0,0,-64.3170731707317,-63.8048780487805,-29.2682926829268,-28.8780487804878,-80,-79.6829268292683,0,0,0,0,0,0,-76.4390243902439,-76.4390243902439,0,0,-76.7073170731707,-76.7073170731707,0,0,0,0,0,0,0,0,0,0,0,0,0,0,0,0,0,0,0,0,0,0,0,0,-82.8048780487805,0,-20.4878048780488,-16.5853658536585,-16.5853658536585,-16.5853658536585,-63.5853658536585,-66.3170731707317,-66.7560975609756,-18.2926829268293,0,0,0,0,-64.5609756097561,-63.9268292682927,0,-46.6829268292683,-86.5609756097561,0,0,0,0,0,0,0,-75.7317073170732,-75.7317073170732,-20.2439024390244,0,0,0,0,0,0,0,0,0,0,-52.3414634146341,-82.1219512195122,0,0,0,0,0,0,0,0,0,0,-79.3414634146341,0,0,0,0,0,0,0,0,0,0,0,-21.219512195122,0,-76.7073170731707,0,-58.9756097560976
71,2.09,6.03,0,-13.5121328823529,1.78731614705882,-48.5057007352941,-0.53979705882353,-1.12989705882353,9.62132255882353,-435.294117647059,0,0,0,0,0,0,0,0,0,0,-69.1764705882353,0,0,0,0,0,0,-53.2647058823529,-44.4705882352941,-69.0882352941177,0,0,0,0,0,0,0,0,0,0,-77.3235294117647,0,0,0,0,0,0,-32.1176470588235,0,0,0,0,0,-30,-60.3529411764706,0,0,0,0,0,-75.4411764705882,-75.4411764705882,-50,-12.9411764705882,0,0,0,0,0,0,0,0,0,0,0,0,0,0,0,0,0,0,0,0,0,0,0,0,0,0,0,0,0,0,0,0,0,0,0,0,-8.29411764705882,-8.38235294117647,0,0,0,0,0,0,0,0,0,0,-66.9117647058823,-67.1176470588235,0,0,-79.2352941176471,-79.2352941176471,0,0,0,0,0,0,-71.9705882352941,-71.5588235294118,0,0,-37.5,-70.3823529411765,0,0,0,0,0,0,0,0,0,0,0,0,0,0,0,0,0,0,0,0,0,0,0,0,-86.3823529411765,0,-86.2352941176471,-68.2647058823529,-68.2647058823529,-54,-54.7941176470588,-70.7058823529412,-70.7058823529412,-59.5588235294118,0,0,0,0,-64.6470588235294,-64.9705882352941,-49.4117647058824,-57.9705882352941,-90.3529411764706,0,0,0,0,0,0,0,-64.3235294117647,-64.3235294117647,-72.4411764705882,-35.8235294117647,0,0,0,0,0,0,0,0,0,-25.5882352941176,-82.7058823529412,0,0,0,0,0,0,0,0,0,0,-78.3823529411765,0,0,0,0,0,0,0,0,0,0,0,-69.0882352941177,0,-37.5,0,-49.2352941176471
72,2.18,5.03,0,13.1121433714286,-13.2401791714286,-46.2567874857143,-0.37743,-0.82155,9.78474482857143,-454.285714285714,0,0,0,0,0,0,0,0,0,0,-79.7142857142857,0,0,0,0,0,0,-56.6857142857143,-27.2,-71.7428571428571,0,0,0,0,0,0,0,0,0,-45.2571428571429,-71.3714285714286,0,0,0,0,0,0,-69.0857142857143,0,0,0,0,0,0,-67.3142857142857,0,0,0,0,0,-72.1714285714286,-72.1714285714286,-77.3142857142857,0,0,0,0,0,0,0,0,0,0,0,0,0,0,0,0,0,0,0,0,0,0,0,0,0,0,0,0,0,0,0,0,0,0,0,0,0,-83.2571428571429,-88.0285714285714,0,0,0,0,0,0,0,0,0,0,-69.4285714285714,-69.4285714285714,0,0,-79.1714285714286,-79.1714285714286,0,0,0,0,0,0,-70.1714285714286,-69.8285714285714,0,0,-14.0571428571429,-77.1428571428571,0,0,0,0,0,0,0,0,0,0,0,0,0,0,0,0,0,0,0,0,0,0,0,0,-82.6,0,-74.4,-70.4857142857143,-70.4857142857143,-33.5428571428571,-21.6857142857143,-69.7714285714286,-69.7714285714286,-23.5714285714286,0,0,0,0,-64.0285714285714,-61.7714285714286,-54,-22.9428571428571,-89.1142857142857,0,0,0,0,0,0,0,-2.31428571428571,-2.31428571428571,-77.0571428571429,-77.0571428571429,0,0,0,0,0,0,0,0,0,0,-78.6571428571429,0,0,0,0,0,0,0,0,0,0,-77.9428571428571,0,0,0,0,0,0,0,0,0,0,0,-27.3428571428571,0,0,0,-1.77142857142857
73,2.16,4.09,0,15.0576395925926,-6.67013888888889,-43.7347237407407,-0.00435000000000001,-0.929483333333334,9.73158933333333,-651.851851851852,0,0,0,0,0,0,0,0,0,0,-16.6666666666667,0,0,0,0,0,0,-11.8518518518519,-43.5555555555556,-74.6666666666667,0,0,0,0,0,0,0,0,0,-56,-76.4814814814815,0,0,0,0,0,0,-14.4444444444444,0,0,0,0,0,0,-70.037037037037,0,0,0,0,0,-72.8148148148148,-73.1481481481482,-60.6666666666667,0,0,0,0,0,0,0,0,0,0,0,0,0,0,0,0,0,0,0,0,0,0,0,0,0,0,0,0,0,0,0,0,0,0,0,0,0,-83.037037037037,-78.2962962962963,0,0,0,0,0,0,0,0,0,0,-73.4814814814815,-73.7777777777778,0,0,-77.3333333333333,-77,0,0,0,0,0,0,-70.3703703703704,-70.5555555555556,0,0,-70.5185185185185,-71,0,0,0,0,0,0,0,0,0,0,0,0,0,0,0,0,0,0,0,0,0,0,0,-49.3333333333333,-81.6666666666667,0,-78.4444444444444,-68.6666666666667,-68.6666666666667,-55.2222222222222,0,-81.8148148148148,-81.8148148148148,0,0,0,0,0,-72.0740740740741,-73.1851851851852,-52.6666666666667,0,-87.3333333333333,0,0,0,0,0,0,0,0,0,-45.1111111111111,-45.7777777777778,0,0,0,0,0,0,0,0,0,0,-70.7777777777778,0,0,0,0,0,0,0,0,0,0,-16.2962962962963,0,0,0,0,0,0,0,0,0,0,0,0,0,-28,0,0
74,2.17,3.16,0,11.6922417931035,-7.14698282758621,-40.1379326551724,-0.275896551724138,-0.383358620689655,10.0182883103448,-500,0,0,0,0,0,0,0,0,0,0,0,0,0,0,0,0,0,0,-55.7241379310345,-79.7241379310345,0,0,0,0,0,0,0,0,0,-17.3793103448276,-78.0344827586207,0,0,0,0,0,0,0,0,0,0,0,0,0,-71.2068965517241,0,0,0,0,0,-67.8965517241379,-68.4827586206897,-18.8275862068966,0,0,0,0,0,0,0,0,0,0,0,0,0,0,0,0,0,0,0,0,0,0,0,0,0,0,0,0,0,0,0,0,0,0,0,0,0,-79.7931034482759,-88.8275862068966,0,0,0,0,0,0,0,0,0,0,-78.5862068965517,-78.1034482758621,0,0,-75.7241379310345,-75.4827586206897,0,0,0,0,0,0,-70.1034482758621,-70.1034482758621,0,0,-74.6551724137931,-85.6551724137931,0,0,0,0,0,0,0,0,0,0,0,0,0,0,0,0,0,0,0,0,0,0,0,-63.7931034482759,-88.7241379310345,0,-81.7931034482759,-68.0689655172414,-69.2413793103448,-46.5172413793103,0,-85.8965517241379,-86.3793103448276,0,0,0,0,0,-71.6896551724138,-76.0344827586207,-62.6551724137931,0,-85.2413793103448,0,0,0,0,0,0,0,0,0,-69,-70.5862068965517,0,0,-45.9310344827586,0,0,0,0,0,0,-21.0344827586207,-76.6551724137931,0,0,0,0,0,0,0,0,0,0,0,0,0,0,0,0,0,0,0,0,0,0,0,0,-66.6206896551724,0,-25.1724137931034
75,2.19,2.27,0,8.55468778571429,-6.10714285714286,-40.7089308571428,0.000975,-1.2343875,9.72927360714286,-385.714285714286,0,0,0,0,0,0,0,0,0,0,0,0,0,0,0,0,0,-41.3928571428571,-67.0357142857143,-70.25,0,0,0,0,0,0,0,0,0,0,-82.1071428571429,0,0,0,0,0,0,0,0,0,0,0,0,0,-69.75,0,0,0,0,0,-70.9642857142857,-71.1428571428571,0,0,0,0,0,0,0,0,0,0,0,0,0,0,0,0,0,0,0,0,0,0,0,0,0,0,0,0,0,0,0,0,0,0,0,0,0,0,-75.4642857142857,-86.75,0,0,0,0,0,0,0,0,0,0,-79.3214285714286,-78.5,-26.3571428571429,0,-72.2142857142857,-71.7142857142857,0,0,0,0,0,0,-74.2857142857143,-74.2857142857143,0,0,-80.4285714285714,-77.6785714285714,-66.1428571428571,-52.25,0,0,0,0,0,0,0,0,0,0,0,0,0,0,0,0,0,0,0,0,0,-58.1428571428571,-84.75,0,-72.5714285714286,-65.8571428571429,-65.7142857142857,0,0,-91.3571428571429,-90.6785714285714,0,0,0,0,0,-60.5,-76.1785714285714,-14.1071428571429,0,-89.0714285714286,0,0,0,0,0,0,0,0,0,-52.8214285714286,-54.0357142857143,0,0,-70,0,0,0,0,0,0,-47.9285714285714,-78.1428571428571,0,0,0,0,0,0,0,0,0,0,0,0,0,0,0,0,0,0,0,0,0,0,0,0,-74.0357142857143,0,-65.2857142857143
76,2.19,1.32,0,8.90219624324324,-10.2238180540541,-39.4363192702703,-0.0869716216216216,-0.642835135135135,9.74045318918919,-451.351351351351,0,0,0,0,0,0,0,0,0,0,0,0,0,0,0,0,0,-51.1081081081081,-61.6216216216216,-72.0810810810811,0,0,0,0,0,0,0,0,0,0,-89.1081081081081,0,0,0,0,0,0,0,0,0,0,0,0,0,-71.0810810810811,0,0,0,0,0,-66.7297297297297,-66.7297297297297,0,0,0,0,0,0,0,0,0,0,0,0,0,0,0,0,0,0,0,0,0,0,0,0,0,0,0,0,0,0,0,0,0,0,0,0,0,0,-81.8378378378378,-84.1621621621622,0,0,0,0,0,0,0,0,0,0,-73.5945945945946,-73.8378378378378,-68.7027027027027,0,-72.2972972972973,-72.2972972972973,0,0,0,0,0,0,-76.7297297297297,-77.1891891891892,0,0,-84.2432432432432,-83.7297297297297,-79.027027027027,-64.5135135135135,0,0,0,0,0,0,0,0,0,0,0,0,0,0,0,0,0,0,0,0,0,-14,-83.4864864864865,0,-72.054054054054,-65.7837837837838,-65.2432432432432,0,0,-74.7027027027027,-83.2972972972973,0,0,0,0,0,-71.7027027027027,-80.2432432432432,0,0,-82.6486486486486,0,0,0,0,0,0,0,0,0,0,0,0,0,-74.054054054054,0,0,0,0,0,0,-56.0540540540541,-92.5945945945946,0,0,0,0,0,0,0,0,0,0,0,0,0,0,0,0,0,0,0,0,0,0,0,0,-72.8918918918919,0,-68.6756756756757
77,2.22,0.38,0,10.1232959090909,-9.57272763636364,-40.3082405909091,0.120177272727273,-0.784275,9.770237,-186.363636363636,0,0,0,0,0,0,0,0,0,0,0,0,0,0,0,0,0,0,-69.5909090909091,-85.4545454545455,0,0,0,0,0,0,0,0,0,0,-89.4545454545455,0,0,0,0,0,0,0,0,0,0,0,0,0,-80,0,0,0,0,0,-67.5909090909091,-67.1818181818182,0,0,0,0,0,0,0,0,0,0,0,0,0,0,0,0,0,0,0,0,0,0,0,0,0,0,0,0,0,0,0,0,0,0,0,0,0,0,-84.8181818181818,-85.2272727272727,0,0,0,0,0,0,0,0,0,0,-73.5909090909091,-74.1818181818182,-84.8636363636364,0,-68.9545454545455,-69.3636363636364,0,0,0,0,0,0,-78.6363636363636,-70,0,0,-79.0909090909091,-78.1818181818182,-78.1818181818182,0,0,0,0,0,0,0,0,0,0,0,0,0,0,0,0,0,0,0,0,0,0,-35.1818181818182,-93,0,-84.5454545454545,-64,-65.5909090909091,0,0,-75.4545454545455,-86.6818181818182,0,0,0,0,0,-73.6363636363636,-82.4090909090909,0,0,-82.7727272727273,0,0,0,0,0,0,0,0,0,0,0,0,0,-70.9090909090909,0,0,0,0,0,0,-55.4545454545455,-85.4545454545455,0,0,0,0,0,0,0,0,0,0,0,0,0,0,0,0,0,0,0,0,0,0,0,0,0,0,-70
78,2.23,-0.559999999999999,0,11.4414477894737,-8.38914505263158,-38.5717124210526,-0.12,-1.20683684210526,9.84203731578947,-336.842105263158,0,0,0,0,0,0,0,0,0,0,0,0,0,0,0,0,0,-34.7368421052632,-57.4736842105263,-69.2631578947368,0,0,0,0,0,0,0,0,0,0,-91.5789473684211,0,0,0,0,0,0,0,0,0,0,0,0,0,-64.8421052631579,0,0,0,0,0,-59.1578947368421,-58.4210526315789,-46.1052631578947,-46.1052631578947,0,0,0,0,0,0,0,0,0,0,0,0,0,0,0,0,0,0,0,0,0,0,0,0,0,0,0,0,0,0,0,0,0,0,0,0,-88.6842105263158,-77.5263157894737,0,0,0,0,0,0,0,0,0,0,-72.8421052631579,-72.6842105263158,-65.5789473684211,0,-54.9473684210526,-55.1578947368421,0,0,0,0,0,0,-78.4736842105263,-77.6315789473684,0,0,-64.1052631578947,-63.3684210526316,-63.3684210526316,0,0,0,0,0,0,0,0,0,0,0,0,0,0,0,0,0,0,0,0,0,0,-63.3684210526316,-68.5263157894737,0,-68.5263157894737,-60.3684210526316,-61.0526315789474,-39.1578947368421,-36.6315789473684,-86.7894736842105,-89.1578947368421,0,0,0,0,0,-83.5263157894737,-82.0526315789474,0,-43.5789473684211,-79.1052631578947,0,0,0,0,0,0,0,-59.5263157894737,-60.1578947368421,0,0,0,0,-57.4736842105263,0,0,0,0,0,0,-46.3157894736842,-79.1578947368421,0,0,0,0,0,0,0,0,0,0,-71.3684210526316,0,0,0,0,0,0,0,0,0,0,-63.1578947368421,0,0,0,-12.3157894736842,-68
79,2.27,-1.48,0,10.4822372631579,-8.73355305263158,-36.3967122631579,0.0490105263157895,-0.561828947368421,9.66425563157895,-221.052631578947,0,0,0,0,0,0,0,0,0,0,0,0,0,0,0,0,0,-49.2105263157895,-60.8421052631579,-64.3157894736842,0,0,0,0,0,0,0,0,0,0,-92.4210526315789,0,0,0,0,0,0,0,0,0,0,0,0,0,-90.1052631578947,0,0,0,0,0,-60.3157894736842,-60.3157894736842,-65.3157894736842,-65.3157894736842,0,0,0,0,0,0,0,0,0,0,0,0,0,0,0,0,0,0,0,0,0,0,0,0,0,0,0,0,0,0,0,0,0,0,0,0,-86.1578947368421,-85,0,0,0,0,0,0,0,0,0,0,-72,-71.4210526315789,-79.6315789473684,0,-58.1578947368421,-58.1578947368421,0,0,0,0,0,0,-78.8947368421053,-78.8947368421053,0,0,-4.57894736842105,-4.52631578947368,-4.52631578947368,0,0,0,0,0,0,0,0,0,0,0,0,0,0,0,0,0,0,0,0,0,0,-76.9473684210526,-83.2105263157895,0,-63.6315789473684,-58.4736842105263,-57.8947368421053,-55.4736842105263,-51.8947368421053,-91.4210526315789,-90.4210526315789,0,0,0,0,0,-86.6842105263158,-84.3684210526316,0,-61.7368421052632,-80.5789473684211,0,0,0,0,0,0,0,-74.4736842105263,-74.4736842105263,0,0,0,0,-4.10526315789474,0,0,0,0,0,0,-47.4210526315789,-84.1052631578947,0,0,0,0,0,0,0,0,0,0,-82.3157894736842,0,0,0,0,0,0,0,0,0,0,-75.1578947368421,0,0,0,-69.7894736842105,-73.3684210526316
80,2.26,-2.34,0,8.49732171428571,-6.61696428571429,-38.4312515238095,0.5062,-1.01901428571429,9.63584328571428,-228.571428571429,0,0,0,0,0,0,0,0,0,0,0,0,0,0,0,0,0,-51.6666666666667,-51.8095238095238,-67.8571428571429,0,0,0,0,0,0,0,0,0,0,-75.2857142857143,0,0,0,0,0,0,0,0,0,0,0,0,0,-75.2380952380952,0,0,0,0,0,-56.4761904761905,-56.4761904761905,-68.8095238095238,-68.8095238095238,0,0,0,0,0,0,0,0,0,0,0,0,0,0,0,0,0,0,0,0,0,0,0,0,-4.42857142857143,-4.42857142857143,0,-4.23809523809524,0,0,0,0,0,0,0,0,-83,-83.7142857142857,0,0,0,0,0,0,0,0,0,0,-71.8571428571429,-71.8571428571429,-33.4285714285714,-3.76190476190476,-64.3333333333333,-64.2857142857143,-52.1428571428571,-51.4285714285714,0,0,0,0,-73.8095238095238,-73.8571428571429,0,0,-67.1428571428571,-67.1428571428571,0,0,0,0,0,0,0,0,0,0,0,0,0,0,0,0,0,0,0,0,0,0,0,-28.6666666666667,-31,0,0,-57.3333333333333,-57.3333333333333,-47.2380952380952,-44.1904761904762,-85.4761904761905,-85.9523809523809,0,0,0,0,0,-85.4761904761905,-91.0952380952381,0,-52.5714285714286,-73.7142857142857,0,0,0,0,0,0,0,-73.4761904761905,-73.5238095238095,0,0,0,0,0,0,0,0,0,0,-4.19047619047619,-42.7619047619048,-71.6190476190476,0,0,0,0,0,0,0,0,0,0,-93.4285714285714,0,0,0,0,0,0,0,0,0,0,-64,0,0,0,-59.4285714285714,-62.4761904761905
81,2.27,-3.3,0,9.60555596296296,-7.92777796296296,-39.9388907777778,0.0195555555555556,-1.00255555555556,9.78870581481481,-255.555555555556,0,0,0,0,0,0,0,0,0,0,0,0,0,0,0,0,0,-44,-38.8888888888889,-77.4074074074074,0,0,0,0,0,0,0,0,0,0,-93,-43.8888888888889,0,0,0,0,0,0,0,0,0,0,0,0,-93.1111111111111,0,0,0,0,0,-55.4444444444444,-55.4444444444444,-58.6666666666667,-58.6666666666667,0,0,0,0,0,0,0,0,0,0,0,0,0,0,0,0,0,0,0,0,0,0,0,0,-79.2222222222222,-79.2222222222222,-47.7777777777778,-75.8148148148148,0,0,0,0,0,0,0,0,-74.962962962963,-74.962962962963,0,0,0,0,0,0,0,0,0,0,-58.7777777777778,-58.7777777777778,-67.2962962962963,-67.2962962962963,-65.4444444444444,-65,-59.4814814814815,-58.6666666666667,0,0,0,0,-75,-75.4444444444444,0,0,-76.5925925925926,-76.5925925925926,0,0,0,0,0,0,0,0,0,0,0,0,0,0,0,0,0,0,0,0,0,0,0,0,0,0,0,-56.7777777777778,-56.7777777777778,-29.4444444444444,-27.7777777777778,-84.037037037037,-84.4444444444444,0,0,0,0,0,-73.3333333333333,-74.962962962963,0,0,-68.5555555555556,0,0,0,0,0,0,0,-66.4444444444444,-67.2962962962963,0,0,0,0,0,0,0,0,0,-43.8888888888889,-74.962962962963,-42.5925925925926,0,0,0,0,0,0,0,0,0,0,0,-78.3703703703704,0,0,0,0,0,0,0,0,0,0,-34.2222222222222,0,0,0,-31.7777777777778,0
82,2.25,-4.23,0,8.1363283125,-10.59726603125,-41.3982436875,0.2754375,-1.2485625,9.7103348125,-109.375,0,0,0,0,0,0,0,0,0,0,0,0,0,0,0,0,0,-20.25,-56.875,-82.25,0,0,0,0,0,0,0,0,0,0,-94,-64.1875,0,0,0,0,0,0,0,0,0,0,0,0,-76.375,0,0,0,0,0,-54.5625,-54.5625,-27,-27,0,0,0,0,0,0,0,0,0,0,0,0,0,0,0,0,0,0,0,0,0,0,0,0,-86.0625,-86.0625,-69.875,-72.3125,0,0,0,0,0,0,0,0,-79.125,-82.75,0,0,0,0,0,0,0,0,0,0,-62.5625,-62.5625,-64.1875,-64.1875,-55.75,-56.3125,-27.375,-27,0,0,0,0,-71.125,-71.125,0,0,-35.25,-35.25,0,0,0,0,-43.3125,-43.3125,0,0,0,0,0,0,0,0,0,0,0,0,0,0,0,0,0,0,0,0,0,-49.0625,-46.1875,-51.625,-47.25,-83.75,-83.75,0,0,0,0,0,-77,-81.375,0,0,-68.8125,0,0,0,0,0,0,0,-63.5625,-63.9375,0,0,0,0,-37.125,0,0,0,0,-64.1875,-71.5,-40.625,0,0,0,0,0,0,0,0,0,0,0,-85.125,0,0,0,0,0,0,0,0,0,0,0,0,0,0,0,0
83,1.25,-4.24,0,17.5471599090909,9.62443218181818,-38.3971607272727,0.114127272727273,-0.998418181818182,9.83727327272727,-160.606060606061,0,0,0,0,0,0,0,0,0,-77.8484848484848,0,0,0,0,0,0,0,0,-34.6666666666667,-84.2424242424242,0,0,0,0,0,0,0,0,0,0,-91.1818181818182,-23.9393939393939,0,0,0,0,0,0,0,0,0,0,0,0,-44.8484848484849,0,0,0,0,0,-56,-56,-11.8181818181818,0,0,0,0,0,0,0,0,0,0,0,0,0,0,0,0,0,0,0,0,0,0,0,0,0,-77.7575757575758,-77.5757575757576,-26.0606060606061,0,0,0,0,0,0,0,0,0,-75.7575757575758,-84.6969696969697,-74.2727272727273,-74.9393939393939,0,0,0,0,0,0,0,0,-61.8787878787879,-50.7272727272727,0,0,-59.5757575757576,-59.5757575757576,0,0,0,0,0,0,-74.5151515151515,-74.5151515151515,-65.4545454545455,-63.8181818181818,-56.3636363636364,-56.3636363636364,0,0,0,0,-60.6666666666667,-66.2727272727273,0,0,0,0,0,0,0,0,0,0,0,0,0,0,0,0,0,0,0,0,0,-48.969696969697,-51,-51.8181818181818,-41.7272727272727,-84.3636363636364,-84.3636363636364,-16.3636363636364,-16.7272727272727,0,0,0,-71.1818181818182,-77.8787878787879,0,-43.3636363636364,-72.1818181818182,0,0,0,0,0,0,0,-65.0606060606061,-65.5454545454545,-71.3030303030303,-74.5757575757576,0,0,-56.4545454545455,0,0,0,0,-69.3939393939394,0,-48.8181818181818,0,0,0,0,0,0,0,0,0,0,0,-85.8484848484848,0,0,0,0,0,0,0,0,0,0,0,0,0,0,0,0
84,0.43,-4.24,0,13.483696173913,6.52663060869565,-32.1480992173913,0.218132608695652,-1.00995,9.57832873913043,217.391304347826,0,0,0,0,0,0,0,0,0,-68.0869565217391,0,0,0,0,0,0,0,0,-57.9130434782609,-79.5652173913043,0,0,0,0,0,0,0,0,0,0,-79.304347826087,0,0,0,0,0,0,0,0,0,0,0,0,0,-70.4347826086957,0,0,0,0,0,-61.1739130434783,-61.1739130434783,-50.8695652173913,0,0,0,0,0,0,0,0,0,0,0,0,0,0,0,0,0,0,0,0,0,0,0,0,0,-73.5652173913043,-72.7826086956522,0,0,0,0,0,0,0,0,0,0,-65.7391304347826,-86.0869565217391,-67.3913043478261,-67.304347826087,0,0,0,0,0,0,0,0,-69.5652173913043,-68,0,0,-68.695652173913,-68.695652173913,0,0,0,0,0,0,-80.2173913043478,-80.0434782608696,-62.6086956521739,-61.0434782608696,-72.7826086956522,-72.7826086956522,0,0,0,0,-20.0869565217391,-63.3913043478261,0,0,0,0,0,0,0,0,0,0,0,0,0,0,0,0,0,0,0,0,0,-56.304347826087,-55.0434782608696,-43.8260869565217,-39.9130434782609,-75.9130434782609,-76,-70.4347826086957,-72,0,0,0,-75.4782608695652,-71.4782608695652,0,-41.4782608695652,-76.8260869565217,0,0,0,0,0,0,0,-70.3913043478261,-69.7391304347826,-55.5652173913044,-56.3478260869565,0,0,-54,0,0,0,0,-58.695652173913,0,-39.1304347826087,0,0,0,0,0,0,0,0,0,0,0,-90.695652173913,0,0,0,0,0,0,0,0,0,0,0,0,0,0,0,0
85,0,-4.24,0,6.52112075862069,8.89719848275862,-29.8732771724138,0.0531,-1.2456724137931,9.73316948275862,-20.6896551724138,0,0,0,0,0,0,0,0,0,-75,0,0,0,0,0,0,0,0,-63.7931034482759,-83.8965517241379,0,0,0,0,0,0,0,0,0,0,-93.2758620689655,0,0,0,0,0,0,0,0,0,0,0,0,0,-83.9310344827586,0,0,0,0,0,-62.448275862069,-62.448275862069,-56.0344827586207,0,0,0,0,0,0,0,0,0,0,0,0,0,0,0,0,0,0,0,0,0,0,0,0,0,-81.0344827586207,-80.1724137931034,0,-37.2413793103448,0,0,0,0,0,0,0,0,-79.8620689655172,-87.6206896551724,-62.9310344827586,-62.0689655172414,0,0,0,0,0,0,0,0,-70.9310344827586,-71,-33.5172413793103,-33.5172413793103,-67.8275862068966,-67.8275862068966,0,0,0,0,0,0,-78.1724137931034,-77.2068965517241,0,0,-86.5862068965517,-86.5862068965517,0,0,0,0,0,0,0,0,0,0,0,0,0,0,0,0,0,0,0,0,0,-5.31034482758621,0,0,0,0,0,-54.8965517241379,-53.7931034482759,-28.9655172413793,0,-90.9655172413793,-91.1379310344828,-77.5862068965517,-79.3103448275862,0,0,0,-79.1379310344828,-78.2068965517241,0,-27.7241379310345,-79.4827586206897,0,0,0,0,0,0,0,-66.1379310344828,-66.1379310344828,-65.9655172413793,-72.6206896551724,0,0,0,0,0,0,0,-38.7931034482759,0,-43.1034482758621,0,0,0,0,0,0,0,0,0,0,0,-91.448275862069,0,0,0,0,0,0,0,0,0,0,0,0,0,0,0,0
86,0,-3.33,0,-0.0473684210526315,20.6250008947368,-34.1985213947368,-0.113423684210526,-1.1974302631579,9.76458207894737,126.315789473684,0,0,0,0,0,0,0,0,0,0,0,0,0,0,0,-50.6315789473684,0,0,-17.3684210526316,-86.1052631578947,0,0,0,0,0,0,0,0,0,0,-90.9473684210526,0,0,0,0,0,0,0,0,0,0,0,0,0,-77.4736842105263,0,0,0,0,0,-64.1578947368421,-64.1578947368421,0,0,0,0,0,0,0,0,0,0,0,0,0,0,0,0,0,0,0,0,0,0,0,0,0,0,0,0,0,-75.7894736842105,0,0,0,0,0,0,0,0,-74.1052631578947,-85.9473684210526,-46.1052631578947,-45.4736842105263,0,0,0,0,0,0,0,0,-73.8947368421053,-74.1578947368421,-68.2105263157895,-68.2105263157895,-60.5263157894737,-60.5263157894737,0,0,0,0,0,0,-80.1578947368421,-80.4210526315789,0,0,-78.3157894736842,-78.3157894736842,0,-52,0,0,0,0,0,0,0,0,0,0,0,0,0,0,0,0,0,0,0,-64.8421052631579,0,0,-25.2631578947368,0,-25,-56.8947368421053,-59.6842105263158,0,0,-82.1578947368421,-82.4210526315789,0,0,0,0,0,-77.7894736842105,-82.7894736842105,0,-56.4210526315789,-77.4736842105263,0,0,0,0,0,0,0,-68.8421052631579,-68.8421052631579,-73,-62.5263157894737,0,0,0,0,0,0,0,0,0,0,-24.7368421052632,0,0,0,0,0,0,0,0,0,0,-90.9473684210526,0,0,0,0,0,0,0,0,0,0,0,0,0,0,0,0
87,0,-2.4,0,0.546306818181818,11.1017050454545,-32.5176151363636,0.000149999999999989,-0.395072727272727,9.7772255,-59.0909090909091,0,0,0,0,0,0,0,0,0,-29.9090909090909,0,0,0,0,0,-60.5454545454545,0,-48,-54,-74.8636363636364,0,0,0,0,0,0,0,0,0,-57.4545454545455,-88.6818181818182,0,0,0,0,0,0,0,0,0,0,0,0,0,-54.3636363636364,0,0,0,0,0,-65.5,-65.5,0,-52.3636363636364,0,0,0,0,0,0,0,0,0,0,0,0,0,0,0,0,0,0,0,0,0,0,0,0,0,0,0,-81.8181818181818,0,0,0,0,0,0,0,0,-75.6363636363636,-85.0454545454545,-28,0,0,0,0,0,0,0,0,0,-67.9090909090909,-67.9090909090909,-74.3636363636364,-74.3636363636364,-65.6363636363636,-65.6363636363636,0,0,0,0,0,0,-78.5454545454545,-78.5454545454545,0,0,-82.3636363636364,-83.0909090909091,0,-62.1818181818182,0,0,0,0,0,0,0,0,0,0,0,0,0,0,0,0,0,0,0,-45.5,0,0,-86.3181818181818,0,-85.7272727272727,-55.4545454545455,-62.3181818181818,-45.8181818181818,-45.8181818181818,-86.5,-87.3181818181818,-27.0454545454545,-28,0,0,0,-80,-83.1818181818182,0,-12.1818181818182,-78.0909090909091,0,0,0,0,0,0,0,-67.8181818181818,-67.8181818181818,-68.5454545454545,-58.9090909090909,0,0,0,0,0,0,0,-58.1818181818182,-58.1818181818182,0,-76.9090909090909,0,0,0,0,0,0,-29.5909090909091,0,0,0,-90.8181818181818,0,0,0,0,0,0,0,0,0,0,0,0,0,0,0,0
88,-0.02,-1.49,0,7.20360588461538,17.1663469230769,-29.5564916538461,-0.142586538461538,-0.603242307692308,9.77812542307693,-53.8461538461538,0,0,0,0,0,0,0,0,0,-79.5384615384615,0,0,0,0,0,-28.4615384615385,0,-55.8461538461538,-50.7692307692308,-77.8461538461538,0,0,0,0,0,0,0,0,0,-66.8461538461538,-86.6153846153846,0,0,0,0,0,0,0,0,0,0,0,0,0,0,0,0,0,0,0,-66.7692307692308,-66.7692307692308,0,-60.9230769230769,0,0,0,0,0,0,0,0,0,0,0,0,0,0,0,0,0,0,0,0,0,0,0,0,0,0,0,-76.1538461538462,0,0,0,0,0,0,0,0,-85.0769230769231,-84.3846153846154,-74.4615384615385,0,0,0,0,0,0,0,0,0,-77.2307692307692,-76.7692307692308,-69.3846153846154,-69.3846153846154,-69.4615384615385,-69.4615384615385,0,0,0,0,0,0,-72,-72,0,0,-82.6153846153846,-89.7692307692308,0,-29.2307692307692,0,0,0,0,0,0,0,0,0,0,0,0,0,0,0,0,0,0,0,0,0,0,-92.3846153846154,0,-78.6923076923077,-63.4615384615385,-62.3846153846154,-53.3076923076923,-53.3076923076923,-82.4615384615385,-89.6923076923077,-71.9230769230769,-74.4615384615385,0,0,0,-75.3076923076923,-80.6153846153846,0,0,-82.9230769230769,0,0,0,0,0,0,0,-72.9230769230769,-72.9230769230769,-63.4615384615385,-55.3846153846154,0,0,0,0,0,0,0,-67.6923076923077,-67.6923076923077,-33.9230769230769,-72.3076923076923,0,0,0,0,0,0,-78.6923076923077,0,0,0,-77,0,0,0,0,0,0,0,0,0,0,-40.9230769230769,0,0,0,0,0
89,-0.05,-0.47,0,0.835416666666667,18.1958342222222,-32.3364601666667,-0.360666666666667,-0.714491666666667,9.82676711111111,-22.2222222222222,0,0,0,0,0,0,0,0,0,-73.1111111111111,0,0,0,0,0,0,0,-65,0,-70.7777777777778,0,0,0,0,0,0,0,0,0,-48.2777777777778,-88.5,0,0,0,0,0,0,0,0,0,0,0,0,0,-44.5,0,0,0,0,0,-72,-72,-40.5,-76,0,0,0,0,0,0,0,0,0,0,0,0,0,0,0,0,0,0,0,0,0,0,0,0,0,0,0,-55,0,0,0,0,0,0,0,0,-67.6666666666667,-87,-68.4444444444444,0,0,0,0,0,0,0,0,0,-76.5,-76.5,-50.1111111111111,-50.1111111111111,-75,-74.5,0,0,0,0,0,0,-80,-80,0,0,-89,-90,0,0,0,0,0,0,0,0,0,0,0,0,0,0,0,0,0,0,0,0,0,0,0,0,-93,0,-72.3333333333333,-65,-64,-38.5,-38.5,-70.7777777777778,-90.5,-66.1111111111111,-68.4444444444444,0,0,0,-63.7777777777778,-80.5,0,-38.5,-85.5,0,0,0,0,0,0,0,-79.5,-79.5,-81.5,-44,0,0,0,0,0,0,0,-48.8888888888889,-48.8888888888889,-49,-45.5,0,0,0,0,0,0,-72.3333333333333,0,0,0,-70.7777777777778,0,0,0,0,0,0,0,0,0,0,-59.1111111111111,0,0,0,0,0
