1,11.25,0.22,4.2,25.4140636666667,24.7968764166667,-33.2968771666667,-0.1404125,-0.625575,9.77907533333333,-5175,0,0,0,-75.8333333333333,0,0,0,0,0,-89,-72,-47,-81,0,0,0,0,0,0,0,0,0,0,0,0,0,0,0,0,0,0,0,0,0,0,0,0,0,0,-63.3333333333333,-78.3333333333333,0,0,0,0,0,-80,-15.6666666666667,0,0,0,0,0,0,0,0,0,0,0,0,0,0,0,0,0,0,0,0,0,0,0,0,0,0,-70.5,-70.5,0,0,-15.5,0,0,0,-37.5,-37.5,0,0,-75.8333333333333,-75.8333333333333,0,0,0,0,0,0,0,0,0,0,0,0,0,0,0,0,0,0,0,0,0,0,0,0,0,0,0,0,0,0,0,0,0,0,-83.5,-83.5,0,0,0,0,0,0,0,0,0,0,0,0,0,0,0,0,0,0,0,0,0,0,0,0,0,0,0,0,0,0,0,0,0,0,0,0,0,0,0,0,0,0,0,0,-87.5,0,0,0,0,0,0,0,0,0,-94,0,0,0,0,0,0,0,0,0,-79,-74,0,-37,0,0,0,0,0,0,0,0,0,0,0,0,0,0,0,0,0,0,0,0
2,11.24,0.49,4.3448275862069,26.1725557391304,24.0717399130435,-31.7910340434783,-0.647236956521739,-0.502780434782609,9.76226782608695,-5143.47826086957,0,0,0,-19.7826086956522,-19.3478260869565,0,0,0,0,-64.304347826087,-73.5652173913043,-78.8695652173913,-68.5217391304348,0,0,0,0,0,0,0,0,0,0,0,0,0,0,0,0,0,0,0,0,0,0,0,0,0,0,-56.1739130434783,-85.3913043478261,0,0,0,0,0,-70.9565217391304,0,0,0,0,0,0,0,0,0,0,0,0,0,0,0,0,0,0,0,0,0,0,0,0,0,0,0,-71.2173913043478,-70.6521739130435,0,0,0,0,0,0,-73,-73,0,0,-67.2608695652174,-67.2608695652174,0,0,0,0,0,0,0,0,0,0,0,0,0,0,0,0,0,0,0,0,0,0,0,0,0,0,0,0,0,0,0,0,0,0,-87.1304347826087,-87.1304347826087,0,0,0,0,0,0,0,0,0,0,0,0,0,0,0,0,0,0,0,0,0,0,0,0,0,0,0,0,0,0,0,0,0,0,0,0,0,0,0,0,0,0,0,0,-88.7826086956522,0,0,0,0,0,0,0,0,0,-92.5652173913043,0,0,0,0,0,0,0,0,0,-82.1304347826087,-54.695652173913,0,-54.695652173913,0,0,0,0,0,0,0,0,0,0,0,0,0,0,0,0,0,0,0,0
3,11.21,0.73,4.48965517241379,24.3758162608696,24.562501173913,-31.959784,-0.827086956521739,-0.300952173913044,9.76187665217391,-5452.17391304348,0,0,0,0,-81.2608695652174,0,0,0,0,-88.1304347826087,-78.5217391304348,-87.6521739130435,-76.695652173913,0,0,0,0,0,0,0,0,0,0,0,0,0,0,0,0,0,0,0,0,0,0,0,0,0,0,0,-84,0,0,0,0,0,0,0,0,0,0,0,0,0,0,0,0,0,0,0,0,0,0,0,0,0,0,0,0,0,0,0,0,0,-70.304347826087,-70.304347826087,0,0,0,0,0,0,-74.3913043478261,-74.3913043478261,0,0,0,0,0,0,0,0,0,0,0,0,0,0,0,0,0,0,0,0,0,0,0,0,0,0,0,0,0,0,0,0,0,0,0,0,0,0,-86.5652173913043,-86,0,0,0,0,0,0,0,0,0,0,0,0,0,0,0,0,0,0,0,0,0,0,0,0,0,0,0,0,0,0,0,0,0,0,0,0,0,0,0,0,0,0,0,0,-88.1739130434783,0,0,0,0,0,0,0,0,0,-92.9565217391304,0,0,0,0,0,0,0,0,0,-84.5652173913043,-67.5652173913043,0,-67.5652173913043,0,0,0,0,0,0,0,0,0,0,0,0,0,0,0,0,0,0,0,0
4,11.22,1,4.63448275862069,21.2390633571429,26.4046885357143,-33.4285732142857,-0.834219642857143,-0.4133625,9.78811657142857,-5625,0,0,0,0,-69.9285714285714,0,0,0,0,-77.1428571428571,-66.8571428571429,-87.2857142857143,-87,0,0,0,0,0,0,0,0,0,0,0,0,0,0,0,0,0,0,0,0,0,0,0,0,0,0,0,-79.7142857142857,0,0,0,0,0,0,0,0,0,0,0,0,0,0,0,0,0,0,0,0,0,0,0,0,0,0,0,0,0,0,0,0,0,-72.4285714285714,-73,0,0,0,0,0,0,-72.4285714285714,-73.3571428571429,0,0,0,0,0,0,0,0,0,0,0,0,0,0,0,0,0,0,0,0,0,0,0,0,0,0,0,0,0,0,0,0,0,0,0,0,0,0,-89.8571428571429,-90.2857142857143,0,0,0,0,0,0,0,0,0,0,0,0,0,0,0,0,0,0,0,0,0,0,0,0,0,0,0,0,0,0,0,0,0,0,0,0,0,0,0,0,0,0,0,0,-84.4285714285714,0,0,0,0,0,0,0,0,0,-93.2857142857143,0,0,0,0,0,0,0,0,0,-80.8571428571429,-5.28571428571429,0,-5.28571428571429,0,0,0,0,0,0,0,0,0,0,0,0,0,0,0,0,0,0,0,0
5,11.19,1.27,4.77931034482759,19.2482151428571,29.0410728214286,-37.6520106071429,-0.895505357142857,-0.572930357142857,9.74807725,-6089.28571428571,0,0,0,0,-3.17857142857143,0,0,0,0,-71.5,-76.7142857142857,-85.5,-71.5,0,0,0,0,0,0,0,0,0,0,0,0,0,0,0,0,0,0,0,0,0,0,0,0,0,0,0,-87.2857142857143,0,0,0,0,0,0,0,0,0,0,0,0,0,0,0,0,0,0,0,0,0,0,0,0,0,0,0,0,0,0,0,0,0,-77.25,-74.9642857142857,0,0,0,0,0,0,-84.9285714285714,-84.9642857142857,0,0,0,0,0,0,0,0,0,0,0,0,0,0,0,0,0,0,0,0,0,0,0,0,0,0,0,0,0,0,0,0,0,0,0,0,0,0,-71.5,-72.2857142857143,0,0,0,0,0,0,0,0,0,0,0,0,0,0,0,0,0,0,0,0,0,0,0,0,0,0,0,0,0,0,0,0,0,0,0,0,0,0,0,0,0,0,0,0,-77.4642857142857,0,0,0,0,0,0,0,0,0,-92.7142857142857,0,0,0,0,0,0,0,0,0,-85.8571428571429,0,0,0,0,0,0,0,0,0,0,0,0,0,0,0,0,0,0,0,0,0,0,0
6,11.19,1.5275,4.92413793103448,13.0485945,29.12015755,-43.8829702,-0.3526725,-0.4069725,9.774146825,-6395,0,0,0,0,-41.8,0,0,0,0,-31.85,-77.475,-84.65,-31.85,0,0,0,0,0,-65.975,0,0,0,0,0,0,0,0,0,0,0,0,0,0,0,0,0,0,0,0,-67.425,-61.1,0,0,0,0,0,0,0,0,0,0,0,0,0,0,0,0,0,-67.425,-68.15,0,0,0,0,0,0,0,0,0,0,0,0,0,0,-78.85,-78.85,0,0,0,0,0,0,-88.4,-88.625,0,0,0,0,0,0,0,0,0,0,0,0,0,0,0,0,0,0,0,0,0,0,0,0,0,0,0,0,0,0,0,0,0,0,0,0,0,0,-31.85,-32.2,0,0,0,0,0,0,0,0,0,0,0,0,0,0,0,0,0,0,0,0,0,0,0,0,0,0,0,0,0,0,0,0,0,0,0,0,0,0,0,0,0,0,0,0,-78.925,0,0,0,0,0,0,0,0,0,-70.525,0,0,0,0,0,0,0,0,0,-88.275,-17.1,0,-17.1,0,0,0,0,0,0,0,0,0,0,0,0,0,0,0,0,0,0,0,0
7,11.17,1.76,5.06896551724138,11.5312502272727,29.0130695454545,-44.9071035909091,-0.349131818181818,-0.410175,9.73104595454545,-6545.45454545455,0,0,0,0,-72,0,0,0,0,0,-78.6363636363636,-76.9090909090909,0,0,0,0,0,0,-74.4545454545455,0,0,0,0,0,0,0,0,0,0,0,0,0,0,0,0,0,0,0,0,-76.0909090909091,-8.45454545454546,0,0,0,0,0,0,0,0,0,0,0,0,0,0,0,0,0,-84.6363636363636,-85.4545454545455,0,0,0,0,0,0,0,0,0,0,0,0,0,0,-77.7272727272727,-77.6363636363636,0,0,0,0,0,0,-86.3636363636364,-86.6363636363636,0,0,0,0,0,0,0,0,0,0,0,0,0,0,0,0,0,0,0,0,0,0,0,0,0,0,0,0,0,0,0,0,0,0,0,0,0,0,0,0,0,0,0,0,0,0,0,0,0,0,0,0,0,0,0,0,0,0,0,0,0,0,0,0,0,0,0,0,0,0,0,0,0,0,0,0,0,0,0,0,0,0,0,0,-84.6363636363636,0,0,0,0,0,0,0,0,0,-24.8181818181818,0,0,0,0,0,0,0,0,0,-88,-69.3636363636364,0,-62.1818181818182,0,0,0,0,0,0,0,0,0,0,0,0,0,0,0,0,0,0,0,0
8,11.18,2.01,5.21379310344828,9.8040004,31.05075152,-43.76400132,-0.353868,-0.769062,9.71694044,-6668,0,0,0,0,-81.12,0,0,0,0,-45.6,-80.48,-45.12,0,0,0,0,0,0,-7.28,0,0,0,0,0,0,0,0,0,0,0,0,0,0,0,0,0,0,0,0,-7.44,-85.56,0,0,0,0,0,0,0,0,0,0,0,0,0,0,0,0,0,-86.48,-93.52,0,0,0,0,0,0,0,0,0,0,0,0,0,0,-69.92,-76.44,0,0,0,0,0,0,-78.2,-78.2,0,0,0,0,0,0,0,0,0,0,0,0,0,0,0,0,0,0,0,0,0,0,0,0,0,0,0,0,0,0,0,0,0,0,0,0,0,0,0,0,0,0,0,0,0,0,0,0,0,0,0,0,0,0,0,0,0,0,0,0,0,0,0,0,0,0,0,0,0,0,0,0,0,0,0,0,0,0,0,0,0,0,0,0,-86.48,0,0,0,0,0,0,0,0,0,0,0,0,0,0,0,0,0,0,0,-89.6,-79.96,0,-66.88,0,0,0,0,0,0,0,0,0,0,0,0,0,0,0,0,0,0,0,0
9,11.18,2.27,5.35862068965517,6.05691964285714,30.7479924285714,-43.8964304642857,-0.287967857142857,-0.592146428571429,9.80206132142857,-6707.14285714286,0,0,0,-82.1428571428571,-63.6428571428571,0,0,0,0,-74.6428571428571,-84.1428571428571,0,0,0,0,0,0,0,0,0,0,0,0,0,0,0,0,0,0,0,0,0,0,0,0,0,0,0,0,0,-73.0714285714286,0,0,0,0,0,0,0,0,0,0,0,0,0,0,0,0,0,-73.8571428571429,-73.0714285714286,0,0,0,0,0,0,0,0,0,0,0,0,0,0,-82.2857142857143,-82.7142857142857,0,0,0,0,0,0,-90.1428571428571,-89.5714285714286,0,0,0,0,0,0,0,0,0,0,0,0,0,0,0,0,0,0,0,0,0,0,0,0,0,0,0,0,0,0,0,0,0,0,0,0,0,0,0,0,0,0,0,0,0,0,0,0,0,0,0,0,0,0,0,0,0,0,0,0,0,0,0,0,0,0,0,0,0,0,0,0,0,0,0,0,0,0,0,0,0,0,0,0,-73.8571428571429,0,0,0,0,0,0,0,0,0,0,0,0,0,0,0,0,0,0,0,-92,-63.6428571428571,0,0,0,0,0,0,0,0,0,0,0,0,0,0,0,0,0,0,0,0,0,0
10,11.18,2.52,5.50344827586207,2.55334821428571,30.2631708571429,-42.4968767857143,-0.34035,-1.07259107142857,9.68419332142857,-7117.85714285714,0,0,0,-78.9285714285714,-46.2857142857143,0,0,0,0,-54.2857142857143,-75.5,0,0,0,0,0,0,0,0,0,0,0,0,-33.2142857142857,0,0,0,0,0,0,0,0,0,0,0,0,0,0,0,0,-13.2857142857143,0,0,0,0,0,0,0,0,0,0,0,0,0,0,0,0,0,-13.4285714285714,-53.1428571428571,-31.7857142857143,-76.2857142857143,0,0,0,0,0,0,0,0,0,0,0,0,-85,-87.5,0,0,0,0,0,0,-79.7142857142857,-79.7142857142857,0,0,0,0,-67.5714285714286,-67.0714285714286,0,0,0,0,0,0,0,0,0,0,0,0,0,0,0,0,0,0,0,0,0,0,0,0,0,0,0,0,0,0,0,0,0,0,0,0,0,0,0,0,0,0,0,0,0,0,0,0,0,0,0,0,0,0,0,0,0,0,0,0,0,0,0,0,0,0,0,0,0,0,0,0,0,0,0,0,0,0,-13.4285714285714,0,0,0,0,0,0,0,0,0,0,0,0,0,0,0,0,0,0,0,-78.8571428571429,-46.2857142857143,0,0,0,0,0,0,0,0,0,0,0,0,0,0,0,0,0,0,0,0,0,0
11,11.17,2.79,5.64827586206897,4.8125,25.8881956296296,-42.3840297407407,-0.342144444444444,-1.03106111111111,9.76640614814815,-7381.48148148148,0,0,0,-72.4074074074074,-31.4814814814815,0,0,0,0,-35.1851851851852,-78.1851851851852,0,0,0,0,0,0,0,-61.4814814814815,0,0,0,0,-79.2222222222222,0,0,0,0,0,0,0,0,0,0,0,0,0,0,0,0,0,0,0,0,0,0,0,0,0,0,0,0,0,0,0,0,0,0,0,0,-86.3333333333333,-86.3333333333333,0,0,0,0,0,0,0,0,0,0,0,0,-71.5555555555556,-72.4074074074074,0,0,0,0,0,0,-51.6666666666667,-51.6666666666667,0,0,0,0,-87.3333333333333,-87.3333333333333,0,0,0,0,0,0,0,0,0,0,0,0,0,0,0,0,0,0,0,0,0,0,0,0,0,0,0,0,0,0,0,0,0,0,0,0,0,0,0,0,0,0,0,0,0,0,0,0,0,0,0,0,0,0,0,0,0,0,0,0,0,0,0,0,0,0,0,0,0,0,0,0,0,0,0,0,0,0,0,0,0,0,0,0,0,0,0,0,0,0,0,0,0,0,0,0,0,0,-51.1111111111111,-33.3333333333333,0,-32.5925925925926,0,0,0,0,0,0,0,0,0,0,0,0,0,0,0,0,0,0,0,0
12,11.17,3.05,5.79310344827586,5.428125,25.1085951666667,-40.8937515833333,-0.11770625,-1.09958125,9.738538125,-7550,0,0,0,-78.625,-70,0,0,0,0,-71.25,-64.5833333333333,0,0,0,0,0,0,0,-62.25,0,0,0,0,-65.875,0,0,0,0,0,0,0,0,0,0,0,0,0,0,0,0,0,0,0,0,0,0,0,0,0,0,0,0,0,0,0,0,0,0,0,0,-62.25,-62.25,0,0,0,0,0,0,0,0,0,0,0,0,-59.5,-60.2083333333333,0,0,0,0,0,0,0,0,0,0,0,0,-66.75,-82.125,0,0,0,0,0,0,0,0,0,0,0,0,0,0,0,0,0,0,0,0,0,0,0,0,0,0,0,0,0,0,0,0,0,0,0,0,0,0,0,0,0,0,0,0,0,0,0,0,0,0,0,0,0,0,0,0,0,0,0,0,0,0,0,0,0,0,0,0,0,0,0,0,0,0,0,0,0,0,0,0,0,0,0,0,0,0,0,0,0,0,0,0,0,0,0,0,0,0,0,-67.5,0,-66,0,0,0,0,0,0,0,0,0,0,0,0,0,0,0,0,0,0,0,0
13,11.14,3.35,5.93793103448276,3.91953125,26.900782375,-36.225782875,-0.16279375,-1.42728125,9.54728170833333,-7816.66666666667,0,0,0,-73.5416666666667,-77.625,0,0,0,0,-83.125,-80.5833333333333,0,0,0,0,0,0,0,-38.0416666666667,0,0,0,0,0,0,0,0,0,0,0,0,0,0,0,0,0,0,0,0,0,0,0,0,0,0,0,0,0,0,0,0,0,0,0,0,0,0,0,0,0,-72.625,-72.625,0,0,0,0,0,0,0,0,0,0,0,0,-46,-46,0,0,0,0,0,0,0,0,0,0,0,0,-81.375,-84.375,0,0,0,0,0,0,0,0,0,0,0,0,0,0,0,0,0,0,0,0,0,0,0,0,0,0,0,0,0,0,0,0,0,0,0,0,0,0,0,0,0,0,0,0,0,0,0,0,0,0,0,0,0,0,0,0,0,0,0,0,0,0,0,0,0,0,0,0,0,0,0,0,0,0,0,0,0,0,0,0,0,0,0,0,0,0,0,0,0,0,0,0,0,0,0,0,0,0,0,-78.75,0,-80.7083333333333,0,0,0,0,0,0,0,0,0,0,0,0,0,0,0,0,0,0,0,0
14,11.08,4.17,6.08275862068966,1.90267857142857,6.44107152380953,-37.7544658809524,-0.0820464285714286,-1.50120714285714,9.68155766666667,-7776.19047619048,0,0,0,-76.5476190476191,-67.5,0,0,0,0,0,-67.5,0,0,-30,0,0,0,0,0,0,0,0,0,0,0,0,0,0,0,0,0,0,0,0,0,0,0,0,0,0,0,0,0,0,0,0,0,0,0,0,0,0,0,0,0,0,0,0,0,0,0,0,0,0,0,0,0,0,0,0,0,0,0,0,-86.7619047619048,-86.0952380952381,0,0,0,0,0,0,0,0,-31.5714285714286,-29.9047619047619,0,0,-70,-86.4761904761905,0,0,0,0,0,0,0,0,0,0,0,0,0,0,0,0,0,0,0,0,0,0,0,0,0,0,0,0,0,0,0,0,0,0,0,0,0,0,-2.19047619047619,-2.16666666666667,0,0,0,0,0,0,0,0,0,0,0,0,0,0,0,0,0,0,0,0,0,0,0,0,0,0,0,0,0,0,0,0,0,0,0,0,0,0,0,0,0,0,0,0,0,0,0,0,0,0,0,0,0,0,0,0,0,0,0,0,0,-74.1666666666667,0,-66.0476190476191,0,0,0,0,0,0,0,0,0,0,0,0,0,0,0,0,0,0
15,12.03,4.27,6.22758620689655,-10.0665004,6.29775004,-37.77750196,-0.629442,-0.889632,9.78637252,-7744,0,0,0,-81.6,-6.48,0,0,0,0,0,-78.72,0,0,-84.48,0,0,0,0,0,0,0,0,0,0,0,0,0,0,0,0,0,0,0,0,0,0,0,0,0,0,0,0,0,0,0,0,0,0,0,0,0,0,0,0,0,0,0,0,0,0,-40.8,0,0,0,0,0,0,0,0,0,0,0,0,0,-82.72,-81.84,0,0,0,0,0,0,0,0,-77.6,-77.6,0,0,-40.32,-86.52,0,0,0,0,0,0,0,0,0,0,0,0,0,0,0,0,0,0,0,0,0,0,0,0,0,0,0,0,0,0,0,0,0,0,0,0,0,0,-91.04,-83.72,0,0,0,0,0,0,0,0,0,0,0,0,0,0,0,0,0,0,0,0,0,0,0,0,0,0,0,0,0,0,0,0,0,0,0,0,0,0,0,0,0,0,0,0,0,0,0,0,0,0,0,0,0,0,0,0,0,0,0,0,0,-42.72,0,-87.84,0,0,0,0,0,0,0,0,0,0,0,0,0,0,0,0,0,0
16,12.85,4.31,6.37241379310345,-18.5027349375,2.29160159375,-36.93339984375,-0.1464703125,-0.859903125,9.69259259375,-7665.625,0,0,0,-57.5,-76.125,0,0,0,0,-42,-59.59375,0,0,-67.1875,0,0,0,0,0,0,0,0,0,0,0,0,0,0,0,0,0,0,0,0,0,0,0,0,0,0,0,0,0,0,0,0,0,0,0,0,0,0,0,0,0,0,0,0,0,0,-61.09375,-73.40625,0,0,0,0,0,0,0,0,0,0,0,0,0,0,0,0,0,0,0,0,0,0,-59.46875,-79.3125,0,0,-43.6875,-83.53125,0,0,0,0,0,0,0,0,0,0,0,0,0,0,0,-39.8125,0,0,0,0,0,0,0,0,0,0,0,0,0,0,0,0,0,0,0,0,0,0,-64.6875,-65.40625,0,0,0,0,0,0,0,0,0,0,0,0,0,0,0,0,0,0,0,0,0,0,0,0,0,0,0,0,0,0,0,0,0,0,0,0,0,0,0,0,0,0,0,0,0,0,0,0,0,0,0,0,0,0,0,0,0,0,0,-8.15625,0,-8.625,0,-73.21875,0,0,0,0,0,0,0,0,0,0,0,0,0,0,0,0,0,0
17,13.23,4.31,6.51724137931035,-16.44000056,-9.1305002,-40.52100156,-0.794844,-0.500832,9.87172252,-7608,0,0,0,-81.56,-81.92,0,0,0,0,-88.32,-73.6,0,0,-84.44,0,0,0,0,0,0,0,0,0,0,0,0,0,0,0,0,0,0,0,0,0,0,0,0,0,0,0,0,0,0,0,0,0,0,0,0,0,0,0,0,0,0,0,0,0,0,-40.8,-80.04,0,0,0,0,0,0,0,0,0,0,0,0,0,0,0,0,0,0,0,0,0,0,-76.48,-78.88,0,0,-80.96,-82.8,0,0,0,0,0,0,0,0,0,0,0,0,0,0,0,-83.72,0,0,0,0,0,0,0,0,0,0,0,0,0,0,0,0,0,0,0,0,0,0,-43.2,0,0,0,0,0,0,0,0,0,0,0,0,0,0,0,0,0,0,0,0,0,0,0,0,0,0,0,0,0,0,0,0,0,0,0,0,0,0,0,0,0,0,0,0,0,0,0,0,0,0,0,0,0,0,0,0,0,0,0,0,-80.04,0,-84.64,0,-83.72,0,0,0,0,0,0,0,0,0,0,0,0,0,0,0,0,0,0
18,13.37,3.63,6.66206896551724,9.77777811111111,-14.7152782962963,-37.5902797407407,-0.277744444444444,-0.267033333333333,9.87596155555556,-7433.33333333333,0,0,0,-64.5555555555556,-75,0,0,0,0,-42.6666666666667,-59.1111111111111,0,0,-82.4074074074074,0,0,0,0,0,0,0,0,0,0,0,0,0,0,0,0,0,0,0,0,0,0,0,0,0,0,0,0,0,0,0,0,-35.037037037037,-35.037037037037,-85.1851851851852,-85.1851851851852,0,0,0,0,0,0,0,0,0,0,0,-76.8518518518518,0,0,0,0,0,0,0,0,0,0,0,0,-35.8518518518519,-35.8518518518519,0,0,0,0,0,0,0,0,-59.1111111111111,-80.1851851851852,0,0,-76.8518518518518,-76.8518518518518,0,0,0,0,0,0,0,0,0,0,0,0,0,0,0,-40.4444444444444,0,0,0,0,0,0,0,0,0,0,0,0,0,0,0,0,0,0,0,0,0,-38.7037037037037,-83.3333333333333,-83.3333333333333,0,0,0,0,0,0,0,0,0,0,0,0,0,0,0,0,0,0,0,0,0,0,0,0,0,0,0,0,0,0,0,0,0,0,0,0,0,0,0,0,0,0,0,0,0,0,0,0,0,0,0,0,0,0,0,0,0,0,0,-67.6666666666667,0,-71.5555555555556,0,-70.7777777777778,0,0,0,0,0,0,0,0,0,0,0,0,0,0,0,0,0,0
19,13.35,3.35,6.80689655172414,11.41781305,-11.84250045,-38.48718915,-0.51636,-0.95541,9.7392156,-7540,0,0,0,-58.1,-56.7,0,-75.2,0,0,0,-53.2,0,0,-62.3,0,0,0,0,0,0,0,0,0,0,0,0,0,0,0,0,0,0,0,0,0,0,0,0,0,0,0,0,0,0,0,0,-79,-79,-64.4,-64.4,0,0,0,0,0,0,0,0,0,0,0,-58.1,0,0,0,0,0,0,0,0,0,0,0,0,-89.8,-90.6,0,0,0,0,0,0,0,0,-61.1,-79,0,0,-58.1,-58.1,0,0,0,0,0,0,0,0,0,0,0,0,0,0,0,0,0,0,0,0,0,0,0,0,0,0,0,0,0,0,0,0,0,0,0,0,0,-66.5,-63,-63,0,0,0,0,0,0,0,0,0,0,0,0,0,0,0,0,0,0,0,0,0,0,0,0,0,0,0,0,0,0,0,0,0,0,0,0,0,0,0,0,0,0,0,0,0,0,0,0,0,0,0,0,0,0,0,0,0,0,0,-8.7,0,-9.2,0,-9.1,0,0,0,0,0,0,0,0,0,0,0,0,0,0,0,0,0,0
20,13.35,3.09,6.95172413793103,14.2080362857143,-13.341965,-35.0321445714286,-0.609807142857143,-0.674514285714286,9.79486480952381,-7738.09523809524,0,0,0,0,-54,0,-85.0476190476191,0,0,0,0,0,0,-59.3333333333333,0,0,0,0,0,0,0,0,0,0,0,0,0,0,0,0,0,0,0,0,0,0,0,0,0,0,0,0,0,0,0,0,-79.6190476190476,-79.6190476190476,-61.3333333333333,-61.3333333333333,0,0,0,0,0,0,0,0,0,0,0,-55.3333333333333,0,0,0,0,0,0,0,0,0,0,0,0,-89.3333333333333,-89.3333333333333,0,0,0,0,0,0,-31,-31.3333333333333,-78.3333333333333,-78.3333333333333,0,0,-55.3333333333333,-55.3333333333333,0,0,0,0,0,0,0,0,0,0,0,0,0,0,0,0,0,0,0,0,0,0,0,0,0,0,0,0,0,0,0,0,0,0,0,0,0,-85.9523809523809,-89.6666666666667,-89.6666666666667,0,0,0,0,0,0,0,0,0,0,0,0,0,0,0,0,0,0,0,0,0,0,0,0,0,0,0,0,0,0,0,0,0,0,0,0,0,0,0,0,0,0,0,0,0,0,0,0,0,0,0,0,0,0,0,0,0,0,0,0,0,0,0,0,0,0,0,0,0,0,0,0,0,0,0,0,0,0,0,0,0,0
21,13.37,2.84,7.09655172413793,13.1369796666667,-14.3046880277778,-32.2380225833333,-0.5429,-0.599895833333333,9.76689625,-7991.66666666667,0,0,0,0,0,-79.2222222222222,-82.9444444444444,0,0,0,0,0,0,0,0,0,0,0,0,0,0,0,0,0,0,0,0,0,0,0,0,0,0,0,0,0,0,0,0,0,0,0,0,0,0,0,-85.6666666666667,-85.6666666666667,0,0,0,0,0,0,0,0,0,0,0,0,0,0,0,0,0,0,0,0,0,0,0,0,0,0,-87.1666666666667,-87.5555555555556,0,0,0,0,0,0,-88.7777777777778,-88.7777777777778,-65.6111111111111,-78.0555555555556,0,0,0,0,0,0,0,0,0,0,0,0,0,0,0,0,0,0,0,0,0,0,0,0,-67.1666666666667,-67.1666666666667,0,0,0,0,0,0,0,0,0,0,0,0,0,0,-73.1111111111111,-15.7222222222222,-74.1666666666667,-74.8888888888889,0,0,0,0,0,0,0,0,0,0,0,0,0,0,0,0,0,0,0,0,0,0,0,0,0,0,0,0,0,0,0,0,0,0,0,0,0,0,0,0,0,0,0,0,0,0,0,0,0,0,0,0,0,0,0,0,0,0,0,0,0,0,0,0,0,0,0,0,0,0,0,0,0,0,0,0,0,0,0,0,0,0
22,13.4,2.59,7.24137931034483,10.3778230967742,-13.8858875483871,-31.6596787096774,-0.596090322580645,-0.81661935483871,9.83599890322581,-8135.48387096774,0,0,0,0,0,-94.8387096774194,-88.6451612903226,0,0,0,-10.1935483870968,0,0,0,0,0,0,0,0,0,0,0,0,0,0,0,0,0,0,0,0,0,0,0,0,0,0,0,0,0,0,0,0,0,0,0,-81.4516129032258,-81.4516129032258,0,0,0,0,0,0,0,0,0,0,0,0,0,0,0,0,0,0,0,0,0,0,0,0,0,0,-77.9032258064516,-77.9032258064516,0,0,0,0,0,0,-75.8064516129032,-75.8064516129032,-68.8064516129032,-80.0645161290323,0,0,0,0,0,0,0,0,0,0,0,0,0,0,0,0,0,0,0,0,0,0,0,0,-89.6451612903226,-90.0322580645161,0,0,0,0,0,0,0,0,0,0,0,0,0,0,-87.9354838709677,-87.5806451612903,-66.0322580645161,-66.7741935483871,0,0,0,0,0,0,0,0,0,0,0,0,0,0,0,0,0,0,0,0,0,0,0,0,0,0,0,0,0,0,0,0,0,0,0,0,0,0,0,0,0,0,0,0,0,0,0,0,0,0,0,0,0,0,0,0,0,0,0,0,0,0,0,0,0,0,0,0,0,0,0,0,0,0,0,0,0,0,0,0,0,0
23,13.4,2.34,7.38620689655172,6.61458340740741,-14.1250007037037,-31.2840293333333,-0.381938888888889,-0.736927777777778,9.77272811111111,-8507.40740740741,0,0,0,-31.7777777777778,-32.2592592592593,-93.8888888888889,-93.5925925925926,0,0,0,-73.8888888888889,0,0,0,0,0,0,0,0,0,0,0,0,0,0,-41.8888888888889,0,0,0,0,0,0,0,0,0,0,0,0,0,0,0,0,0,0,0,0,-77.6296296296296,-77.6296296296296,0,0,0,0,0,0,0,0,0,0,0,0,0,0,0,0,0,0,0,0,0,0,0,0,0,0,-85.1851851851852,-85.1851851851852,0,0,0,0,0,0,-73.1111111111111,-73.1111111111111,-78.4444444444444,-84.5555555555556,0,0,0,0,0,0,0,0,0,0,0,0,-44.7777777777778,0,0,0,0,0,0,0,0,0,0,0,-77.5185185185185,-76.6666666666667,0,0,0,0,0,0,0,0,0,0,0,0,0,0,-90.4074074074074,-90.4074074074074,-38.037037037037,-38.5185185185185,0,0,0,0,0,0,0,0,0,0,0,0,0,0,0,0,0,0,0,0,0,0,0,0,0,0,0,0,0,0,0,0,0,0,0,0,0,0,0,0,0,0,0,0,0,0,0,0,0,0,0,0,0,0,0,0,0,0,0,-13.037037037037,0,0,0,-11.8518518518519,0,0,0,0,0,0,0,0,0,0,0,0,0,0,0,0,0,0
24,13.39,2.09,7.53103448275862,9.22500035,-12.90000085,-33.1143765,-1.09635,-1.0097325,9.68827555,-9090,0,0,0,-68.1,-68.75,-90.9,-91.55,-32.9,0,0,-85.05,0,0,0,0,0,0,0,0,0,0,0,0,0,0,-78.3,0,0,0,0,0,0,0,0,0,0,0,0,0,0,0,0,0,0,0,0,-76.25,-76.25,0,0,0,0,0,0,0,0,0,0,0,0,0,0,0,0,0,0,0,0,0,0,0,0,0,0,-92.35,-82.8,0,0,0,0,0,0,0,0,-81,-86.2,0,0,0,0,0,0,0,0,0,0,0,0,-83.7,0,0,0,0,0,0,0,0,0,0,0,-89.25,-88.25,0,0,0,0,0,0,0,0,0,0,0,0,0,0,-87.6,-87.95,-79.7,-78.95,0,0,0,0,0,0,0,0,0,0,0,0,0,0,0,0,0,0,0,0,0,0,0,0,0,0,0,0,0,0,0,0,0,0,0,0,0,0,0,0,0,0,0,0,0,0,0,0,0,0,0,0,0,0,0,0,0,0,0,-88.7,0,0,0,-80.35,0,0,0,0,0,0,0,0,0,0,0,0,0,0,0,0,0,0
25,13.39,1.83,7.67586206896552,8.97924135714286,-9.87522357142857,-32.2633943214286,-0.348707142857143,-0.8670375,9.72717360714286,-9064.28571428571,0,0,0,-70.5,-65.75,-83.1428571428571,-78.4285714285714,-80.5714285714286,0,0,-81.0357142857143,0,0,0,0,0,0,0,0,0,0,0,0,0,0,-91.25,0,0,0,0,0,0,0,0,0,0,0,0,0,0,0,0,0,0,0,0,-68.25,-68.25,0,0,0,0,0,0,0,0,0,0,0,0,0,0,0,0,0,0,0,0,0,0,0,0,0,0,-79.7142857142857,-72.2857142857143,0,0,0,0,0,0,0,0,-54.6428571428571,-63.6428571428571,0,0,0,0,0,0,0,0,0,0,0,0,-83.8571428571429,-73.8928571428571,0,0,0,0,0,0,0,0,0,0,-77.8571428571429,-77.75,0,0,0,0,0,0,0,0,0,0,0,0,0,0,-75.9642857142857,-76.5714285714286,-67.1785714285714,-66,0,0,0,0,0,0,0,0,0,0,0,0,0,0,0,0,0,0,0,0,0,0,0,0,0,0,0,0,0,0,0,0,0,0,0,0,0,0,0,0,0,0,0,0,0,0,0,0,0,0,0,0,0,0,0,0,0,0,0,-70.7142857142857,0,0,0,-67.9285714285714,-67.5,0,0,0,0,0,0,0,0,0,0,0,0,0,0,0,0,0
26,13.4,1.59,7.82068965517241,5.00937505555556,-6.41875,-31.7666679444444,-0.679833333333333,-1.028825,9.76650066666667,-9200,0,0,0,-67.3333333333333,-57.7777777777778,-82.5555555555556,-72,-92.4444444444444,0,0,-72.8888888888889,0,0,0,0,0,0,0,0,0,0,0,0,0,0,-86.2222222222222,0,0,0,0,0,0,0,0,0,0,0,0,0,0,0,0,0,0,0,0,-63.6666666666667,-63.6666666666667,0,0,0,0,0,0,0,0,0,0,0,0,0,0,0,0,0,0,0,0,0,0,0,0,0,0,-82.6666666666667,-20.4444444444444,0,0,0,0,0,0,0,0,0,-72,0,0,0,0,0,0,0,0,0,0,0,0,-78,-78,0,0,0,0,0,0,0,0,0,0,-75.6666666666667,-75.6666666666667,0,0,0,0,0,0,0,0,0,0,0,0,0,0,-75.2222222222222,-75.2222222222222,-69.3333333333333,-68.4444444444444,0,0,0,0,0,0,0,0,0,0,0,0,0,0,0,0,0,0,0,0,0,0,0,0,0,0,0,0,0,0,0,0,0,0,0,0,0,0,0,0,0,0,0,0,0,0,0,0,0,0,0,0,0,0,0,0,0,0,0,-80,0,0,0,-79.7777777777778,-80,0,0,0,0,0,0,0,0,0,0,0,0,0,0,0,0,0
27,13.42,1.35,7.96551724137931,-1.47125,-8.37437533333333,-34.6068765,-0.52136,-0.93841,9.7461356,-9536.66666666667,0,0,0,-65.4666666666667,-52,-77.8,-59.4,-83.7,0,0,-72.0666666666667,0,0,0,0,0,0,0,0,0,0,0,0,-39.6666666666667,0,-87.9333333333333,0,0,0,0,0,0,0,0,0,0,0,0,0,0,0,0,0,0,0,0,-62,-62,-37.7333333333333,-32.6666666666667,0,0,0,0,0,0,0,0,-32.6666666666667,-32.7333333333333,0,0,0,0,0,0,0,0,0,0,0,0,0,0,-34.1,0,0,0,0,0,0,0,0,0,0,-5.4,0,0,0,0,0,0,0,0,0,0,0,0,-78.4666666666667,-76.6666666666667,0,0,0,0,0,0,0,0,0,0,-73.2666666666667,-73.2666666666667,0,0,0,0,0,0,0,0,0,0,0,0,0,0,-74.8,-74.8,-66.4,-28.2333333333333,0,0,0,0,0,0,0,0,0,0,0,0,0,0,0,0,0,0,0,0,0,0,0,0,0,0,0,0,0,0,0,0,0,0,0,0,-43.8666666666667,0,0,0,0,0,0,0,0,0,0,0,0,0,0,0,0,0,0,0,0,0,0,-6,0,0,0,-79.4,-33,0,0,0,0,0,0,0,0,0,0,0,0,0,0,0,0,0
28,13.42,1.11,8.11034482758621,-1.64862804878049,-14.5925310731707,-39.2131111707317,-0.537589024390244,-0.891124390243902,9.78824675609756,-9919.51219512195,0,0,0,-60.4146341463415,-61,-78.0731707317073,-45.6585365853659,-84.5121951219512,0,0,-74.6341463414634,0,0,0,0,0,0,0,0,0,0,0,0,-70.4878048780488,0,-74.2682926829268,0,0,0,0,0,0,0,0,0,0,0,0,0,0,0,0,0,0,0,0,-62.6829268292683,-63.0243902439024,-64.8780487804878,-58.0487804878049,0,0,0,0,-59.4146341463415,-59.0731707317073,0,0,-60.2682926829268,-60.5853658536585,0,0,0,0,0,0,0,0,0,0,0,0,0,0,0,0,0,0,0,0,0,0,0,0,0,0,0,0,0,0,0,0,0,0,0,0,0,0,-84.1463414634146,-73.7073170731707,0,0,0,0,0,0,0,0,0,0,-68.2926829268293,-68.2926829268293,0,0,0,0,0,0,0,0,0,0,0,0,0,0,-74.7317073170732,-74.7317073170732,-67.1707317073171,0,0,0,0,0,0,0,0,0,0,0,0,0,0,0,0,0,0,0,0,0,0,0,0,0,0,0,0,0,0,0,0,0,0,0,0,0,-77.9512195121951,0,0,0,0,0,0,0,0,0,0,0,0,0,0,0,0,0,0,0,0,0,0,0,0,0,0,-72.8780487804878,0,0,0,0,0,0,0,0,0,0,0,0,0,0,0,0,0,0
29,13.46,0.850000000000001,8.2551724137931,3.35408653846154,-16.5483183461538,-43.8360591538462,-0.988748076923077,-1.24253653846154,9.56503903846154,-10196.1538461538,0,0,0,-57.5384615384615,-53.0769230769231,-79.8076923076923,-71.5769230769231,-72.3076923076923,0,0,-3.46153846153846,0,0,0,0,0,0,0,0,0,0,0,0,-3.26923076923077,0,-43.5,0,0,-87.2692307692308,0,0,0,0,0,0,0,0,0,0,0,0,0,0,0,0,0,-63.7307692307692,-62.8076923076923,-59.4615384615385,-2.69230769230769,0,0,0,0,-89.8846153846154,-90.9230769230769,0,0,-58.3846153846154,-58.3846153846154,-55.7307692307692,-55.7307692307692,0,0,0,0,0,0,0,0,0,0,0,0,0,0,0,0,0,0,0,0,0,0,0,0,0,0,0,0,0,0,0,0,0,0,0,0,-72.6538461538462,-73.2307692307692,0,0,0,0,0,0,0,0,0,0,-68.6538461538462,-68.6538461538462,-35.1153846153846,-34.6923076923077,0,0,0,0,0,0,0,0,0,0,0,0,-77.8076923076923,-77.8076923076923,-3.11538461538462,0,0,0,0,0,0,0,0,0,0,0,0,0,0,0,0,0,0,0,0,0,0,0,0,0,0,0,0,0,0,0,0,0,0,0,0,0,-3.61538461538462,0,0,0,0,0,0,0,0,0,0,0,0,0,0,0,0,0,0,0,0,0,0,0,0,0,0,-70.1538461538462,-82.1538461538462,0,0,-70.2692307692308,0,0,0,0,-75.9230769230769,0,0,0,0,0,0,0,0,0
30,13.48,0.54,8.4,7.76052642105263,-18.1282904210526,-45.7549357368421,-0.0709342105263158,-1.07743421052632,9.73241089473684,-10342.1052631579,0,0,0,-60.8421052631579,-14.5263157894737,-75.4210526315789,-74.6315789473684,-19.7894736842105,0,0,0,0,0,0,0,0,0,0,0,0,0,0,0,0,0,0,0,0,-92.2105263157895,0,0,0,0,0,0,0,0,0,0,0,0,0,0,0,0,0,-65.2105263157895,-64.2105263157895,-62.6315789473684,0,0,0,0,0,-92.3684210526316,-92.3684210526316,0,0,-58.9473684210526,-58.9473684210526,-61.7368421052632,-61.7368421052632,0,0,0,0,0,0,0,0,0,0,0,0,0,0,0,0,0,0,0,0,0,0,0,0,0,0,0,0,0,0,0,0,0,0,0,0,-82.3157894736842,-82.3157894736842,0,0,0,0,0,0,0,0,0,0,-65.4210526315789,-65.4210526315789,-74.2631578947368,-73.3684210526316,0,0,0,0,0,0,0,0,0,0,0,0,-78.2105263157895,-77.4210526315789,0,0,0,0,0,0,0,0,0,0,0,0,0,0,0,0,0,0,0,0,0,0,0,0,0,0,0,0,0,0,0,0,0,0,0,0,0,0,0,0,0,0,0,0,0,0,0,0,0,0,0,0,0,0,0,0,0,0,0,0,0,0,0,0,0,-75.3157894736842,-76.9473684210526,0,0,-77.8421052631579,0,0,0,0,-84.1052631578947,0,0,0,0,0,0,0,0,0
31,12.33,-0.45,8.4,-19.81593845,3.436875,-40.0218768,-0.071535,-0.87336,9.6810454,-9750,0,0,0,0,-65.7,-86.2,-86.2,-84.6,0,0,-85,0,0,0,0,0,0,0,0,0,0,0,0,0,0,0,0,0,-80.1,0,0,0,0,0,0,0,0,0,0,0,0,0,0,0,0,0,-69.6,-69.6,0,-64.8,0,0,0,0,0,0,0,0,-63.2,-63.8,-65.7,-65.7,0,0,0,0,0,0,0,0,0,0,0,0,0,0,0,0,0,0,0,0,0,0,0,0,0,0,0,0,0,0,0,0,0,0,0,0,-75.6,-75.6,0,0,0,0,0,0,0,0,0,0,-72.4,-73.2,0,0,0,0,0,0,0,0,0,0,0,0,0,0,-81.6,-81.6,0,0,0,0,0,0,0,0,0,0,0,0,0,0,0,0,0,0,0,0,0,0,0,0,0,0,0,0,0,0,0,0,0,0,0,0,0,0,0,0,0,0,0,0,0,0,0,0,0,0,0,0,0,0,0,0,0,0,0,0,0,-88.8,0,-81.9,0,-73.4,0,0,-85.5,-18.6,0,0,0,0,0,0,0,0,0,0,0,0,0,0
32,12.33,-0.16,8.232,-4.38385416666667,12.8244796388889,-37.4885430555556,0.245470833333333,-0.332033333333333,9.70747538888889,-9655.55555555555,0,0,0,-68.2222222222222,-48.6666666666667,-88.5,-71.6666666666667,-62.6666666666667,0,0,-80.9444444444444,0,0,0,0,0,0,0,0,0,0,0,0,0,0,0,0,0,-76.6666666666667,0,0,0,0,0,0,0,0,0,0,0,0,0,0,0,0,0,-70.9444444444444,-71.3333333333333,-27.3333333333333,-71.3333333333333,0,0,0,0,0,0,0,0,-66,-65.8333333333333,-68.5555555555556,-63.2222222222222,0,0,0,0,0,0,0,0,0,0,0,0,0,0,0,0,0,0,0,0,0,0,0,0,0,0,0,0,0,0,0,0,0,0,0,0,0,0,0,0,0,0,0,0,0,0,0,0,-77.7222222222222,-77.7222222222222,-75,-74.1666666666667,0,0,0,0,0,0,0,0,0,0,0,0,-79.2222222222222,-79.2222222222222,-25.3333333333333,-25.3333333333333,0,0,0,0,0,0,0,0,0,0,0,0,0,0,0,0,0,0,0,0,0,0,0,0,0,0,0,0,0,0,0,0,0,0,0,0,0,0,0,0,0,0,0,0,0,0,0,0,0,0,0,0,0,0,0,0,0,0,0,-74.1666666666667,0,-60.6666666666667,0,-67.8888888888889,-81.7222222222222,0,-63.3333333333333,0,0,0,0,0,0,0,0,0,0,0,0,0,0,0
33,12.2966666666667,0.15,8.064,5.62604166666667,11.8593754444444,-38.840626,-0.593625,-0.702841666666667,9.79240044444444,-9538.88888888889,0,0,0,-59.5555555555556,0,-88.3333333333333,-29.2222222222222,0,0,0,-77.3333333333333,0,0,0,0,0,0,0,0,0,0,0,0,0,0,-9.66666666666667,0,0,-81.7777777777778,0,0,0,0,0,0,0,0,0,0,0,0,0,0,0,0,0,-72,-64,-72.7777777777778,-72.8888888888889,0,0,0,0,0,0,0,0,-73.2222222222222,-64.8888888888889,-59.2222222222222,-59.1111111111111,0,0,0,0,0,0,0,0,0,0,0,0,0,0,0,0,0,0,0,0,0,0,0,0,0,0,0,0,0,0,0,0,0,0,0,0,0,0,0,0,0,0,0,0,0,0,0,0,-81.7777777777778,-81.8888888888889,-80,-79.1111111111111,0,0,0,0,0,0,0,0,0,0,0,0,-80.8888888888889,-80.8888888888889,-67.5555555555556,-67.5555555555556,0,0,0,0,0,0,0,0,0,0,0,0,0,0,0,0,0,0,0,0,0,0,0,0,0,0,0,0,0,0,0,0,0,0,0,0,0,0,0,0,0,0,0,0,0,0,0,0,0,0,0,0,0,0,0,0,0,0,0,-19.7777777777778,0,0,0,-77.8888888888889,-80.8888888888889,0,0,0,0,0,0,0,0,0,0,0,0,0,0,0,0,0
34,12.28,0.41,7.896,7.79270838888889,12.0093756666667,-48.0479185555556,-0.6126,-0.354791666666667,9.71644211111111,-9300,0,0,0,-69.8888888888889,-25.3333333333333,-91.3333333333333,-81.2222222222222,0,0,0,-72.5,0,0,0,0,0,0,0,0,0,0,0,0,0,0,-72.5,0,0,0,0,0,0,0,0,0,0,0,0,0,0,0,0,0,0,0,0,-80.3333333333333,-79,-67.5,-68.3333333333333,0,0,0,0,0,0,0,0,-72.6666666666667,-72.6666666666667,-65,-64.1666666666667,0,0,0,0,0,0,0,0,0,0,0,0,0,0,0,0,0,0,0,0,0,0,0,0,0,0,0,0,0,0,0,0,0,0,0,0,0,0,0,0,0,0,0,0,0,0,0,0,-86,-86,0,0,0,0,0,0,0,0,0,0,0,0,0,0,-75.8333333333333,-75.8333333333333,-63.3333333333333,-63.3333333333333,0,0,0,0,0,0,0,0,0,0,0,0,0,0,0,0,0,0,0,0,0,0,0,0,0,0,0,0,0,0,0,0,0,0,0,0,0,0,0,0,0,0,0,0,0,0,0,0,0,0,0,0,0,0,0,0,0,0,0,0,0,0,0,-79.3333333333333,-50.5555555555556,0,0,0,0,0,0,0,0,0,0,0,0,0,0,0,0,0
35,12.26,0.66,7.728,0.924375,12.82406315,-56.0006275,-0.1979025,-0.764805,9.5814528,-8775,0,0,0,-71,-68.4,-93.5,-82.8,0,0,0,-43.5,0,0,0,0,0,0,0,0,0,0,0,0,0,0,-78.3,0,0,0,0,0,0,0,0,0,0,0,0,0,0,0,0,0,0,0,0,-78,-78.5,-72.9,-41,0,0,0,0,0,0,0,0,-74.5,-75,-70.2,-69.3,0,0,0,0,0,0,0,0,0,0,0,0,0,0,0,0,0,0,0,0,0,0,0,0,0,0,0,0,0,0,0,0,0,0,0,0,0,0,0,0,0,0,0,0,0,0,0,0,-75.6,-75.6,0,0,0,0,0,0,0,0,0,0,0,0,0,0,-45.5,-45.5,-38,-38,0,0,0,0,0,0,0,0,0,0,0,0,0,0,0,0,0,0,0,0,0,0,0,0,0,0,0,0,0,0,0,0,0,0,0,0,0,0,0,0,0,0,0,0,0,0,0,0,0,0,0,0,0,0,0,0,0,0,0,0,0,0,0,-84,0,0,0,0,0,0,0,0,0,0,0,0,0,0,0,0,0,0
36,12.28,0.940000000000001,7.56,-2.16988636363636,16.0795461818182,-52.0267073030303,-0.386731818181818,-1.08137727272727,9.72716881818182,-8718.18181818182,0,0,0,-74.1212121212121,-57.5757575757576,-71.969696969697,-69.6969696969697,0,0,0,-80.1818181818182,0,0,0,0,0,0,0,0,0,0,0,0,0,0,-34.2727272727273,0,0,0,0,0,0,0,0,0,0,0,0,0,0,0,0,0,0,0,0,-87.7878787878788,-88.3636363636364,-74.0909090909091,-42.1818181818182,0,0,0,0,0,0,0,0,-79.4848484848485,-77.7575757575758,-64.6666666666667,-64.2727272727273,0,0,0,0,0,0,0,0,0,0,0,0,0,0,0,0,0,0,0,0,0,0,0,0,0,0,0,0,0,0,0,0,0,0,0,0,0,0,0,0,0,0,0,0,0,0,0,0,-63.6363636363636,-63.6363636363636,0,0,0,0,0,0,0,0,0,0,0,0,0,0,0,0,0,0,0,0,0,0,0,0,0,0,0,0,0,0,0,0,0,0,0,0,0,0,0,0,0,0,0,0,0,0,0,0,0,0,0,0,0,0,0,0,0,0,0,0,0,0,0,0,0,0,0,0,0,0,0,0,0,0,0,0,0,-5.51515151515152,0,-5.51515151515152,0,-63.6363636363636,0,0,0,0,0,0,0,0,0,0,0,0,0,0,0,0,0,0
37,12.28,1.17,7.392,-3.1365,18.7717508,-47.34150164,-0.497328,-1.14897,9.72008456,-8404,0,0,0,-73,0,-49.4,0,0,0,0,-84.8,0,0,0,0,0,0,0,0,0,0,0,0,-76.44,0,0,0,0,0,0,0,0,0,0,0,0,0,0,0,0,0,0,0,0,0,0,-90.68,-91.12,-75.6,-73.08,0,0,0,0,0,0,0,0,-81.04,-80.48,-58.8,-57.96,0,0,0,0,0,0,0,0,0,0,0,0,0,-78.96,0,0,0,0,0,0,0,0,0,0,0,0,0,0,0,0,0,0,0,0,0,0,0,0,0,0,0,0,0,0,0,0,0,0,0,0,0,0,0,0,0,0,0,0,0,0,0,0,0,0,0,0,0,0,0,0,0,0,0,0,0,0,0,0,0,0,0,0,0,0,0,0,0,0,0,0,0,0,0,0,0,0,0,0,0,0,0,0,0,0,0,0,0,0,0,0,0,0,0,0,0,0,0,0,0,0,0,0,0,0,0,0,0,-76.44,0,-76.44,0,-43.68,0,0,0,0,0,0,0,0,0,0,0,0,0,0,0,0,0,0
38,12.29,1.46,7.224,-8.400468975,23.85093855,-49.81547105,-0.06195,-0.94567875,9.697800425,-8495,0,0,0,-69.45,-74.75,0,0,0,0,0,-79.55,0,0,0,0,0,0,0,0,0,0,0,0,-52.325,0,-80.75,0,0,0,0,0,0,0,0,0,0,0,0,0,0,0,0,0,0,0,0,-87,-87,-51.75,-23.925,0,0,0,0,0,0,0,0,-89.35,-89.35,-40.25,-64.875,0,0,0,0,0,0,0,0,0,0,0,0,0,-54.05,0,0,0,0,0,0,0,0,0,0,0,0,0,0,0,0,0,0,0,0,0,0,0,0,0,0,0,0,0,0,0,0,0,0,0,0,0,0,0,0,0,0,0,0,0,0,0,0,0,0,0,0,0,0,0,0,0,0,0,0,0,0,0,0,0,0,0,0,0,0,0,0,0,0,0,0,0,0,0,0,0,0,0,0,0,0,0,0,0,0,0,0,0,0,0,0,0,0,0,0,0,0,0,0,0,0,0,0,0,0,0,0,0,-52.325,0,-52.325,0,0,0,0,0,0,0,0,0,0,0,0,0,0,0,0,0,0,0,0
39,12.28,1.73,7.056,-15.6546881875,16.1519538541667,-48.2218772916667,-0.10540625,-1.107596875,9.67448179166667,-8435.41666666667,0,0,0,-76.4583333333333,-71.5,0,0,0,0,0,-72.5,0,0,0,0,0,0,0,0,0,0,0,0,0,0,-27.7083333333333,0,0,0,0,0,0,0,0,0,0,0,0,0,0,0,0,0,0,0,0,-90.3333333333333,-94,0,0,0,0,0,0,0,0,0,0,-88.375,-88.375,0,-80.7916666666667,0,0,0,0,0,0,0,0,0,0,0,0,0,0,0,0,0,0,0,0,0,0,0,0,0,0,0,0,0,0,0,0,0,0,0,0,0,0,0,0,0,0,0,0,0,0,0,0,0,0,0,0,0,0,0,0,0,0,0,0,0,0,0,0,0,0,0,0,0,0,0,0,0,0,0,0,0,0,0,0,0,0,0,0,0,0,0,0,0,0,0,0,0,0,0,0,0,0,0,0,0,0,0,0,0,0,0,0,0,0,0,0,0,0,0,0,0,0,0,0,0,0,0,0,0,0,0,0,0,0,0,-71.25,0,0,0,0,0,0,0,0,0,0,0,0,0,0,0,0,0,0
40,12.27,1.98,6.888,-7.59158673076923,12.8733179230769,-38.7663476538462,-0.250142307692308,-1.26722307692308,9.68116196153846,-8265.38461538462,0,0,0,-73.4230769230769,-48,0,0,0,0,0,-48.6153846153846,0,0,-31.1538461538462,0,0,0,0,-29.4230769230769,0,0,0,0,0,0,-87.6923076923077,0,0,0,0,0,0,0,0,0,0,0,0,0,0,0,0,0,0,0,0,-85.8461538461538,-86.7692307692308,0,0,0,0,0,0,0,0,0,0,-87.3461538461538,-86.6923076923077,0,-79.2692307692308,0,0,0,0,0,0,0,0,0,0,0,0,0,0,0,0,0,0,0,0,0,0,0,0,0,0,0,0,0,0,0,0,0,0,0,0,0,0,0,0,0,0,0,0,0,0,0,0,0,0,0,0,0,0,0,0,0,0,0,0,0,0,0,0,0,0,0,0,0,0,0,0,0,0,0,0,0,0,0,0,0,0,0,0,0,0,0,0,0,0,0,0,0,0,0,0,0,0,0,0,0,0,0,0,0,0,0,0,0,0,0,0,0,0,0,0,0,0,0,0,0,0,0,0,0,0,0,0,0,0,0,-41.5384615384615,0,0,0,0,0,0,0,0,0,0,0,0,0,0,0,0,0,0
41,12.27,2.25,6.72,0.132102272727273,17.8201714090909,-30.7670465,-0.428502272727273,-1.32751363636364,9.610412,-8050,0,0,0,-3.77272727272727,0,0,0,0,0,0,0,0,0,-73.6363636363636,0,0,0,0,-77.8181818181818,0,0,0,0,0,0,-77.7272727272727,0,0,0,0,0,0,0,0,0,0,0,0,0,0,0,0,0,0,0,0,-76.0909090909091,-76.9090909090909,0,0,0,0,0,0,0,0,0,0,-72,-72,-70.8181818181818,-80.3636363636364,0,0,0,0,0,0,0,0,0,0,0,0,0,0,0,0,0,0,0,0,0,0,0,0,0,0,0,0,0,0,0,0,0,0,0,0,0,0,0,0,0,0,0,0,0,0,0,0,0,0,0,0,0,0,0,0,0,0,0,0,0,0,0,0,0,0,0,0,0,0,0,0,0,0,0,0,0,0,0,0,0,0,0,0,0,0,0,0,0,0,0,0,0,0,0,0,0,0,0,0,0,0,0,0,0,0,0,0,0,0,0,0,0,0,0,0,0,0,0,0,0,0,0,0,0,0,0,0,0,0,0,0,0,0,0,0,0,0,0,0,0,0,0,0,0,0,0,0,0,0
42,12.29,2.51,6.552,0.62445652173913,22.7404895217391,-31.5652190434783,0.399228260869565,-0.750515217391304,9.68296334782609,-7830.4347826087,0,0,0,0,0,0,0,0,0,0,0,0,0,-88.695652173913,0,0,0,0,-77.3913043478261,0,0,0,0,0,0,-33.0434782608696,0,0,0,0,0,0,0,0,0,0,0,0,0,0,0,0,0,0,0,0,-32.3478260869565,-32.695652173913,0,0,0,0,0,0,0,0,0,0,-90.6521739130435,-90.6086956521739,-71.304347826087,-78.8260869565217,0,0,0,0,0,0,0,0,0,0,0,0,0,0,0,0,0,0,0,0,0,0,0,0,0,0,0,-55.3913043478261,0,0,0,0,0,0,0,0,0,0,0,0,0,0,0,0,0,0,0,0,0,0,0,0,0,0,0,0,0,0,0,0,0,0,0,0,0,0,0,0,0,0,0,0,0,0,0,0,0,0,0,0,0,0,0,0,0,0,0,0,0,0,0,0,0,0,0,0,0,0,0,0,0,0,0,0,0,0,0,0,0,0,0,0,0,0,0,0,0,0,0,0,0,0,0,0,0,0,0,0,0,0,0,0,0,0,0,0,0,0,0,0,0,0,0,0,0,0,0,0,0,0
43,12.3,2.76,6.384,-0.173214285714286,24.1089296190476,-33.5330372857143,0.672228571428572,-0.915721428571428,9.620322,-7685.71428571429,0,0,0,0,0,0,0,0,0,0,0,0,0,-88.3333333333333,0,0,0,0,-79.1904761904762,0,0,0,0,0,0,0,0,0,0,0,0,0,0,0,0,0,0,0,0,0,0,0,0,0,0,0,0,0,0,0,0,0,0,0,0,0,0,0,-93.6666666666667,-93,-46.8571428571429,-82,0,0,0,0,0,0,0,0,0,0,0,0,0,0,0,0,0,0,0,0,0,0,0,0,0,0,0,-73.6666666666667,0,0,0,0,0,0,0,0,0,0,0,0,0,0,0,0,0,0,0,0,0,0,0,0,0,0,0,0,0,0,0,0,0,0,0,0,0,0,0,0,0,0,0,0,0,0,0,0,0,0,0,0,0,0,0,0,0,0,0,0,0,0,0,0,0,0,0,0,0,0,0,0,0,0,0,0,0,0,0,0,0,0,0,0,0,0,0,0,0,0,0,0,0,0,0,0,0,0,0,0,0,0,0,0,0,0,0,0,0,0,0,0,0,0,0,0,0,0,0,0,0,0
44,11.69,2.84,6.216,15.550001037037,6.80625011111111,-41.1138905925926,0.743816666666667,-1.34384444444444,9.752206,-7751.85185185185,0,0,0,0,0,0,0,0,0,0,0,0,0,-76.8518518518518,0,0,0,0,-71.3703703703704,0,0,0,0,0,0,0,0,0,0,0,0,0,0,0,0,0,0,0,0,0,0,0,0,0,0,0,0,0,0,0,0,0,0,0,0,0,0,0,-89.6666666666667,-89.6666666666667,-52.7407407407407,-85.5555555555556,0,0,0,0,0,0,0,0,0,0,0,0,0,0,-53.3333333333333,-52.7407407407407,0,0,0,0,0,0,0,0,0,0,-49.1851851851852,-80.1111111111111,0,0,0,0,0,0,0,0,0,0,0,0,0,0,0,0,0,0,0,0,0,0,0,0,0,0,0,0,0,0,0,0,0,0,0,0,0,0,0,0,0,0,0,0,0,0,0,0,0,0,0,0,0,0,0,0,0,0,0,0,0,0,0,0,0,0,0,0,0,0,0,0,0,0,0,0,0,0,0,0,0,0,0,0,0,0,0,0,0,0,0,0,0,0,0,0,0,0,0,0,0,0,0,0,0,0,0,0,0,0,0,0,0,0,0,0,0,0,0,0,0,0
45,11.62,2.56,6.048,-4.5590625,-16.84406315,-44.9334392,-0.14109,-1.0203975,9.74019055,-7555,0,0,0,0,0,0,0,0,0,0,0,0,0,-81.9,0,0,0,0,-83,0,0,0,0,0,0,0,0,0,0,0,0,0,0,0,0,0,0,0,0,0,0,0,0,0,0,0,-48.4,0,0,0,0,0,0,0,0,0,0,0,-84.25,-84.25,-80.1,-87.9,0,0,0,0,0,0,0,0,0,0,0,0,0,0,-81,-89.55,0,0,0,0,-45.65,-45.65,0,0,0,0,-74.7,-75.6,0,0,0,0,0,0,0,0,0,0,0,0,0,0,0,0,0,0,0,0,0,0,0,0,0,0,0,0,0,0,0,0,-50.6,-51.15,0,0,0,0,0,0,0,0,0,0,0,0,0,0,0,0,0,0,0,0,0,0,0,0,0,0,0,0,0,0,0,0,0,0,0,0,0,0,0,0,0,0,0,0,0,0,0,0,0,0,0,0,0,0,-51.15,0,0,0,0,0,0,0,0,0,-45.65,0,0,0,0,0,0,0,0,0,0,0,0,0,0,0,0,0,0,0,0,0,0,0
46,11.63,2.3,5.88,0.392678571428571,-22.3901791714286,-46.4983948285714,-0.322731428571429,-0.505234285714286,9.78795894285714,-7728.57142857143,0,0,0,0,0,0,0,0,0,0,0,-77.8857142857143,-77.8857142857143,-31.2,0,0,0,0,-75.4,0,0,0,0,-49.9428571428571,0,0,0,0,0,0,0,0,0,0,0,0,0,0,0,0,0,0,0,0,0,0,-89.6571428571429,-89.6571428571429,0,0,0,0,0,0,0,0,0,0,-83.8571428571429,-83.8571428571429,-76.6571428571429,-85.5142857142857,0,0,0,0,0,0,0,0,0,0,0,0,-76.1428571428571,-76.1428571428571,-36,-69.4285714285714,0,0,0,0,-76.7714285714286,-76.7714285714286,0,0,0,0,-33.2,-33.6,0,0,0,0,0,0,0,0,0,0,0,0,0,0,0,0,0,0,0,0,0,0,0,0,0,0,0,0,0,0,0,0,-70.9714285714286,-77.8857142857143,0,0,0,0,0,0,0,0,0,0,0,0,0,0,0,0,0,0,0,0,0,0,0,0,0,0,0,0,0,0,0,0,0,0,0,0,0,0,0,0,0,0,0,0,0,0,0,0,0,0,0,0,0,0,-93.7428571428571,0,0,0,0,0,0,0,0,0,-87.5428571428571,0,0,0,0,0,0,0,0,0,0,0,0,0,0,0,0,0,0,0,0,0,0,0
47,11.64,2.03,5.712,1.67544642857143,-22.3185275714286,-54.8049133571429,-0.334960714285714,-0.226575,9.74528610714286,-7621.42857142857,0,0,0,0,0,0,0,0,0,0,0,-80.4285714285714,-78.2857142857143,0,0,0,0,0,-65,0,0,0,0,-72.2857142857143,0,0,0,0,0,0,0,0,0,0,0,0,0,0,0,0,0,0,0,0,0,0,-90.4285714285714,-90.4285714285714,0,0,0,0,0,0,0,0,0,0,-84.5714285714286,-85.1428571428571,-66.7857142857143,-81.5714285714286,0,0,0,0,0,0,0,0,0,0,0,0,-73,-73,-12.4285714285714,-32.1428571428571,0,0,0,0,-80.8571428571429,-80.8571428571429,0,0,0,0,0,0,0,0,0,0,0,0,0,0,0,0,0,0,0,0,0,0,0,0,0,0,-13.1428571428571,-13.2857142857143,0,0,0,0,0,0,0,0,0,0,-32.8571428571429,-89.8571428571429,0,0,0,0,0,0,0,0,0,0,0,0,0,0,0,0,0,0,0,0,0,0,0,0,0,0,0,0,0,0,0,0,0,0,0,0,0,0,0,0,0,0,0,0,0,0,0,0,0,0,0,0,0,0,-88.5714285714286,0,0,0,0,0,0,0,0,0,-85.2857142857143,0,0,0,0,0,0,0,0,0,0,0,0,0,0,0,0,0,0,0,0,0,0,0
48,11.65,1.75,5.544,-7.21757821875,-18.09375065625,-62.51191653125,-0.198628125,-0.7222265625,9.73444275,-7487.5,0,0,0,0,0,0,0,0,0,0,0,-80.375,-77.0625,0,0,0,0,0,0,0,0,0,0,-25.875,0,0,0,0,0,0,0,0,0,0,0,0,0,0,0,0,0,0,0,0,0,0,-81.625,-81.375,0,0,0,0,0,0,0,0,0,0,-87.46875,-87.46875,-23.90625,-79.21875,0,0,0,0,0,0,0,0,0,0,0,0,-64.125,-64.125,-70.6875,0,0,0,0,0,-80.71875,-81.1875,0,0,0,0,0,0,0,0,0,0,0,0,0,0,0,0,0,0,0,0,0,0,0,0,0,0,-74.75,-75.5625,0,0,0,0,0,0,0,0,0,0,-62.96875,-87.53125,0,0,0,0,0,0,0,0,0,0,0,0,0,0,0,0,0,0,0,0,0,0,0,0,0,0,0,0,0,0,0,0,0,0,0,0,0,0,0,0,0,0,0,0,0,0,0,0,0,0,0,0,0,0,-86.5,0,0,0,0,0,0,0,0,0,-73.875,0,0,0,0,0,0,0,0,0,0,0,0,0,0,0,0,0,0,0,0,0,0,0
49,11.66,1.48,5.376,-12.9480774871795,-18.5701932051282,-60.3783676153846,-0.0551423076923077,-0.734719230769231,9.74311597435897,-7392.30769230769,0,0,0,0,0,0,0,0,0,-27.6923076923077,-23.0769230769231,-66.1794871794872,-66.5128205128205,0,0,0,0,0,-66.0512820512821,0,0,0,0,0,0,0,0,0,0,0,0,0,0,0,0,0,0,0,0,0,-74.6666666666667,0,0,0,0,0,-78.8205128205128,-83.9230769230769,0,0,0,0,0,0,0,0,0,0,-79.3333333333333,-79.3333333333333,0,-63.9487179487179,0,0,0,0,0,0,0,0,-38.974358974359,-39.2820512820513,0,0,-69.1794871794872,-69.0769230769231,-42.3846153846154,0,0,0,0,0,-77.7692307692308,-77.7692307692308,-23.6923076923077,-23.6923076923077,0,0,0,0,0,0,0,0,0,0,0,0,0,0,0,0,0,0,0,0,0,0,0,0,-44.8205128205128,-45.3076923076923,0,0,0,0,0,0,0,0,0,0,-77.3589743589744,-77.3589743589744,0,0,0,0,0,0,0,0,0,0,0,0,0,0,0,0,0,0,0,0,0,0,0,0,0,0,0,0,0,-28,-27.3846153846154,0,0,0,0,0,0,0,0,0,0,0,0,0,-34.8717948717949,0,0,0,0,0,0,0,0,0,-91.025641025641,0,0,0,0,0,0,0,0,0,-79.9230769230769,-28.3076923076923,0,-6.97435897435897,0,0,0,0,0,0,0,0,0,0,0,0,0,0,0,0,0,0,0,0
50,11.65,1.2,5.208,-17.8450664473684,-15.4139809473684,-58.6712194210526,0.000678947368421052,-0.915047368421053,9.72946252631579,-7231.57894736842,0,0,0,-57.2368421052632,0,0,0,0,0,-84.3157894736842,-73.0263157894737,-25.7631578947368,-74.2631578947368,0,0,0,0,0,-65.3684210526316,0,0,0,0,0,0,0,0,0,0,0,0,0,0,0,0,0,0,0,0,0,-81.4210526315789,0,0,0,0,0,-66.0789473684211,-89.4210526315789,0,0,0,0,0,0,0,0,0,0,-76.0526315789474,-76.0526315789474,0,0,0,0,0,0,0,0,0,0,-90,-90,0,0,-64.9736842105263,-64.9210526315789,0,0,0,0,0,0,-75.4736842105263,-75.4736842105263,-68.8947368421053,-68.8947368421053,0,0,0,0,0,0,0,0,0,0,0,0,0,0,0,0,0,0,0,0,0,0,0,0,0,0,0,0,0,0,0,0,0,0,0,0,-85.1842105263158,-85.1842105263158,0,0,0,0,0,0,0,0,0,0,0,0,0,0,0,0,0,0,0,0,0,0,0,0,0,0,0,0,0,-81.4210526315789,-79.6315789473684,0,0,0,0,0,0,0,0,0,0,0,0,0,-83.5789473684211,0,0,0,0,0,0,0,0,0,-87.2631578947368,0,0,0,0,0,0,0,0,0,-77.3947368421053,-68.5263157894737,0,-60.8421052631579,0,0,0,0,0,0,0,0,0,0,0,0,0,0,0,0,0,0,0,0
51,11.64,0.960000000000001,5.04,-24.5850972051282,-14.3024043333333,-60.4923101538461,0.0543615384615385,-0.878203846153846,9.71427348717949,-7074.35897435897,0,0,0,-62.4615384615385,-65.1794871794872,0,0,0,0,-83.4615384615385,-73.5128205128205,-67.5641025641026,-74.4871794871795,0,0,0,0,0,0,0,0,0,0,0,0,0,0,0,0,0,0,0,0,0,0,0,0,0,0,0,-82.6153846153846,0,0,0,0,0,0,-87.6923076923077,0,0,0,0,0,0,0,0,0,0,-83.1794871794872,-83.1794871794872,0,0,0,0,0,0,0,0,0,0,-92.5641025641026,-87.6923076923077,0,0,-67.0512820512821,-66.1282051282051,0,0,0,0,0,0,-71.5897435897436,-70.9487179487179,-7.8974358974359,-7.8974358974359,0,0,0,0,0,0,0,0,0,0,0,0,0,0,0,0,0,0,0,0,0,0,0,0,0,0,0,0,0,0,0,0,0,0,0,0,-84.8717948717949,-84.8717948717949,0,0,0,0,0,0,0,0,0,0,0,0,0,0,0,0,0,0,0,0,0,0,0,0,0,0,0,0,0,-9.33333333333333,-83.0512820512821,0,0,0,0,0,0,0,0,0,0,0,0,0,-86.1794871794872,0,0,0,0,0,0,0,0,0,-84.2820512820513,0,0,0,0,0,0,0,0,0,-78.1282051282051,-66.6153846153846,0,-63.2307692307692,0,-71.5384615384615,0,0,0,0,0,0,0,0,0,0,0,0,0,0,0,0,0,0
52,11.63,0.7,4.872,-25.305184097561,-21.4577752195122,-57.3443620243903,-0.238957317073171,-0.755681707317073,9.74778346341464,-6978.0487804878,0,0,0,0,-82.0487804878049,0,0,0,0,-79.8536585365854,-66.609756097561,-43.5365853658537,-76.7073170731707,0,0,0,0,0,0,0,0,0,0,0,0,0,0,0,0,0,0,0,0,0,0,0,0,0,0,-3.85365853658537,-85.6585365853659,0,0,0,0,0,0,-81.0975609756098,0,0,0,0,0,0,0,0,0,0,-75.1219512195122,-75.1219512195122,0,0,0,0,0,0,0,0,0,0,-81.0975609756098,-81.0975609756098,0,0,-69.0731707317073,-67.780487804878,-30.8292682926829,-30.8292682926829,0,0,0,0,-70.0487804878049,-70.0487804878049,0,0,0,0,0,0,0,0,0,0,0,0,0,0,0,0,0,0,0,0,0,0,0,0,0,0,0,0,0,0,0,0,0,0,0,0,0,0,-79.7073170731707,-79.7073170731707,0,0,0,0,0,0,0,0,0,0,0,0,0,0,0,0,0,0,0,0,0,0,0,0,0,0,0,0,0,0,-47.6341463414634,0,0,0,0,0,0,0,0,0,0,0,0,0,-80.4146341463415,0,0,0,0,0,0,0,0,0,-86.2926829268293,0,0,0,0,0,0,0,0,0,-72.5365853658537,-64.0975609756098,0,-58.9024390243902,0,-46.0975609756098,0,0,0,0,0,0,0,0,0,0,0,0,0,0,0,0,0,0
53,11.65,0.42,4.704,-25.4010785862069,-21.7112077241379,-54.9129337241379,-0.236777586206897,-0.83663275862069,9.6915884137931,-6731.03448275862,0,0,0,0,-75.8620689655172,0,0,0,0,-83,-74.3103448275862,-5.6551724137931,-80.6896551724138,0,0,0,0,0,0,0,0,0,0,0,0,0,0,0,0,0,0,0,0,0,0,0,0,0,0,-68.1034482758621,-81.8965517241379,0,0,0,0,0,0,-36.0344827586207,0,0,0,0,0,0,0,0,0,0,0,0,0,0,0,0,0,0,0,0,0,0,-36.0344827586207,-36.0344827586207,0,0,-67.7931034482759,-67.1724137931034,-74.1034482758621,-73.551724137931,0,0,0,0,-69.5862068965517,-69.5862068965517,0,0,0,0,-5.37931034482759,-5.37931034482759,0,0,0,0,0,0,0,0,0,0,0,0,0,0,0,0,0,0,0,0,0,0,0,0,0,0,0,0,0,0,0,0,-78.448275862069,-78.448275862069,0,0,0,0,0,0,0,0,0,0,0,0,0,0,0,0,0,0,0,0,0,0,0,0,0,0,0,0,0,0,0,0,0,0,0,0,0,0,0,0,0,0,0,0,-80.8275862068966,0,0,0,0,0,0,0,0,0,-83.7931034482759,0,0,0,0,0,0,0,0,0,-74.1034482758621,-59.4137931034483,0,0,0,0,0,0,0,0,0,0,0,0,0,0,0,0,0,0,0,0,0,0
54,11.64,0.2,4.536,-23.418750826087,-22.8741856521739,-49.1641326086957,-0.403878260869565,-0.803947826086957,9.80208956521739,-6317.39130434783,0,0,0,0,-38.2608695652174,0,0,0,0,-84.5217391304348,-70.3478260869565,-74.8260869565217,-77.8695652173913,0,0,0,0,0,0,0,0,0,0,0,0,0,0,0,0,0,0,0,0,0,0,0,0,0,0,-72,-86.6086956521739,0,0,0,0,0,0,0,0,0,0,0,0,0,0,0,0,0,0,0,0,0,0,0,0,0,0,0,0,0,0,0,0,0,-61.695652173913,-61.9565217391304,-71.6521739130435,-68.695652173913,-57.2173913043478,-57.8260869565217,0,0,-67.9565217391304,-67.9565217391304,0,0,0,0,-67.8260869565217,-67.8260869565217,0,0,0,0,0,0,0,0,0,0,0,0,0,0,0,0,0,0,0,0,0,0,0,0,0,0,0,0,0,0,0,0,-75.695652173913,-75.695652173913,0,0,0,0,0,0,0,0,0,0,0,0,0,0,0,0,0,0,0,0,0,0,0,0,0,0,0,0,0,0,0,0,0,0,0,0,0,0,0,0,0,0,0,0,-80.304347826087,0,0,0,0,0,0,0,0,0,-82.304347826087,0,0,0,0,0,0,0,0,0,-74.7391304347826,-61.7391304347826,0,0,0,0,0,0,0,0,0,0,0,0,0,0,0,0,0,0,0,0,0,0
55,11.63,-0.109999999999999,4.368,-15.4927089444444,-19.3156258333333,-41.3302096111111,-0.230458333333333,-0.720208333333333,9.80762555555556,-6011.11111111111,0,0,0,0,0,0,0,0,0,-86.8333333333333,-69.4444444444444,-82.6666666666667,-81.2777777777778,0,0,0,0,0,0,0,0,0,0,0,0,0,0,0,0,0,0,0,0,0,0,0,0,0,0,-67.5555555555556,-82.5555555555556,0,0,0,0,0,0,0,0,0,0,0,0,0,0,0,0,0,0,0,0,0,0,0,0,0,0,0,0,0,0,0,0,0,-57.8888888888889,-58.7222222222222,-60,-61.4444444444444,-87.3888888888889,-88.3333333333333,0,0,-70.6666666666667,-70.6666666666667,0,0,0,0,-65,-65,0,0,0,0,0,0,0,0,0,0,0,0,0,0,0,0,0,0,0,0,0,0,0,0,0,0,0,0,0,0,0,0,-72.4444444444444,-72.4444444444444,0,0,0,0,0,0,0,0,0,0,0,0,0,0,0,0,0,0,0,0,0,0,0,0,0,0,0,0,0,0,0,0,0,0,0,0,0,0,0,0,0,0,0,0,-76.5,0,0,0,0,0,0,0,0,0,-79.6111111111111,0,0,0,0,0,0,0,0,0,-74.1666666666667,-62.5555555555556,0,0,0,0,0,0,0,0,0,0,0,0,0,0,0,0,0,0,0,0,0,0
56,11.61,-0.38,4.2,-10.8250004444444,-15.0562507777778,-37.2291684444444,-0.4739,0.136333333333333,9.62791711111111,-5900,0,0,0,0,0,0,0,0,0,-89,-68,-87,-82,0,0,0,0,0,0,0,0,0,0,0,0,0,0,0,0,0,0,0,0,0,0,0,0,0,0,-76,-84,0,0,0,0,0,0,0,0,0,0,0,0,0,0,0,0,0,0,0,0,0,0,0,0,0,0,0,0,0,0,0,0,0,-55,-58,-72,0,-89,-90,0,0,-75,-75,0,0,0,0,-78,-78,0,0,0,0,0,0,0,0,0,0,0,0,0,0,0,0,0,0,0,0,0,0,0,0,0,0,0,0,0,0,0,0,-71,-71,0,0,0,0,0,0,0,0,0,0,0,0,0,0,0,0,0,0,0,0,0,0,0,0,0,0,0,0,0,0,0,0,0,0,0,0,0,0,0,0,0,0,0,0,-70,0,0,0,0,0,0,0,0,0,-76,0,0,0,0,0,0,0,0,0,-72,-64,0,0,0,0,0,0,0,0,0,0,0,0,0,0,0,0,0,0,0,0,0,0
