-0.0731230407579467,-0.249464272337507,-1.25052298617998
-0.0752255896580089,-0.0108438656436873,-1.25052298617998
-0.0731230407579467,0.257981655821502,-1.25052298617998
-0.0615590218076049,0.538889223195239,-1.25052298617998
-0.0605077473575739,0.804694233183292,-1.25052298617998
-0.0573539240074807,1.10070435794271,-1.25052298617998
-0.0563026495574496,1.24870942032242,-1.25052298617998
-0.110968920959065,1.22454532850533,-1.25052298617998
-0.207686170361924,1.22756583998247,-1.25052298617998
-0.30230087086472,1.22152481702819,-1.25052298617998
-0.401120669167641,1.22152481702819,-1.25052298617998
-0.4978379185705,1.22152481702819,-1.25052298617998
-0.593503893523327,1.22454532850533,-1.25052298617998
-0.693374966276279,1.21850430555106,-1.25052298617998
-0.794297313479262,1.21850430555106,-1.25052298617998
-0.889963288432089,1.22454532850533,-1.25052298617998
-0.986680537834947,1.22756583998247,-1.25052298617998
-1.0865516105879,1.22454532850533,-1.25052298617998
-1.1780124877406,1.21850430555106,-1.25052298617998
-1.24949915034272,1.21246328259678,-1.25052298617998
-1.24424277809256,1.04018225760452,-1.25052298617998
-1.24319150364253,0.747304515117689,-1.25052298617998
-1.24634532699262,0.463376436266816,-1.25052298617998
-1.24529405254259,0.179448357415941,-1.25052298617998
-1.2421402291925,-0.0954181870035221,-1.25052298617998
-1.24108895474247,-0.370284731422985,-1.25052298617998
-1.24003768029244,-0.651192298796722,-1.25052298617998
-1.23793513139237,-0.962304980941829,-1.25052298617998
-1.17906376219063,-0.974387026850378,-1.25052298617998
-1.08444906168784,-0.968346003896104,-1.25052298617998
-0.985629263384917,-0.956263957987556,-1.25052298617998
-0.987731812284978,-0.775033269359338,-1.25052298617998
-0.995090733435196,-0.536412862665518,-1.25052298617998
-0.995090733435196,-0.370284731422985,-1.25052298617998
-0.904681130732524,-0.367264219945848,-1.25052298617998
-0.905732405182554,-0.636089741411038,-1.25052298617998
-0.904681130732524,-0.907935774353364,-1.25052298617998
-0.902578581832462,-1.1556177154786,-1.25052298617998
-0.997193282335258,-1.24019203683843,-1.25052298617998
-1.09180798283805,-1.25227408274698,-1.25052298617998
-1.18747395779088,-1.26435612865553,-1.25052298617998
-1.27683228604352,-1.2703971516098,-1.25052298617998
-1.36619061429616,-1.28247919751835,-1.25052298617998
-1.38511355439672,-0.995530607190336,-1.25052298617998
-1.39036992664688,-0.735766620156557,-1.25052298617998
-1.39667757334706,-0.476002633122779,-1.25052298617998
-1.39983139669716,-0.210197623134727,-1.25052298617998
-1.40824159229741,0.052586875376189,-1.25052298617998
-1.41349796454756,0.321412396841379,-1.25052298617998
-1.41980561124775,0.590237918306568,-1.25052298617998
-1.42716453239797,0.853022416817484,-1.25052298617998
-1.43557472799821,1.10976589237413,-1.25052298617998
-1.43452345354818,1.37859141383931,-1.25052298617998
-1.43557472799821,1.55680159099039,-1.25052298617998
-1.33675492969529,1.58096568280749,-1.25052298617998
-1.24003768029244,1.56297114634795,-1.25052298617998
-1.14647425423967,1.55076056803612,-1.25052298617998
-1.05396210263694,1.54471954508185,-1.25052298617998
-0.960398676584171,1.54471954508185,-1.25052298617998
-0.87104034833153,1.54471954508185,-1.25052298617998
-0.78273329452892,1.54471954508185,-1.25052298617998
-0.691272417376216,1.54471954508185,-1.25052298617998
-0.597708991323451,1.54471954508185,-1.25052298617998
-0.504145565270686,1.54471954508185,-1.25052298617998
-0.415838511468076,1.55076056803612,-1.25052298617998
-0.318069987615186,1.55076056803612,-1.25052298617998
-0.230814208262607,1.55680159099039,-1.25052298617998
-0.138302056659873,1.56284261394467,-1.25052298617998
-0.0489437284072321,1.56888363689894,-1.25052298617998
0.0488247954456574,1.57190414837608,-1.25052298617998
0.146593319298547,1.57190414837608,-1.25052298617998
0.156054789348827,1.26985300066238,-1.25052298617998
0.153952240448764,0.98592492181151,-1.25052298617998
0.155003514898796,0.705017354437773,-1.25052298617998
0.157106063798858,0.436191832972583,-1.25052298617998
0.157106063798858,0.149243242644572,-1.25052298617998
0.160259887148951,-0.134684836206303,-1.25052298617998
0.161311161598982,-0.418612915057177,-1.25052298617998
0.165516259399106,-0.696499970953777,-1.25052298617998
0.164464984949075,-0.956263957987556,-1.25052298617998
0.165516259399107,-1.2462330597927,-1.25052298617998
0.163413710499044,-1.52714062716644,-1.25052298617998
0.0582862654959372,-1.53016113864358,-1.25052298617998
-0.0279182394066107,-1.53016113864358,-1.25052298617998
-0.0731230407579467,-1.53016113864358,-1.25052298617998
-0.0731230407579467,-1.25529459422411,-1.25052298617998
-0.0731230407579467,-0.974387026850377,-1.25052298617998
-0.0752255896580089,-0.699520482430914,-1.25052298617998
-0.0783794130081021,-0.391428311762944,-1.25052298617998
-1.36886260352333,-1.14127028596219,-1.25052298617998
-1.36886260352333,-1.01164000173507,-1.25052298617998
-1.36886260352333,-0.882009717507938,-1.25052298617998
-1.36886260352333,-0.75237943328081,-1.25052298617998
-1.36886260352333,-0.622749149053682,-1.25052298617998
-1.36886260352333,-0.493118864826555,-1.25052298617998
-1.36886260352333,-0.363488580599427,-1.25052298617998
-1.36886260352333,-0.233858296372299,-1.25052298617998
-1.36886260352333,-0.104228012145171,-1.25052298617998
-1.36886260352333,0.0254022720819569,-1.25052298617998
-1.36886260352333,0.155032556309085,-1.25052298617998
-1.36886260352333,0.284662840536213,-1.25052298617998
-1.36886260352333,0.41429312476334,-1.25052298617998
-1.36886260352333,0.543923408990468,-1.25052298617998
-1.36886260352333,0.673553693217596,-1.25052298617998
-1.36886260352333,0.803183977444724,-1.25052298617998
-1.36886260352333,0.932814261671852,-1.25052298617998
-1.36886260352333,1.06244454589898,-1.25052298617998
-1.36886260352333,1.19207483012611,-1.25052298617998
-1.36886260352333,1.32170511435324,-1.25052298617998
-1.36886260352333,1.45133539858036,-1.25052298617998
-1.30215047904844,-1.27090057018932,-1.25052298617998
-1.30215047904844,-1.14127028596219,-1.25052298617998
-1.30215047904844,-1.01164000173507,-1.25052298617998
-1.30215047904844,-0.882009717507938,-1.25052298617998
-1.30215047904844,-0.75237943328081,-1.25052298617998
-1.30215047904844,-0.622749149053682,-1.25052298617998
-1.30215047904844,-0.493118864826555,-1.25052298617998
-1.30215047904844,-0.363488580599427,-1.25052298617998
-1.30215047904844,-0.233858296372299,-1.25052298617998
-1.30215047904844,-0.104228012145171,-1.25052298617998
-1.30215047904844,0.0254022720819569,-1.25052298617998
-1.30215047904844,0.155032556309085,-1.25052298617998
-1.30215047904844,0.284662840536213,-1.25052298617998
-1.30215047904844,0.41429312476334,-1.25052298617998
-1.30215047904844,0.543923408990468,-1.25052298617998
-1.30215047904844,0.673553693217596,-1.25052298617998
-1.30215047904844,0.803183977444724,-1.25052298617998
-1.30215047904844,0.932814261671852,-1.25052298617998
-1.30215047904844,1.06244454589898,-1.25052298617998
-1.30215047904844,1.19207483012611,-1.25052298617998
-1.30215047904844,1.32170511435324,-1.25052298617998
-1.30215047904844,1.45133539858036,-1.25052298617998
-1.23543835457355,-1.14127028596219,-1.25052298617998
-1.23543835457355,-1.01164000173507,-1.25052298617998
-1.23543835457355,1.32170511435324,-1.25052298617998
-1.23543835457355,1.45133539858036,-1.25052298617998
-1.16872623009866,-1.14127028596219,-1.25052298617998
-1.16872623009866,-1.01164000173507,-1.25052298617998
-1.16872623009866,1.32170511435324,-1.25052298617998
-1.16872623009866,1.45133539858036,-1.25052298617998
-1.10201410562377,-1.14127028596219,-1.25052298617998
-1.10201410562377,-1.01164000173507,-1.25052298617998
-1.10201410562377,1.32170511435324,-1.25052298617998
-1.10201410562377,1.45133539858036,-1.25052298617998
-1.03530198114888,-1.14127028596219,-1.25052298617998
-1.03530198114888,-1.01164000173507,-1.25052298617998
-1.03530198114888,1.32170511435324,-1.25052298617998
-1.03530198114888,1.45133539858036,-1.25052298617998
-0.968589856673995,-1.14127028596219,-1.25052298617998
-0.968589856673995,-1.01164000173507,-1.25052298617998
-0.968589856673995,-0.882009717507938,-1.25052298617998
-0.968589856673995,-0.75237943328081,-1.25052298617998
-0.968589856673995,-0.622749149053682,-1.25052298617998
-0.968589856673995,-0.493118864826555,-1.25052298617998
-0.968589856673995,1.32170511435324,-1.25052298617998
-0.968589856673995,1.45133539858036,-1.25052298617998
-0.901877732199107,1.32170511435324,-1.25052298617998
-0.901877732199107,1.45133539858036,-1.25052298617998
-0.835165607724219,1.32170511435324,-1.25052298617998
-0.835165607724219,1.45133539858036,-1.25052298617998
-0.76845348324933,1.32170511435324,-1.25052298617998
-0.76845348324933,1.45133539858036,-1.25052298617998
-0.701741358774442,1.32170511435324,-1.25052298617998
-0.701741358774442,1.45133539858036,-1.25052298617998
-0.635029234299554,1.32170511435324,-1.25052298617998
-0.635029234299554,1.45133539858036,-1.25052298617998
-0.568317109824665,1.32170511435324,-1.25052298617998
-0.568317109824665,1.45133539858036,-1.25052298617998
-0.501604985349777,1.32170511435324,-1.25052298617998
-0.501604985349777,1.45133539858036,-1.25052298617998
-0.434892860874888,1.32170511435324,-1.25052298617998
-0.434892860874888,1.45133539858036,-1.25052298617998
-0.3681807364,1.32170511435324,-1.25052298617998
-0.3681807364,1.45133539858036,-1.25052298617998
-0.301468611925112,1.32170511435324,-1.25052298617998
-0.301468611925112,1.45133539858036,-1.25052298617998
-0.234756487450223,1.32170511435324,-1.25052298617998
-0.234756487450223,1.45133539858036,-1.25052298617998
-0.168044362975335,1.32170511435324,-1.25052298617998
-0.168044362975335,1.45133539858036,-1.25052298617998
-0.101332238500447,1.32170511435324,-1.25052298617998
-0.101332238500447,1.45133539858036,-1.25052298617998
-0.0346201140255585,-1.53016113864358,-1.25052298617998
-0.0346201140255585,-1.40053085441645,-1.25052298617998
-0.0346201140255585,-1.27090057018932,-1.25052298617998
-0.0346201140255585,-1.14127028596219,-1.25052298617998
-0.0346201140255585,-1.01164000173507,-1.25052298617998
-0.0346201140255585,-0.882009717507938,-1.25052298617998
-0.0346201140255585,-0.75237943328081,-1.25052298617998
-0.0346201140255585,-0.622749149053682,-1.25052298617998
-0.0346201140255585,-0.493118864826555,-1.25052298617998
-0.0346201140255585,-0.363488580599427,-1.25052298617998
-0.0346201140255585,-0.233858296372299,-1.25052298617998
-0.0346201140255585,-0.104228012145171,-1.25052298617998
-0.0346201140255585,0.0254022720819569,-1.25052298617998
-0.0346201140255585,0.155032556309085,-1.25052298617998
-0.0346201140255585,0.284662840536213,-1.25052298617998
-0.0346201140255585,0.41429312476334,-1.25052298617998
-0.0346201140255585,0.543923408990468,-1.25052298617998
-0.0346201140255585,0.673553693217596,-1.25052298617998
-0.0346201140255585,0.803183977444724,-1.25052298617998
-0.0346201140255585,0.932814261671852,-1.25052298617998
-0.0346201140255585,1.06244454589898,-1.25052298617998
-0.0346201140255585,1.19207483012611,-1.25052298617998
-0.0346201140255585,1.32170511435324,-1.25052298617998
-0.0346201140255585,1.45133539858036,-1.25052298617998
0.0320920104493299,-1.53016113864358,-1.25052298617998
0.0320920104493299,-1.40053085441645,-1.25052298617998
0.0320920104493299,-1.27090057018932,-1.25052298617998
0.0320920104493299,-1.14127028596219,-1.25052298617998
0.0320920104493299,-1.01164000173507,-1.25052298617998
0.0320920104493299,-0.882009717507938,-1.25052298617998
0.0320920104493299,-0.75237943328081,-1.25052298617998
0.0320920104493299,-0.622749149053682,-1.25052298617998
0.0320920104493299,-0.493118864826555,-1.25052298617998
0.0320920104493299,-0.363488580599427,-1.25052298617998
0.0320920104493299,-0.233858296372299,-1.25052298617998
0.0320920104493299,-0.104228012145171,-1.25052298617998
0.0320920104493299,0.0254022720819569,-1.25052298617998
0.0320920104493299,0.155032556309085,-1.25052298617998
0.0320920104493299,0.284662840536213,-1.25052298617998
0.0320920104493299,0.41429312476334,-1.25052298617998
0.0320920104493299,0.543923408990468,-1.25052298617998
0.0320920104493299,0.673553693217596,-1.25052298617998
0.0320920104493299,0.803183977444724,-1.25052298617998
0.0320920104493299,0.932814261671852,-1.25052298617998
0.0320920104493299,1.06244454589898,-1.25052298617998
0.0320920104493299,1.19207483012611,-1.25052298617998
0.0320920104493299,1.32170511435324,-1.25052298617998
0.0320920104493299,1.45133539858036,-1.25052298617998
0.0988041349242181,-1.40053085441645,-1.25052298617998
0.0988041349242181,-1.27090057018932,-1.25052298617998
0.0988041349242181,-1.14127028596219,-1.25052298617998
0.0988041349242181,-1.01164000173507,-1.25052298617998
0.0988041349242181,-0.882009717507938,-1.25052298617998
0.0988041349242181,-0.75237943328081,-1.25052298617998
0.0988041349242181,-0.622749149053682,-1.25052298617998
0.0988041349242181,-0.493118864826555,-1.25052298617998
0.0988041349242181,-0.363488580599427,-1.25052298617998
0.0988041349242181,-0.233858296372299,-1.25052298617998
0.0988041349242181,-0.104228012145171,-1.25052298617998
0.0988041349242181,0.0254022720819569,-1.25052298617998
0.0988041349242181,0.155032556309085,-1.25052298617998
0.0988041349242181,0.284662840536213,-1.25052298617998
0.0988041349242181,0.41429312476334,-1.25052298617998
0.0988041349242181,0.543923408990468,-1.25052298617998
0.0988041349242181,0.673553693217596,-1.25052298617998
0.0988041349242181,0.803183977444724,-1.25052298617998
0.0988041349242181,0.932814261671852,-1.25052298617998
0.0988041349242181,1.06244454589898,-1.25052298617998
0.0988041349242181,1.19207483012611,-1.25052298617998
0.0988041349242181,1.32170511435324,-1.25052298617998
0.0988041349242181,1.45133539858036,-1.25052298617998
-0.995090733435196,-0.370284731422985,-1.25052298617998
-0.992988184535134,-0.300812967448835,-1.19851081878982
-0.990885635635071,-0.228320691997548,-1.14649865139966
-0.990885635635071,-0.149787393591987,-1.09448648400949
-0.989834361185041,-0.089377164049248,-1.04247431661933
-0.989834361185041,-0.0168848885979611,-0.990462149229164
-0.989834361185041,0.0676894327618739,-0.938449981838999
-0.991936910085103,0.143202219690298,-0.886437814448835
-0.992988184535134,0.218715006618722,-0.834425647058671
-0.992988184535134,0.288186770592872,-0.782413479668507
-0.990885635635071,0.333494442749926,-0.730401312278343
-0.990885635635071,0.384843137861255,-0.678389144888178
-0.990885635635072,0.517745642855281,-0.626376977498014
-1.05396210263694,0.517608346879047,-0.57436481010785
-1.06342357268721,0.436191832972583,-0.522352642717686
-1.06237229823718,0.360679046044159,-0.470340475327522
-1.06342357268722,0.291207282070009,-0.418328307937357
-1.06342357268722,0.233673730124543,-0.366316140547193
-1.06552612158728,0.158304777075983,-0.314303973157029
-1.06447484713725,0.0825503492293879,-0.262291805766865
-1.06447484713725,0.0133202261734087,-0.210279638376701
-1.06552612158728,-0.0682335837092892,-0.158267470986536
-1.06762867048734,-0.131664324729165,-0.106255303596372
-1.06762867048734,-0.195095065749042,-0.054243136206208
-1.06867994493737,-0.237382226428959,-0.0022309688160439
-1.06867994493737,-0.352161662560164,0.0497811985741203
-1.15173062648983,-0.539433374142655,0.0497811985741203
-1.14962807758976,-0.442777006874272,0.00334176340433077
-1.14647425423967,-0.370284731422985,-0.0430976717654585
-1.1475255286897,-0.279669387108877,-0.0895371069352481
-1.14857680313973,-0.213218134611863,-0.135976542105038
-1.14857680313973,-0.128643813252029,-0.182415977274827
-1.1475255286897,-0.0496574381248971,-0.228855412444617
-1.14542297978964,0.0314432950362303,-0.275294847614406
-1.14437170533961,0.116017616396065,-0.321734282784195
-1.14332043088958,0.194550914801626,-0.368173717953985
-1.14332043088958,0.273084213207187,-0.414613153123774
-1.14437170533961,0.357658534567022,-0.461052588293564
-1.14332043088958,0.436191832972583,-0.507492023463353
-1.14437170533961,0.671791728189265,-0.553931458633143
-1.03293661363631,0.735222469209142,-0.600370893802932
-0.921501521933021,0.750325026594827,-0.646810328972722
-0.893117111782183,0.466396947743953,-0.693249764142511
-0.894168386232213,0.402966206724077,-0.739689199312301
-0.893117111782182,0.321412396841379,-0.78612863448209
-0.892065837332151,0.248920121390091,-0.832568069651879
-0.894168386232213,0.167366311507393,-0.879007504821669
-0.894168386232213,0.0858125016246954,-0.925446939991458
-0.896270935132276,0.116017616396065,-0.971886375161248
-0.896270935132275,0.0344638065133675,-1.01832581033104
-0.896270935132275,-0.0440694918921937,-1.06476524550083
-0.899424758482369,-0.125623301774892,-1.11120468067062
-0.899424758482369,-0.207177111657589,-1.15764411584041
-0.899516173651937,-0.285710410063151,-1.2040835510102
-0.904681130732524,-0.367264219945848,-1.25052298617998
-1.13318314154999,-0.485693440778593,-0.00168559956249393
-1.13318314154999,-0.431953507414532,-0.0138072617236813
-1.13318314154999,-0.37821357405047,-0.0301238731151425
-1.13318314154999,-0.324473640686408,-0.0668664982398373
-1.13318314154999,-0.270733707322346,-0.104997708719624
-1.13318314154999,-0.216993773958285,-0.121887189600672
-1.13318314154999,-0.163253840594223,-0.16077994612832
-1.13318314154999,-0.109513907230161,-0.199653460492252
-1.13318314154999,-0.0557739738660994,-0.217063123561626
-1.13318314154999,-0.00203404050203771,-0.255135531056396
-1.13318314154999,0.0517058928620241,-0.291035566316333
-1.13318314154999,0.105445826226086,-0.310649689982736
-1.13318314154999,0.159185759590148,-0.347472179116824
-1.13318314154999,0.212925692954209,-0.382485681865718
-1.13318314154999,0.266665626318271,-0.403246329795295
-1.13318314154999,0.320405559682333,-0.43963726749604
-1.13318314154999,0.374145493046395,-0.456259614491043
-1.13318314154999,0.427885426410456,-0.488000190038929
-1.13318314154999,0.481625359774518,-0.506131118537861
-1.13318314154999,0.53536529313858,-0.512735643604656
-1.13318314154999,0.589105226502642,-0.530613246380973
-1.13318314154999,0.642845159866703,-0.540666052311273
-1.11463565661016,-0.431953507414532,0.0091741705136674
-1.11463565661016,-0.37821357405047,-0.0213822279870275
-1.11463565661016,-0.324473640686408,-0.0545396338123709
-1.11463565661016,-0.270733707322346,-0.0726964375073673
-1.11463565661016,-0.216993773958285,-0.105004513096564
-1.11463565661016,-0.163253840594223,-0.125300487490097
-1.11463565661016,-0.109513907230161,-0.168389862679984
-1.11463565661016,-0.0557739738660994,-0.213923251884726
-1.11463565661016,-0.00203404050203771,-0.258460414306041
-1.11463565661016,0.0517058928620241,-0.275613017352668
-1.11463565661016,0.105445826226086,-0.309653488060053
-1.11463565661016,0.159185759590148,-0.353183730425538
-1.11463565661016,0.212925692954209,-0.370476572910567
-1.11463565661016,0.266665626318271,-0.413859487810595
-1.11463565661016,0.320405559682333,-0.448272685484455
-1.11463565661016,0.374145493046395,-0.465438837133861
-1.11463565661016,0.427885426410456,-0.491455413871257
-1.11463565661016,0.481625359774518,-0.513065125270765
-1.11463565661016,0.53536529313858,-0.537278037281559
-1.11463565661016,0.589105226502642,-0.541209661639923
-1.11463565661016,0.642845159866703,-0.556846544422364
-1.09608817167032,-0.37821357405047,0.00992491184701506
-1.09608817167032,-0.324473640686408,-0.00181091394416048
-1.09608817167032,-0.270733707322346,-0.0187114071049331
-1.09608817167032,-0.216993773958285,-0.0629809326799019
-1.09608817167032,-0.163253840594223,-0.0772810518747714
-1.09608817167032,-0.109513907230161,-0.09023933475117
-1.09608817167032,-0.0557739738660994,-0.171318800031491
-1.09608817167032,-0.00203404050203771,-0.22153439555133
-1.09608817167032,0.0517058928620241,-0.26056589109581
-1.09608817167032,0.105445826226086,-0.277360900706592
-1.09608817167032,0.159185759590148,-0.325091085483996
-1.09608817167032,0.212925692954209,-0.364521651514991
-1.09608817167032,0.266665626318271,-0.413634803149845
-1.09608817167032,0.320405559682333,-0.429524838994913
-1.09608817167032,0.374145493046395,-0.469772448377577
-1.09608817167032,0.427885426410456,-0.516149990690966
-1.09608817167032,0.481625359774518,-0.521461392448744
-1.09608817167032,0.53536529313858,-0.541123310753681
-1.09608817167032,0.589105226502642,-0.543086078874275
-1.09608817167032,0.642845159866703,-0.563258397416466
-1.09608817167032,0.696585093230765,-0.565066921870025
-1.07754068673049,-0.324473640686408,0.00684631625693342
-1.07754068673049,-0.270733707322346,-0.0161777757344532
-1.07754068673049,-0.216993773958285,-0.0311848481047689
-1.07754068673049,-0.163253840594223,-0.0770725301123486
-1.07754068673049,-0.109513907230161,-0.124664596002273
-1.07754068673049,-0.0557739738660994,-0.146271968517535
-1.07754068673049,-0.00203404050203771,-0.193993216539333
-1.07754068673049,0.0517058928620241,-0.238459959983996
-1.07754068673049,0.105445826226086,-0.281455454707353
-1.07754068673049,0.159185759590148,-0.326981129053608
-1.07754068673049,0.212925692954209,-0.348828100577889
-1.07754068673049,0.266665626318271,-0.394334540330306
-1.07754068673049,0.320405559682333,-0.439627673784343
-1.07754068673049,0.374145493046395,-0.459542917994083
-1.07754068673049,0.427885426410456,-0.504913780533421
-1.07754068673049,0.481625359774518,-0.527001625022264
-1.07754068673049,0.53536529313858,-0.53370088008006
-1.07754068673049,0.589105226502642,-0.563278553132184
-1.07754068673049,0.642845159866703,-0.566297108675319
-1.07754068673049,0.696585093230765,-0.569349331868281
-1.05899320179066,0.481625359774518,-0.528431340919848
-1.05899320179066,0.53536529313858,-0.561181964143507
-1.05899320179066,0.589105226502642,-0.576586657021052
-1.05899320179066,0.642845159866703,-0.581878988198464
-1.05899320179066,0.696585093230765,-0.575403273806333
-1.04044571685082,0.53536529313858,-0.560004396623226
-1.04044571685082,0.589105226502642,-0.580437784359044
-1.04044571685082,0.642845159866703,-0.585372402494707
-1.04044571685082,0.696585093230765,-0.591556846553955
-1.02189823191099,0.53536529313858,-0.598960413943292
-1.02189823191099,0.589105226502642,-0.586749664061893
-1.02189823191099,0.642845159866703,-0.588501080988161
-1.02189823191099,0.696585093230765,-0.592261197022367
-1.00335074697115,0.53536529313858,-0.613891563465403
-1.00335074697115,0.589105226502642,-0.61876619665534
-1.00335074697115,0.642845159866703,-0.610235777560012
-1.00335074697115,0.696585093230765,-0.609381221477234
-0.98480326203132,-0.324473640686408,-1.19585344482227
-0.98480326203132,-0.270733707322346,-1.17595516299902
-0.98480326203132,-0.216993773958285,-1.13472875666137
-0.98480326203132,-0.163253840594223,-1.10473806785932
-0.98480326203132,-0.109513907230161,-1.06069525562646
-0.98480326203132,-0.0557739738660994,-1.02036238750072
-0.98480326203132,-0.00203404050203771,-0.979864362771839
-0.98480326203132,0.0517058928620241,-0.950196845925627
-0.98480326203132,0.105445826226086,-0.912395513023834
-0.98480326203132,0.159185759590148,-0.8720357022739
-0.98480326203132,0.212925692954209,-0.823920087514522
-0.98480326203132,0.266665626318271,-0.773504210999164
-0.98480326203132,0.320405559682333,-0.746345721606149
-0.98480326203132,0.374145493046395,-0.700538281068776
-0.98480326203132,0.427885426410456,-0.692569189410268
-0.98480326203132,0.481625359774518,-0.669573315911871
-0.98480326203132,0.53536529313858,-0.63686037045629
-0.98480326203132,0.589105226502642,-0.622055242500228
-0.98480326203132,0.642845159866703,-0.614113264170199
-0.98480326203132,0.696585093230765,-0.613942327843111
-0.966255777091486,-0.324473640686408,-1.20934442323693
-0.966255777091486,-0.270733707322346,-1.17367303803416
-0.966255777091486,-0.216993773958285,-1.12657186429792
-0.966255777091486,-0.163253840594223,-1.11129138331595
-0.966255777091486,-0.109513907230161,-1.06460469449532
-0.966255777091486,-0.0557739738660994,-1.01935116753419
-0.966255777091486,-0.00203404050203771,-0.972838024916959
-0.966255777091486,0.0517058928620241,-0.957666581889221
-0.966255777091486,0.105445826226086,-0.912682449458734
-0.966255777091486,0.159185759590148,-0.866652291492645
-0.966255777091486,0.212925692954209,-0.816214988484389
-0.966255777091486,0.266665626318271,-0.765019784822007
-0.966255777091486,0.320405559682333,-0.750703543363074
-0.966255777091486,0.374145493046395,-0.707913297538645
-0.966255777091486,0.427885426410456,-0.69634668883899
-0.966255777091486,0.481625359774518,-0.683479519938865
-0.966255777091486,0.53536529313858,-0.664458827932906
-0.966255777091486,0.589105226502642,-0.636207289684704
-0.966255777091486,0.642845159866703,-0.635460965965598
-0.966255777091486,0.696585093230765,-0.618912133220896
-0.947708292151652,-0.324473640686408,-1.22592692633987
-0.947708292151652,-0.270733707322346,-1.17686366188337
-0.947708292151652,-0.216993773958285,-1.14941880925908
-0.947708292151652,-0.163253840594223,-1.09862899801516
-0.947708292151652,-0.109513907230161,-1.06108218053048
-0.947708292151652,-0.0557739738660994,-1.04880795747016
-0.947708292151652,-0.00203404050203771,-0.996021091289761
-0.947708292151652,0.0517058928620241,-0.958759646847014
-0.947708292151652,0.105445826226086,-0.929698900782378
-0.947708292151652,0.159185759590148,-0.905598019182444
-0.947708292151652,0.212925692954209,-0.845008599744706
-0.947708292151652,0.266665626318271,-0.793719980578376
-0.947708292151652,0.320405559682333,-0.743201575520237
-0.947708292151652,0.374145493046395,-0.729530726595304
-0.947708292151652,0.427885426410456,-0.692753196688474
-0.947708292151652,0.481625359774518,-0.680164031841189
-0.947708292151652,0.53536529313858,-0.677285807846631
-0.947708292151652,0.589105226502642,-0.65701315561556
-0.947708292151652,0.642845159866703,-0.64228113714255
-0.947708292151652,0.696585093230765,-0.641838770998801
-0.929160807211819,-0.324473640686408,-1.2101725015564
-0.929160807211819,-0.270733707322346,-1.18710226853076
-0.929160807211819,-0.216993773958285,-1.17526278027629
-0.929160807211819,-0.163253840594223,-1.13448256401238
-0.929160807211819,-0.109513907230161,-1.09384058314914
-0.929160807211819,-0.0557739738660994,-1.04241876962218
-0.929160807211819,-0.00203404050203771,-1.02935492252353
-0.929160807211819,0.0517058928620241,-0.992334459078731
-0.929160807211819,0.105445826226086,-0.949122772754707
-0.929160807211819,0.159185759590148,-0.905878630777777
-0.929160807211819,0.212925692954209,-0.868199446361596
-0.929160807211819,0.266665626318271,-0.812544299208446
-0.929160807211819,0.320405559682333,-0.776099403594994
-0.929160807211819,0.374145493046395,-0.75970277069181
-0.929160807211819,0.427885426410456,-0.725342871121663
-0.929160807211819,0.481625359774518,-0.710340195569868
-0.929160807211819,0.53536529313858,-0.680455000255845
-0.929160807211819,0.589105226502642,-0.674634556364937
-0.929160807211819,0.642845159866703,-0.668628425651556
-0.929160807211819,0.696585093230765,-0.644998322096472
-0.910613322271985,-0.324473640686408,-1.20709893109429
-0.910613322271985,-0.270733707322346,-1.19055257666314
-0.910613322271985,-0.216993773958285,-1.17012954468849
-0.910613322271985,-0.163253840594223,-1.13360742662019
-0.910613322271985,-0.109513907230161,-1.09774754001323
-0.910613322271985,-0.0557739738660994,-1.04975360928501
-0.910613322271985,-0.00203404050203771,-1.00866685255734
-0.910613322271985,0.0517058928620241,-0.990100791153465
-0.910613322271985,0.105445826226086,-0.949347583012192
-0.910613322271985,0.159185759590148,-0.907028724552927
-0.910613322271985,0.212925692954209,-0.866325039101767
-0.910613322271985,0.266665626318271,-0.814668748163885
-0.910613322271985,0.320405559682333,-0.774299723051177
-0.910613322271985,0.374145493046395,-0.757729647210034
-0.910613322271985,0.427885426410456,-0.742966051576679
-0.910613322271985,0.481625359774518,-0.71248488504678
-0.910613322271985,0.53536529313858,-0.712516393100512
-0.910613322271985,0.589105226502642,-0.679413561177033
-1.06867994493737,-0.352161662560164,0.0497811985741206
-1.01611622243582,-0.358202685514437,0.0497811985741209
-0.94042446203358,-0.343100128128753,0.0497811985741209
-0.924655345283114,-0.602864115162532,0.0497811985741203
-0.92045024748299,-0.874710148104858,0.0497811985741206
-0.917296424132897,-1.12239208923009,0.0497811985741209
-1.02137259468597,-1.1888433417271,0.0497811985741206
-1.11808984408883,-1.19488436468138,0.0497811985741209
-1.22006346574185,-1.20696641058992,0.0497811985741209
-1.21901219129181,-1.35799198444677,0.0497811985741209
-1.21060199569157,-1.66306364363761,0.0497811985741209
-1.14542297978964,-1.65098159772906,0.0497811985741198
-1.05080827928684,-1.63285852886624,0.0497811985741198
-0.962501225484233,-1.61775597148055,0.0497811985741209
-0.865783976081374,-1.59963290261773,0.0497811985741201
-0.776425647828733,-1.57848932227777,0.0497811985741201
-0.680759672875906,-1.56640727636922,0.0497811985741209
-0.591401344623265,-1.5482842075064,0.0497811985741206
-0.496786644120468,-1.53016113864358,0.0497811985741206
-0.401120669167641,-1.51203806978076,0.0497811985741206
-0.308608517564907,-1.51203806978076,0.0497811985741209
-0.211891268162048,-1.50901755830362,0.0497811985741209
-0.120430391009345,-1.50599704682648,0.0497811985741201
-0.0258156905065486,-1.50297653534935,0.0497811985741206
0.071952833346341,-1.50297653534935,0.0497811985741206
0.166567533849138,-1.50297653534935,0.0497811985741201
0.260130959901903,-1.50297653534935,0.0497811985741206
0.357899483754792,-1.4908944894408,0.0497811985741201
0.449360360907496,-1.49391500091793,0.0497811985741209
0.542923786960261,-1.4908944894408,0.0497811985741206
0.636487213013026,-1.47881244353225,0.0497811985741209
0.732153187965853,-1.47579193205511,0.0497811985741206
0.829921711818743,-1.48787397796366,0.0497811985741198
0.923485137871509,-1.49391500091794,0.0497811985741203
1.01599728947424,-1.49995602387221,0.0497811985741206
1.10956071552701,-1.49391500091794,0.0497811985741198
1.19891904377965,-1.48183295500939,0.0497811985741209
1.29353374428245,-1.48183295500939,0.0497811985741209
1.38499462143515,-1.48787397796366,0.0497811985741209
1.4543787351372,-1.47881244353225,0.0497811985741209
1.44701981398698,-1.30966380081258,0.0497811985741206
1.44176344173683,-1.01667418753029,0.0497811985741209
1.37448187693484,-0.995530607190336,0.0497811985741203
1.28407227423217,-0.983448561281789,0.0497811985741201
1.1905088481794,-0.965325492418966,0.0497811985741209
1.12322728337741,-0.956263957987556,0.0497811985741206
1.1127145388771,-0.672335879136681,0.0497811985741209
1.11061198997704,-0.433715472442861,0.0497811985741203
1.10956071552701,-0.183013019840494,0.0497811985741209
1.14740659572813,-0.364243708468711,0.0497811985741209
1.14740659572813,-0.636089741411038,0.0497811985741201
1.14950914462819,-0.883771682536269,0.0497811985741209
1.15161169352825,-1.07104339411876,0.0497811985741206
1.20102159267971,-1.01969469900743,0.0497811985741209
1.27671335308195,-0.986469072758925,0.0497811985741195
1.36817423023465,-0.965325492418967,0.0497811985741206
1.45858383293732,-0.956263957987556,0.0497811985741206
1.54478833783987,-0.944181912079008,0.0497811985741209
1.55635235679021,-1.22810999092988,0.0497811985741206
1.56160872904037,-1.50002969488384,0.0497811985741198
1.56476255239046,-1.74763796499744,0.0497811985741206
1.57001892464062,-1.99834041759981,0.0497811985741206
1.47330167523776,-2.01646348646263,0.0497811985741206
1.3765844258349,-2.03156604384831,0.0497811985741198
1.27881590198201,-2.046668601234,0.0497811985741206
1.19261139707946,-2.06177115861968,0.0497811985741209
1.10115051992676,-2.08895576191392,0.0497811985741206
1.01284346612415,-2.11009934225387,0.0497811985741206
0.92453641232154,-2.12520189963956,0.0497811985741206
0.835178084068898,-2.14030445702524,0.0497811985741203
0.744768481366227,-2.15842752588806,0.0497811985741209
0.651205055313461,-2.15842752588806,0.0497811985741206
0.55238525701054,-2.15540701441093,0.0497811985741206
0.458821830957775,-2.15540701441093,0.0497811985741198
0.364207130454979,-2.14936599145665,0.0497811985741206
0.269592429952183,-2.14030445702524,0.0497811985741201
0.176029003899417,-2.13426343407097,0.0497811985741198
0.0803630289465897,-2.13426343407097,0.0497811985741209
-0.0142516715562067,-2.13728394554811,0.0497811985741209
-0.112020195409096,-2.14030445702524,0.0497811985741209
-0.21399381706211,-2.14030445702524,0.0497811985741209
-0.312813615365031,-2.14332496850238,0.0497811985741209
-0.407428315867827,-2.14634547997952,0.0497811985741206
-0.500991741920593,-2.15842752588807,0.0497811985741206
-0.598760265773482,-2.15842752588807,0.0497811985741206
-0.690221142926186,-2.16446854884234,0.0497811985741206
-0.781682020078889,-2.17655059475089,0.0497811985741203
-0.871040348331529,-2.17957110622802,0.0497811985741198
-0.960398676584171,-2.1856121291823,0.0497811985741203
-1.056064651537,-2.1856121291823,0.0497811985741206
-1.14962807758976,-2.18863264065943,0.0497811985741198
-1.2421402291925,-2.19769417509085,0.0497811985741206
-1.33570365524526,-2.19769417509085,0.0497811985741206
-1.38826737774682,-2.20071468656798,0.0497811985741201
-1.38931865219685,-1.89564302737715,0.0497811985741206
-1.38616482884675,-1.61473546000341,0.0497811985741209
-1.38511355439672,-1.37309454183246,0.0497811985741206
-1.38511355439672,-1.14353566957005,0.0497811985741206
-1.28419120719374,-1.11937157775295,0.0497811985741209
-1.19273033004104,-1.1226941403778,0.0497811985741206
-1.10862837403855,-1.11937157775295,0.0497811985741206
-1.01927004578591,-1.11635106627581,0.0497811985741209
-0.965655048834327,-1.1072895318444,0.0497811985741198
-0.971962695534513,-0.962304980941829,0.0497811985741201
-0.980372891134761,-0.80221787265357,0.0497811985741203
-1.03714171143644,-0.823361452993529,0.0497811985741209
-1.13596150973936,-0.841484521856351,0.0497811985741209
-1.15173062648983,-0.539433374142655,0.0497811985741206
-1.28726274112999,-1.91245001623922,0.0497811985741206
-1.28726274112999,-1.62421555102523,0.0497811985741206
-1.28726274112999,-1.33598108581123,0.0497811985741209
-1.18521734280763,-1.91245001623922,0.0497811985741203
-1.08317194448526,-1.91245001623922,0.0497811985741198
-1.08317194448526,-0.75951215538325,0.0497811985741206
-1.08317194448526,-0.471277690169257,0.0497811985741206
-0.981126546162904,-1.91245001623922,0.0497811985741203
-0.981126546162904,-1.62421555102523,0.0497811985741206
-0.981126546162904,-0.75951215538325,0.0497811985741203
-0.981126546162904,-0.471277690169257,0.0497811985741206
-0.879081147840543,-1.91245001623922,0.0497811985741203
-0.879081147840543,-1.62421555102523,0.0497811985741203
-0.777035749518182,-1.91245001623922,0.0497811985741203
-0.777035749518182,-1.62421555102523,0.0497811985741201
-0.674990351195821,-1.91245001623922,0.0497811985741206
-0.674990351195821,-1.62421555102523,0.0497811985741209
-0.57294495287346,-1.91245001623922,0.0497811985741206
-0.57294495287346,-1.62421555102523,0.0497811985741206
-0.4708995545511,-1.91245001623922,0.0497811985741206
-0.4708995545511,-1.62421555102523,0.0497811985741206
-0.368854156228739,-1.91245001623922,0.0497811985741209
-0.368854156228739,-1.62421555102523,0.0497811985741206
-0.266808757906378,-1.91245001623922,0.0497811985741209
-0.266808757906378,-1.62421555102523,0.0497811985741206
-0.164763359584017,-1.91245001623922,0.0497811985741206
-0.164763359584017,-1.62421555102523,0.0497811985741206
-0.0627179612616563,-1.91245001623922,0.0497811985741209
-0.0627179612616563,-1.62421555102523,0.0497811985741203
0.0393274370607044,-1.91245001623922,0.0497811985741209
0.0393274370607044,-1.62421555102523,0.0497811985741203
0.141372835383065,-1.91245001623922,0.0497811985741201
0.141372835383065,-1.62421555102523,0.0497811985741203
0.243418233705426,-1.91245001623922,0.0497811985741203
0.243418233705426,-1.62421555102523,0.0497811985741206
0.345463632027787,-1.91245001623922,0.0497811985741203
0.345463632027787,-1.62421555102523,0.0497811985741206
0.447509030350148,-1.91245001623922,0.0497811985741206
0.447509030350148,-1.62421555102523,0.0497811985741206
0.549554428672508,-1.91245001623922,0.0497811985741206
0.549554428672508,-1.62421555102523,0.0497811985741206
0.65159982699487,-1.91245001623922,0.0497811985741206
0.65159982699487,-1.62421555102523,0.0497811985741206
0.75364522531723,-1.91245001623922,0.0497811985741209
0.75364522531723,-1.62421555102523,0.0497811985741206
0.855690623639591,-1.91245001623922,0.0497811985741206
0.855690623639591,-1.62421555102523,0.0497811985741203
0.957736021961952,-1.91245001623922,0.0497811985741206
0.957736021961952,-1.62421555102523,0.0497811985741203
1.05978142028431,-1.91245001623922,0.0497811985741206
1.05978142028431,-1.62421555102523,0.0497811985741203
1.16182681860667,-1.91245001623922,0.0497811985741209
1.16182681860667,-1.62421555102523,0.0497811985741206
1.16182681860667,-1.04774662059724,0.0497811985741206
1.26387221692903,-1.91245001623922,0.0497811985741206
1.26387221692903,-1.62421555102523,0.0497811985741209
1.3659176152514,-1.91245001623922,0.0497811985741203
1.3659176152514,-1.62421555102523,0.0497811985741209
1.46796301357376,-1.91245001623922,0.0497811985741206
1.46796301357376,-1.62421555102523,0.0497811985741209
1.46796301357376,-1.33598108581123,0.0497811985741209
1.46796301357376,-1.04774662059724,0.0497811985741209
1.10956071552701,-0.183013019840494,0.0497811985741203
1.10850944107698,-0.101459209957796,0.0946192739104688
1.10535561772688,-0.0289669345065088,0.139457349246817
1.10640689217692,0.052586875376189,0.184295424583166
1.10325306882682,0.134140685258887,0.229133499919514
1.10325306882682,0.211918855795164,0.273971575255863
1.10115051992676,0.282145747638598,0.318809650592211
1.10220179437679,0.357658534567022,0.36364772592856
1.10220179437679,0.436191832972583,0.408485801264908
1.10220179437679,0.511704619901007,0.453323876601257
1.10115051992676,0.593258429783705,0.498161951937605
1.10115051992676,0.671791728189265,0.543000027273953
1.09799669657667,0.762407072503374,0.587838102610302
1.09168904987648,1.0100890136286,0.63267617794665
1.19156012262943,1.04029412839997,0.677514253282999
1.27776462753198,1.05237617430852,0.722352328619347
1.31771305663316,1.05237617430852,0.767190403955695
1.3324308989336,0.846981393863209,0.812028479292044
1.33032835003353,0.762407072503375,0.856866554628392
1.33032835003353,0.683873774097814,0.901704629964741
1.3324308989336,0.60836098716939,0.946542705301089
1.33558472228369,0.532848200240966,0.991380780637438
1.33558472228369,0.457335413312542,1.03621885597379
1.33453344783366,0.381822626384118,1.08105693131013
1.33453344783366,0.303289327978556,1.12589500664648
1.33558472228369,0.23079705252727,1.17073308198283
1.33768727118375,0.158304777075983,1.21557115731918
1.33768727118375,0.0858125016246954,1.26040923265553
1.34189236898387,0.00727920321913487,1.30524730799188
1.34399491788394,-0.0863566525721112,1.35008538332823
1.22309835613036,-0.38538728880867,1.35008538332823
1.22309835613036,-0.297792455971698,1.29807321593806
1.21959410796359,-0.204156600180453,1.2460610485479
1.21784198388021,-0.125623301774892,1.19404888115773
1.21573943498015,-0.0501105148464676,1.14203671376757
1.21784198388021,0.0344638065133675,1.0900245463774
1.21784198388021,0.103935570487517,1.03801237898724
1.21889325833024,0.191530403324489,0.986000211597076
1.21784198388021,0.273084213207187,0.933988044206912
1.21679070943018,0.348597000135611,0.881975876816747
1.21679070943018,0.430150810018309,0.829963709426583
1.21889325833024,0.50868410842387,0.777951542036419
1.21994453278027,0.584196895352294,0.725939374646255
1.15581679132838,0.60836098716939,0.673927207256091
1.14845787017816,0.523786665809555,0.621915039865926
1.14950914462819,0.445253367403993,0.569902872475762
1.15056041907822,0.363699557521296,0.517890705085598
1.15161169352825,0.279125236161461,0.465878537695434
1.15266296797828,0.197571426278764,0.413866370305269
1.15161169352825,0.112997104918928,0.361854202915106
1.15056041907822,0.0405048294676413,0.309842035524942
1.14950914462819,-0.03802846893792,0.257829868134777
1.15161169352825,-0.122602790297755,0.205817700744613
1.15056041907822,-0.189054042794768,0.153805533354449
1.14950914462819,-0.282689898586013,0.101793365964285
1.14740659572813,-0.364243708468711,0.0497811985741203
1.11972303521064,-0.158372005158587,0.104061381449134
1.11972303521064,-0.0827002439418927,0.150556331073831
1.11972303521064,-0.00702848272519835,0.165716015764155
1.11972303521064,0.0686432784914961,0.248261207743103
1.11972303521064,0.14431503970819,0.256648697846034
1.11972303521064,0.219986800924885,0.302525687434264
1.11972303521064,0.295658562141579,0.351128333947452
1.11972303521064,0.371330323358274,0.3990605421976
1.11972303521064,0.447002084574968,0.446097915502546
1.11972303521064,0.522673845791662,0.493094928592591
1.11972303521064,0.598345607008357,0.53336033773209
1.11972303521064,0.674017368225051,0.564915837561543
1.11972303521064,0.749689129441746,0.574003077306554
1.11972303521064,0.82536089065844,0.571673404932066
1.11972303521064,0.901032651875134,0.610359225015132
1.11972303521064,0.976704413091829,0.620791315858591
1.1477570205448,-0.309715527591976,0.0896988002705993
1.1477570205448,-0.234043766375282,0.129299366349792
1.1477570205448,-0.158372005158587,0.171410688352705
1.1477570205448,-0.0827002439418927,0.201115160105859
1.1477570205448,-0.00702848272519835,0.279326941918909
1.1477570205448,0.0686432784914961,0.304465118607101
1.1477570205448,0.14431503970819,0.352866697486729
1.1477570205448,0.219986800924885,0.403921101936217
1.1477570205448,0.295658562141579,0.455456094162426
1.1477570205448,0.371330323358274,0.509446269789878
1.1477570205448,0.447002084574968,0.564574747480319
1.1477570205448,0.522673845791662,0.618982115101318
1.1477570205448,0.598345607008357,0.63118108886306
1.1477570205448,0.674017368225051,0.603752339626251
1.1477570205448,0.749689129441746,0.582937347958751
1.1477570205448,0.82536089065844,0.605731578676693
1.1477570205448,0.901032651875134,0.615847203347346
1.1477570205448,0.976704413091829,0.626425887458387
1.17579100587897,0.674017368225051,0.692479976010034
1.17579100587897,0.749689129441746,0.638833494857143
1.17579100587897,0.82536089065844,0.624189852057643
1.17579100587897,0.901032651875134,0.648108604553313
1.17579100587897,0.976704413091829,0.663639362080765
1.20382499121313,0.598345607008357,0.74309396762444
1.20382499121313,0.674017368225051,0.706895790851426
1.20382499121313,0.749689129441746,0.702940357591841
1.20382499121313,0.82536089065844,0.670822067956012
1.20382499121313,0.901032651875134,0.695860318006483
1.20382499121313,0.976704413091829,0.691013248463647
1.23185897654729,-0.309715527591976,1.29222038861334
1.23185897654729,-0.234043766375282,1.26526864255935
1.23185897654729,-0.158372005158587,1.21693243014732
1.23185897654729,-0.0827002439418927,1.16744653182152
1.23185897654729,-0.00702848272519835,1.1144848570636
1.23185897654729,0.0686432784914961,1.06422848863865
1.23185897654729,0.14431503970819,1.01424401923828
1.23185897654729,0.219986800924885,0.96432848124815
1.23185897654729,0.295658562141579,0.914399280839057
1.23185897654729,0.371330323358274,0.863132165222919
1.23185897654729,0.447002084574968,0.811158298433285
1.23185897654729,0.522673845791662,0.78435637688812
1.23185897654729,0.598345607008357,0.744770046124419
1.23185897654729,0.674017368225051,0.746117741982691
1.23185897654729,0.749689129441746,0.753290917986727
1.23185897654729,0.82536089065844,0.731442143317905
1.23185897654729,0.901032651875134,0.73458773919098
1.23185897654729,0.976704413091829,0.727898668261759
1.25989296188145,-0.234043766375282,1.26975582501873
1.25989296188145,-0.158372005158587,1.21930539006028
1.25989296188145,-0.0827002439418927,1.16824945619466
1.25989296188145,-0.00702848272519835,1.1151429284989
1.25989296188145,0.0686432784914961,1.06369766327596
1.25989296188145,0.14431503970819,1.01328432683686
1.25989296188145,0.219986800924885,0.961682726076857
1.25989296188145,0.295658562141579,0.911193763750394
1.25989296188145,0.371330323358274,0.859159256395137
1.25989296188145,0.447002084574968,0.806493781171411
1.25989296188145,0.522673845791662,0.79350626082219
1.25989296188145,0.598345607008357,0.802259380569182
1.25989296188145,0.674017368225051,0.826097111730716
1.25989296188145,0.749689129441746,0.823381441834718
1.25989296188145,0.82536089065844,0.82264889948467
1.25989296188145,0.901032651875134,0.744383821509334
1.25989296188145,0.976704413091829,0.737891915628039
1.28792694721561,-0.158372005158587,1.27592713187368
1.28792694721561,-0.0827002439418927,1.25669635866179
1.28792694721561,-0.00702848272519835,1.25858847821799
1.28792694721561,0.0686432784914961,1.2254384177722
1.28792694721561,0.14431503970819,1.17018621884632
1.28792694721561,0.219986800924885,1.18906819770308
1.28792694721561,0.295658562141579,1.14428247699172
1.28792694721561,0.371330323358274,1.09989828745557
1.28792694721561,0.447002084574968,1.05521601610862
1.28792694721561,0.522673845791662,1.009630173759
1.28792694721561,0.598345607008357,0.903340793975168
1.28792694721561,0.674017368225051,0.919198711229983
1.28792694721561,0.749689129441746,0.876052726254667
1.28792694721561,0.82536089065844,0.828830032551155
1.28792694721561,0.901032651875134,0.788025935293278
1.28792694721561,0.976704413091829,0.769055965123843
1.28792694721561,1.05237617430852,0.736004638460942
1.31596093254977,-0.0827002439418927,1.30349179319396
1.31596093254977,-0.00702848272519835,1.29127801733141
1.31596093254977,0.0686432784914961,1.24892849250868
1.31596093254977,0.14431503970819,1.23088055532393
1.31596093254977,0.219986800924885,1.18526207867135
1.31596093254977,0.295658562141579,1.14032667735249
1.31596093254977,0.371330323358274,1.09563680787258
1.31596093254977,0.447002084574968,1.05115403882998
1.31596093254977,0.522673845791662,1.00569251889209
1.31596093254977,0.598345607008357,0.959451779372311
1.31596093254977,0.674017368225051,0.914678203899305
1.31596093254977,0.749689129441746,0.871573502442371
1.31596093254977,0.82536089065844,0.853353474933392
1.31596093254977,0.901032651875134,0.797821531863761
1.31596093254977,0.976704413091829,0.779471254030867
1.31596093254977,1.05237617430852,0.767701435207104
1.34399491788394,-0.0863566525721112,1.35008538332823
1.35026752210246,-0.376325754377259,1.35008538332823
1.25358531518127,-0.418612915057177,1.35008538332823
1.19261139707946,-0.439756495397135,1.35008538332822
1.1905088481794,-0.608905138116805,1.35008538332823
1.19997031822968,-0.80221787265357,1.35008538332823
1.24938021738114,-0.781074292313612,1.35008538332823
1.34294364343391,-0.744828154587969,1.35008538332823
1.4375583439367,-0.711602528339462,1.35008538332823
1.43650706948667,-0.542453885619792,1.35008538332823
1.42704559943639,-0.270607852677466,1.35008538332823
1.41968667828617,-0.00480284268941288,1.35008538332822
1.41232775713596,0.261002167298639,1.35008538332823
1.40496883598574,0.532848200240966,1.35008538332822
1.39655864038549,0.804694233183292,1.35008538332822
1.38919971923527,1.07049924317134,1.35008538332823
1.37973824918499,1.38161192531645,1.35008538332823
1.32296942888332,1.36348885645363,1.35008538332823
1.22520090503043,1.33328374168226,1.35008538332822
1.12848365562757,1.3182566970835,1.35008538332822
1.03912532737493,1.29099658100234,1.35008538332823
0.951869548022348,1.26985300066238,1.35008538332822
0.861459945319675,1.25172993179956,1.35008538332823
0.773152891517065,1.23360686293674,1.35008538332823
0.683794563264424,1.21548379407392,1.35008538332823
0.58972245602616,1.17923765634827,1.35008538332823
0.497718985608925,1.17017612191686,1.35008538332822
0.403104285106129,1.17017612191686,1.35008538332822
0.31584850575355,1.173196633394,1.35008538332823
0.212823609650505,1.15809407600832,1.35008538332822
0.206515962950318,0.961760829994414,1.35008538332822
0.207567237400349,0.698976331483499,1.35008538332822
0.209669786300411,0.43921234444972,1.35008538332823
0.212823609650505,0.176341545610886,1.35008538332823
0.21807998190066,-0.0833361410949741,1.35008538332822
0.220182530800722,-0.349141151083027,1.35008538332823
0.224387628600846,-0.636089741411038,1.35008538332823
0.226490177500909,-0.895853728444816,1.35008538332823
0.229644000851002,-1.16833565854022,1.35008538332823
0.229644000851002,-1.44558681728374,1.35008538332823
0.123465281397864,-1.44860732876088,1.35008538332823
0.0396500366090227,-1.45162784023802,1.35008538332823
-0.0499950028572631,-1.45766886319229,1.35008538332823
-0.0510462773072942,-1.1556177154786,1.35008538332823
-0.0542001006573875,-0.923038331739049,1.35008538332822
-0.0552513751074185,-0.65421281027386,1.35008538332823
-0.0573539240074806,-0.397469334717218,1.35008538332822
-0.0573539240074806,-0.131664324729165,1.35008538332822
-0.0573539240074806,0.140181708213161,1.35008538332822
-0.0594564729075428,0.402966206724077,1.35008538332822
-0.0584051984575117,0.674812239666403,1.35008538332823
-0.0584051984575117,0.92551469226877,1.35008538332823
-0.0563026495574496,1.19434021373396,1.35008538332823
-0.0531488262073564,1.47826829258483,1.35008538332823
-0.0510462773072942,1.62929386644168,1.35008538332823
0.0645939121961236,1.62627335496454,1.35008538332823
0.161311161598982,1.62325284348741,1.35008538332823
0.255925862101779,1.61721182053314,1.35008538332823
0.351591837054606,1.61721182053314,1.35008538332823
0.445155263107371,1.60815028610172,1.35008538332823
0.539769963610168,1.60512977462458,1.35008538332822
0.632282115212902,1.62325284348741,1.35008538332823
0.726896815715699,1.62627335496454,1.35008538332823
0.825716614018619,1.62325284348741,1.35008538332823
0.922433863421478,1.62325284348741,1.35008538332823
1.02335621062446,1.62325284348741,1.35008538332823
1.12217600892738,1.62325284348741,1.35008538332823
1.21994453278027,1.62627335496454,1.35008538332823
1.31771305663316,1.62627335496454,1.35008538332823
1.4102252082359,1.62325284348741,1.35008538332823
1.50483990873869,1.62325284348741,1.35008538332823
1.56160872904037,1.62627335496454,1.35008538332823
1.56476255239046,1.31516067281944,1.35008538332823
1.56371127794043,1.03123259396856,1.35008538332823
1.56476255239046,0.765427583980512,1.35008538332823
1.56686510129052,0.499622573992459,1.35008538332823
1.56896765019059,0.236838075481543,1.35008538332823
1.56896765019059,-0.0319874459836462,1.35008538332823
1.57001892464062,-0.303833478925972,1.35008538332823
1.57212147354068,-0.569638488914025,1.35008538332823
1.57317274799071,-0.83242298742494,1.35008538332823
1.57317274799071,-1.06802288264162,1.35008538332823
1.57107019909065,-1.23113050240702,1.35008538332823
1.47435294968779,-1.25222014504203,1.35008538332823
1.38604589588518,-1.23717152536129,1.35008538332823
1.29458501873248,-1.22206896797561,1.35008538332823
1.19997031822968,-1.20998692206706,1.35008538332822
1.10325306882682,-1.20394589911279,1.35008538332823
1.0958941476766,-0.90189475139909,1.35008538332822
1.09799669657667,-0.639110252888175,1.35008538332823
1.10220179437679,-0.406393573172395,1.35008538332823
1.20207286712974,-0.391428311762944,1.35008538332823
1.22309835613036,-0.38538728880867,1.35008538332823
0.0889643653559348,-1.39466962381201,1.35008538332823
0.0889643653559348,-1.33167038443172,1.35008538332823
0.0889643653559348,-1.26867114505144,1.35008538332823
0.0889643653559348,-1.20567190567115,1.35008538332823
0.0889643653559348,-1.14267266629087,1.35008538332823
0.0889643653559348,-1.07967342691058,1.35008538332823
0.0889643653559348,-1.01667418753029,1.35008538332823
0.0889643653559348,-0.95367494815001,1.35008538332823
0.0889643653559348,-0.890675708769725,1.35008538332823
0.0889643653559348,-0.82767646938944,1.35008538332823
0.0889643653559348,-0.764677230009154,1.35008538332823
0.0889643653559348,-0.701677990628869,1.35008538332823
0.0889643653559348,-0.638678751248584,1.35008538332823
0.0889643653559348,-0.575679511868299,1.35008538332823
0.0889643653559348,-0.512680272488014,1.35008538332823
0.0889643653559348,-0.449681033107729,1.35008538332823
0.0889643653559348,-0.386681793727443,1.35008538332823
0.0889643653559348,-0.323682554347158,1.35008538332822
0.0889643653559348,-0.260683314966873,1.35008538332822
0.0889643653559348,-0.197684075586588,1.35008538332822
0.0889643653559348,-0.134684836206303,1.35008538332823
0.0889643653559348,-0.0716855968260175,1.35008538332822
0.0889643653559348,-0.00868635744573248,1.35008538332822
0.0889643653559348,0.0543128819345528,1.35008538332822
0.0889643653559348,0.117312121314838,1.35008538332822
0.0889643653559348,0.180311360695123,1.35008538332822
0.0889643653559348,0.243310600075408,1.35008538332823
0.0889643653559348,0.306309839455693,1.35008538332822
0.0889643653559348,0.369309078835979,1.35008538332822
0.0889643653559348,0.432308318216264,1.35008538332823
0.0889643653559348,0.495307557596549,1.35008538332823
0.0889643653559348,0.558306796976834,1.35008538332823
0.0889643653559348,0.621306036357119,1.35008538332823
0.0889643653559348,0.684305275737404,1.35008538332823
0.0889643653559348,0.747304515117689,1.35008538332823
0.0889643653559348,0.810303754497975,1.35008538332822
0.0889643653559348,0.87330299387826,1.35008538332823
0.0889643653559348,0.936302233258545,1.35008538332822
0.0889643653559348,0.99930147263883,1.35008538332822
0.0889643653559348,1.06230071201912,1.35008538332823
0.0889643653559348,1.1252999513994,1.35008538332822
0.0889643653559348,1.18829919077969,1.35008538332823
0.0889643653559348,1.25129843015997,1.35008538332823
0.0889643653559348,1.31429766954026,1.35008538332823
0.0889643653559348,1.37729690892054,1.35008538332823
0.0889643653559348,1.44029614830083,1.35008538332823
0.0889643653559348,1.50329538768111,1.35008538332823
0.0889643653559348,1.5662946270614,1.35008538332823
0.237385203619412,1.18829919077969,1.35008538332822
0.237385203619412,1.25129843015997,1.35008538332822
0.237385203619412,1.31429766954026,1.35008538332823
0.237385203619412,1.37729690892054,1.35008538332823
0.237385203619412,1.44029614830083,1.35008538332823
0.237385203619412,1.50329538768111,1.35008538332823
0.237385203619412,1.5662946270614,1.35008538332823
0.38580604188289,1.18829919077969,1.35008538332823
0.38580604188289,1.25129843015997,1.35008538332822
0.38580604188289,1.31429766954026,1.35008538332823
0.38580604188289,1.37729690892054,1.35008538332823
0.38580604188289,1.44029614830083,1.35008538332823
0.38580604188289,1.50329538768111,1.35008538332823
0.38580604188289,1.5662946270614,1.35008538332823
0.534226880146368,1.18829919077969,1.35008538332822
0.534226880146368,1.25129843015997,1.35008538332822
0.534226880146368,1.31429766954026,1.35008538332823
0.534226880146368,1.37729690892054,1.35008538332823
0.534226880146368,1.44029614830083,1.35008538332823
0.534226880146368,1.50329538768111,1.35008538332823
0.534226880146368,1.5662946270614,1.35008538332823
0.682647718409845,1.25129843015997,1.35008538332823
0.682647718409845,1.31429766954026,1.35008538332823
0.682647718409845,1.37729690892054,1.35008538332823
0.682647718409845,1.44029614830083,1.35008538332823
0.682647718409845,1.50329538768111,1.35008538332823
0.682647718409845,1.5662946270614,1.35008538332823
0.831068556673323,1.25129843015997,1.35008538332823
0.831068556673323,1.31429766954026,1.35008538332823
0.831068556673323,1.37729690892054,1.35008538332823
0.831068556673323,1.44029614830083,1.35008538332823
0.831068556673323,1.50329538768111,1.35008538332823
0.831068556673323,1.5662946270614,1.35008538332823
0.979489394936801,1.31429766954026,1.35008538332823
0.979489394936801,1.37729690892054,1.35008538332823
0.979489394936801,1.44029614830083,1.35008538332823
0.979489394936801,1.50329538768111,1.35008538332823
0.979489394936801,1.5662946270614,1.35008538332823
1.12791023320028,-1.14267266629087,1.35008538332822
1.12791023320028,-1.07967342691058,1.35008538332823
1.12791023320028,-1.01667418753029,1.35008538332823
1.12791023320028,-0.95367494815001,1.35008538332823
1.12791023320028,-0.890675708769725,1.35008538332823
1.12791023320028,-0.82767646938944,1.35008538332823
1.12791023320028,-0.764677230009154,1.35008538332823
1.12791023320028,-0.701677990628869,1.35008538332823
1.12791023320028,-0.638678751248584,1.35008538332823
1.12791023320028,-0.575679511868299,1.35008538332823
1.12791023320028,-0.512680272488014,1.35008538332823
1.12791023320028,-0.449681033107729,1.35008538332823
1.12791023320028,1.37729690892054,1.35008538332822
1.12791023320028,1.44029614830083,1.35008538332822
1.12791023320028,1.50329538768111,1.35008538332823
1.12791023320028,1.5662946270614,1.35008538332823
1.27633107146376,-1.20567190567115,1.35008538332823
1.27633107146376,-1.14267266629087,1.35008538332823
1.27633107146376,-1.07967342691058,1.35008538332823
1.27633107146376,-1.01667418753029,1.35008538332823
1.27633107146376,-0.95367494815001,1.35008538332823
1.27633107146376,-0.890675708769725,1.35008538332823
1.27633107146376,-0.82767646938944,1.35008538332823
1.27633107146376,-0.386681793727443,1.35008538332823
1.27633107146376,-0.323682554347158,1.35008538332823
1.27633107146376,-0.260683314966873,1.35008538332823
1.27633107146376,1.37729690892054,1.35008538332823
1.27633107146376,1.44029614830083,1.35008538332823
1.27633107146376,1.50329538768111,1.35008538332823
1.27633107146376,1.5662946270614,1.35008538332823
1.42475190972723,-1.20567190567115,1.35008538332823
1.42475190972723,-1.14267266629087,1.35008538332823
1.42475190972723,-1.07967342691058,1.35008538332823
1.42475190972723,-1.01667418753029,1.35008538332823
1.42475190972723,-0.95367494815001,1.35008538332823
1.42475190972723,-0.890675708769725,1.35008538332823
1.42475190972723,-0.82767646938944,1.35008538332823
1.42475190972723,-0.764677230009154,1.35008538332823
1.42475190972723,-0.134684836206303,1.35008538332823
1.42475190972723,-0.0716855968260175,1.35008538332822
1.42475190972723,-0.00868635744573248,1.35008538332823
1.42475190972723,0.0543128819345528,1.35008538332822
1.42475190972723,0.117312121314838,1.35008538332823
1.42475190972723,0.180311360695123,1.35008538332823
1.42475190972723,0.243310600075408,1.35008538332823
1.42475190972723,0.306309839455693,1.35008538332823
1.42475190972723,0.369309078835979,1.35008538332823
1.42475190972723,0.432308318216264,1.35008538332823
1.42475190972723,0.495307557596549,1.35008538332822
1.42475190972723,0.558306796976834,1.35008538332822
1.42475190972723,0.621306036357119,1.35008538332822
1.42475190972723,0.684305275737404,1.35008538332822
1.42475190972723,0.747304515117689,1.35008538332822
1.42475190972723,0.810303754497975,1.35008538332823
1.42475190972723,0.87330299387826,1.35008538332822
1.42475190972723,0.936302233258545,1.35008538332822
1.42475190972723,0.99930147263883,1.35008538332823
1.42475190972723,1.06230071201912,1.35008538332823
1.42475190972723,1.1252999513994,1.35008538332823
1.42475190972723,1.18829919077969,1.35008538332823
1.42475190972723,1.25129843015997,1.35008538332823
1.42475190972723,1.31429766954026,1.35008538332823
1.42475190972723,1.37729690892054,1.35008538332823
1.42475190972723,1.44029614830083,1.35008538332823
1.42475190972723,1.50329538768111,1.35008538332823
1.42475190972723,1.5662946270614,1.35008538332823
1.57317274799071,-1.01667418753029,1.35008538332823
1.57317274799071,-0.95367494815001,1.35008538332823
1.57317274799071,-0.890675708769725,1.35008538332823
-0.113305086403579,-0.216238646089,1.35008538332823
-0.211891268162048,-0.249464272337507,1.35008538332823
-0.276019009613943,-0.267587341200329,1.35008538332823
-0.289685577464347,-0.243423249383233,-0.557027420977795
-0.148814801160184,-0.183013019840494,-1.25052298617998
-0.0489437284072321,-0.179992508363357,-1.25052298617998
