1,-0.0599999999999952,39.16,3.6,1.35625,-29.4500013333333,-36.8812523333333,0.32965,0.262,9.74665033333333,-3900,0,0,0,0,0,0,0,0,0,-84,0,0,0,0,0,0,0,-80,0,0,0,0,0,0,0,-93,0,0,0,0,-94,0,0,0,-74,0,0,-85,0,-95,0,-82,0,-84,0,0,0,0,0,0,-93,-74,0,0,0,0,0,0,0,0,0,0,-95,0,0,0,0,-81,-95,0,0,0,0,0,0,0,0,0,0,0,0,0,-76,-78,0,0,0,0,0,0,0,0,0,0,0,0,0,0,-68,0,-78,0,0,0,0,0,0,0,0,0,-92,0,0,0,0,0,-93,0,0,0,0,0,0,0,0,0,-89,0,0,0,0,0,-78,0,-93,0,0,0,0,0,0,0,0,0,0,0,0,-68,0,-78,0,0,0,0,0,0,0,0,0,0,0,-92,0,0,0,-95,0,0,0,0,0,0,0,0,-64,-83,0,0,0,0,0,0,0,0,0,0,0,0,0,0,0,0,0
2,-0.229999999999997,38.95,3.6,28.6261374545455,0.865909090909091,-38.8806830909091,-0.0698318181818182,0.970827272727273,9.821714,-4036.36363636364,0,0,0,0,0,0,0,0,0,-68.7272727272727,0,0,-94,0,0,0,0,-65.4545454545455,0,0,0,0,0,0,0,-91,0,0,0,0,-91,0,0,0,-13.4545454545455,0,0,-69.5454545454545,0,-77.7272727272727,0,-80,0,-82,0,0,0,0,0,0,-76.0909090909091,-78,-93,0,0,0,0,0,0,0,0,0,-77.7272727272727,0,0,0,0,-66.2727272727273,-17.2727272727273,0,0,0,0,0,0,-84,0,0,0,0,0,0,-62.1818181818182,-84,0,0,0,0,0,0,0,0,0,0,0,0,0,0,-72,0,-84,0,0,0,0,0,0,0,0,0,-16.7272727272727,0,0,0,0,0,-76.0909090909091,0,0,0,0,0,0,0,0,0,-72.8181818181818,0,0,0,0,0,-81,0,-76.0909090909091,0,0,0,0,0,0,0,0,0,0,0,0,-73,0,-83,0,0,0,0,0,0,0,0,0,0,0,-75.2727272727273,0,0,0,-77.7272727272727,0,0,0,0,0,0,0,0,-11.6363636363636,-80,0,0,0,0,0,0,0,0,0,0,0,0,0,0,0,0,0
3,-1.01,38.89,3.6,30.1191188823529,-1.21654411764706,-37.4183841764706,-0.59475,1.12770882352941,9.9486975882353,-3870.58823529412,0,0,0,0,0,0,0,0,0,-24.7058823529412,0,0,-94.7058823529412,0,0,0,0,-23.5294117647059,0,0,0,0,0,0,0,-93.8235294117647,0,0,0,0,-93.1176470588235,0,0,0,0,0,0,-75,0,-27.9411764705882,0,-82.8235294117647,0,-84.1176470588235,0,0,0,0,0,0,-92.2941176470588,-78,-82.0588235294118,0,0,0,0,0,0,0,0,0,-95,0,0,0,0,-23.8235294117647,0,0,0,0,0,0,0,-81.1764705882353,0,0,0,0,0,0,-67.0588235294118,-79.0588235294118,0,0,0,0,0,0,0,0,0,0,0,0,0,0,-75.5294117647059,0,-83.2941176470588,0,0,0,0,0,0,0,0,0,0,0,0,0,0,0,-94.4117647058823,0,0,0,0,0,0,0,0,0,-26.1764705882353,0,0,0,0,0,-79.5882352941177,0,-82.0588235294118,0,0,0,0,0,0,0,0,0,0,0,0,-75.8235294117647,0,-83,0,0,0,0,0,0,0,0,0,0,0,-81.1764705882353,0,-64.9411764705882,0,-83.8235294117647,0,0,0,0,0,0,0,0,0,-77.1764705882353,0,0,0,0,0,0,0,0,0,0,0,0,0,0,0,0,0
4,-1.77,38.83,3.6,28.6137509333333,0.26375,-37.9312512666667,-0.23125,0.70113,9.81198033333333,-3993.33333333333,0,0,0,0,0,0,0,0,0,0,0,0,-69.6666666666667,0,0,0,0,0,0,0,0,0,-76,0,0,-69.6666666666667,0,0,0,0,-87.1333333333333,0,0,0,0,0,0,-62.3333333333333,0,0,0,-77,0,-62.3333333333333,0,0,0,0,0,0,-67.4666666666667,-72.4,-68.2,0,0,0,0,0,0,0,0,0,-69.6666666666667,0,0,0,0,-68,0,0,0,0,0,0,0,-58.6666666666667,-18.8,0,0,0,0,0,-55.7333333333333,-60,0,0,0,0,0,0,0,0,0,0,0,0,0,0,-71.6,0,-82.2,0,0,0,0,0,0,0,0,0,0,0,0,0,0,0,-69.6666666666667,0,0,0,0,0,0,0,0,0,0,0,0,0,0,0,-61.6,0,-68.2,0,0,0,0,0,0,0,0,0,0,0,0,-71.6,0,-85.4,0,0,0,0,0,0,0,0,0,0,0,-92.4,0,-67.4666666666667,0,-69.6666666666667,-71.2,0,0,0,0,0,0,0,0,-71.3333333333333,0,0,0,0,0,0,0,0,0,0,0,0,0,0,0,0,0
5,-2.55,38.78,3.6,28.1192321538462,1.46394230769231,-37.8807708461539,0.0509192307692308,0.530607692307692,9.73277353846154,-3923.07692307692,0,0,0,0,0,0,0,0,0,0,0,0,-95,0,0,0,0,0,0,0,0,0,-95,0,0,-95,0,0,0,0,-91,0,0,0,0,0,0,-13.0769230769231,0,0,0,-77,0,-85,0,0,0,0,0,0,-92,-76,-93,0,0,0,0,0,0,0,0,0,-95,0,0,0,0,-85,0,0,0,0,0,0,0,-80,-94,0,0,0,0,0,-11.6923076923077,-75,0,0,0,0,0,0,0,0,0,0,0,0,0,0,-74,0,-83,0,0,0,0,0,0,0,0,0,0,0,0,0,0,0,-95,0,0,0,0,0,0,0,0,0,0,0,0,0,0,0,-77,0,-14.3076923076923,0,0,0,0,0,0,0,0,0,0,0,0,-74,0,-83,0,0,0,0,0,0,0,0,0,0,0,-90,0,-92,0,-14.6153846153846,-89,0,0,0,0,0,0,0,0,-78,0,0,0,0,0,0,0,0,0,0,0,0,0,0,0,0,0
6,-3.34,38.69,3.6,27.9375008181818,4.46420454545455,-38.0659110909091,0.102709090909091,0.600163636363636,9.68326427272727,-4163.63636363636,0,0,0,0,0,0,0,0,0,0,0,0,-94,0,0,0,0,0,0,0,0,0,-86.3636363636364,0,0,-86.3636363636364,0,0,0,0,-82.7272727272727,0,0,0,0,0,0,0,0,0,0,-70,0,-77.2727272727273,0,0,-94,0,0,0,-83.6363636363636,-69.0909090909091,0,0,0,0,0,0,0,0,0,0,-86.3636363636364,0,0,0,0,-77.2727272727273,0,0,-91,0,0,0,0,-80,-85.4545454545455,0,0,0,0,0,0,-76,0,0,0,0,0,0,0,0,0,0,0,0,0,-59,-75,-63,-85,0,0,0,0,0,0,0,0,0,0,0,0,0,0,0,-86.3636363636364,0,0,0,0,0,0,0,-81,0,0,0,0,0,0,-64,-76,0,-96,0,0,0,0,0,0,0,0,0,0,0,-61,-75,-64,-88,0,0,0,0,0,0,0,0,0,0,0,-91,0,-83.6363636363636,0,0,-80.9090909090909,0,0,0,0,0,-93,0,-68,-70.9090909090909,0,0,0,0,0,0,0,0,0,0,0,0,0,0,0,0,0
7,-4.18,38.58,3.6,29.9301146363636,6.23181818181818,-37.9517064545455,0.0201545454545455,0.861272727272727,9.76307763636363,-4081.81818181818,0,0,0,0,0,0,0,0,0,0,0,0,-76.9090909090909,0,0,0,0,0,0,0,0,0,-77.7272727272727,0,0,-17.2727272727273,0,0,0,0,-74.4545454545455,0,0,0,0,0,0,0,0,0,0,-63,0,-15.4545454545455,0,0,-76.9090909090909,0,0,0,-16.7272727272727,-72,0,0,0,0,0,0,0,0,0,0,-17.2727272727273,0,0,0,0,-69.5454545454545,0,0,-74.4545454545455,0,0,0,0,-65.4545454545455,-76.9090909090909,0,0,0,0,0,0,-75,0,0,0,0,0,0,0,0,0,0,0,0,0,-48.2727272727273,-71,-51.5454545454545,-87,0,0,0,0,0,0,0,0,0,0,0,0,0,0,0,-17.2727272727273,0,0,0,0,0,0,0,-66.2727272727273,0,0,0,0,0,0,-52.3636363636364,-75,0,-78.5454545454545,0,0,0,0,0,0,0,0,0,0,0,-49.9090909090909,-71,-52.3636363636364,-88,0,0,0,0,0,0,0,0,0,0,0,-91,0,-90,0,0,-72.8181818181818,0,0,0,0,0,-76.0909090909091,0,-55.6363636363636,-63.8181818181818,0,0,0,0,0,0,0,0,0,0,0,0,0,0,0,0,0
8,-5.02,38.48,3.6,34.6543283846154,3.76153846153846,-36.7312513846154,-0.143019230769231,0.56445,9.71946976923077,-4138.46153846154,0,0,0,0,0,0,0,0,0,0,0,0,-90.3076923076923,0,0,0,0,0,0,0,0,0,-7.30769230769231,0,0,0,0,0,0,0,-77,0,0,0,0,0,0,0,0,0,0,-71.4615384615385,0,0,0,0,-93.0769230769231,0,0,0,0,-60.9230769230769,0,0,0,0,0,0,0,0,0,0,0,0,0,0,0,-6.53846153846154,0,0,-77,0,0,0,0,-67.6923076923077,-79.5384615384615,0,0,0,0,0,0,-73.1538461538462,0,-88.6153846153846,0,0,0,0,0,0,0,0,0,0,0,-49.9230769230769,-75.6153846153846,-53.3076923076923,-73.6153846153846,0,0,0,0,0,0,0,0,0,0,0,0,0,0,0,0,0,0,0,0,0,0,0,-68.5384615384615,0,0,0,0,0,0,-54.1538461538462,-72.2307692307692,0,-81.2307692307692,0,0,0,0,0,0,-80.3076923076923,0,0,0,0,-51.6153846153846,-74.6923076923077,-54.1538461538462,-90.7692307692308,0,0,0,0,0,0,0,0,0,0,0,-91,0,-86.3076923076923,0,0,-6.84615384615385,0,0,0,0,0,-78.6923076923077,0,-57.5384615384615,-66,0,0,0,0,0,0,0,0,0,0,0,0,0,0,0,0,0
9,-5.87,38.34,3.6,32.63182,3.68181818181818,-37.978979,0.0341863636363636,0.712813636363636,9.78068245454545,-4181.81818181818,0,0,0,0,0,0,0,0,-91,0,0,0,-91,0,0,0,0,0,0,0,0,0,0,0,0,0,0,0,0,0,0,0,0,0,0,0,0,0,0,0,0,-45.1818181818182,-91,0,0,0,-59.1818181818182,0,-89,0,-90,-74,-91,0,0,0,0,0,0,0,0,0,0,0,0,0,0,0,0,0,-57.9090909090909,0,0,0,0,-50.9090909090909,0,0,0,0,0,0,0,-73,0,-61.0909090909091,0,0,0,0,0,0,-84,0,0,0,0,-37.5454545454545,-78,-40.0909090909091,-88,0,0,0,0,0,0,0,0,0,0,0,0,0,0,0,0,0,0,0,0,0,0,0,-51.5454545454545,0,0,0,0,0,0,-40.7272727272727,-68,0,-61.0909090909091,0,0,0,0,0,0,-55.3636363636364,0,0,0,0,-38.8181818181818,-79,-40.7272727272727,-89,0,0,0,0,0,0,0,0,0,0,0,-89,0,-54.7272727272727,0,0,0,0,0,0,0,0,-59.1818181818182,0,-43.2727272727273,0,0,0,0,0,0,0,0,0,0,0,0,0,0,0,0,0,0
10,-6.75,38.27,3.6,30.6937509166667,3.2375,-39.1281268333333,-0.1313375,0.8400875,9.83866291666667,-3358.33333333333,0,0,0,0,0,-63.3333333333333,0,-62.6666666666667,-91.6666666666667,0,0,0,-89.6666666666667,0,0,0,0,0,0,0,0,0,0,0,0,0,0,0,0,0,0,0,0,0,0,0,0,0,0,0,0,-59.1666666666667,-91.6666666666667,0,0,0,-77.5,0,-90.3333333333333,0,-87.3333333333333,-61.6666666666667,-89,0,0,0,0,0,0,0,0,0,0,0,0,0,0,0,0,0,-45.5,0,0,0,0,-40,0,0,0,0,0,0,0,-73,0,-80,0,0,0,0,0,0,-70,0,0,0,0,-29.5,-80.6666666666667,-69,-91.3333333333333,0,0,0,0,0,0,0,0,0,0,0,0,0,0,0,-63.3333333333333,0,0,0,0,0,0,0,-81.6666666666667,0,0,0,0,0,0,-32,-71.3333333333333,0,-48,0,0,0,0,0,0,-72.5,0,0,0,0,-30.5,-81,-32,-74.1666666666667,0,0,0,0,0,0,-60.6666666666667,-64,0,0,0,-88.3333333333333,0,-86.6666666666667,0,0,0,0,0,0,0,0,-91,-48.6666666666667,-78.6666666666667,0,0,0,0,0,0,0,0,0,0,0,0,0,0,0,0,0,0
11,-6.78,38.43,3.6,1.62083333333333,-33.9458352222222,-37.0312516666667,0.260783333333333,0.2699,9.50620033333333,-4033.33333333333,0,0,-8.11111111111111,-10.2222222222222,0,-84.4444444444444,0,-93.8888888888889,-81.7777777777778,0,0,0,-88.6666666666667,0,-10.3333333333333,0,0,0,0,0,0,-9.88888888888889,0,0,0,0,0,0,0,0,0,0,0,0,0,0,0,0,0,0,0,-63.1111111111111,-92.1111111111111,0,0,0,-82.6666666666667,0,-90.8888888888889,0,-76.4444444444444,-65.7777777777778,-78.2222222222222,0,0,0,0,0,0,0,0,0,0,0,0,0,0,-8.55555555555556,0,0,0,0,0,0,0,-9.44444444444444,0,0,0,0,0,0,0,-64.8888888888889,0,-85.3333333333333,0,0,0,0,0,0,-74.6666666666667,0,0,0,0,0,-82.1111111111111,-64,-92.1111111111111,0,0,0,0,0,0,0,-10.6666666666667,0,0,0,0,0,0,0,-84.4444444444444,0,0,0,0,0,0,-10.6666666666667,-82.1111111111111,0,0,0,0,0,0,0,-64.8888888888889,0,0,0,0,0,0,0,0,-77.3333333333333,0,0,0,0,0,-82.1111111111111,0,-88.5555555555556,0,0,0,0,0,0,-80.8888888888889,-85.3333333333333,0,0,0,-87.6666666666667,0,-86.6666666666667,0,0,0,0,0,0,0,0,-90.2222222222222,-72.7777777777778,-74.6666666666667,0,0,0,0,0,0,0,0,0,0,0,0,0,0,0,0,0,0
12,-6.7,37.61,3.6,0.3765625,-35.357814,-34.36718875,0.166325,0.4967625,9.73233825,-3941.66666666667,0,0,-60.8333333333333,-76.6666666666667,0,-79.1666666666667,0,-77.5,-76.6666666666667,0,0,0,-71.6666666666667,0,-77.5,0,0,0,0,0,0,-74.1666666666667,0,0,0,0,0,0,0,0,0,0,0,0,0,0,0,0,0,0,0,-70.3333333333333,-92.6666666666667,0,-15.3333333333333,0,-93,0,-89.8333333333333,0,-71.6666666666667,-73.6666666666667,-73.3333333333333,0,0,0,0,0,0,0,0,0,0,0,0,0,0,-64.1666666666667,0,0,0,0,0,0,0,-70.8333333333333,-15.8333333333333,0,0,0,0,0,0,-73.5,0,-80,0,0,0,0,0,0,-84,0,0,0,0,0,-81.8333333333333,-60,-85.5,0,0,0,0,0,0,0,-95.6666666666667,0,0,0,0,0,0,0,-79.1666666666667,0,0,0,0,0,0,-80,-82.3333333333333,0,0,0,0,0,-15.6666666666667,0,-73.5,0,0,0,0,0,0,0,0,-86.5,0,0,0,0,0,-81.8333333333333,0,-85.5,0,0,0,0,0,0,-75.8333333333333,-80,0,0,0,-70.8333333333333,-13,-85,0,0,0,0,0,0,0,0,-91.6666666666667,-59.1666666666667,-70,-15.1666666666667,0,0,0,0,0,0,0,0,0,0,0,0,0,0,0,0,0
13,-6.64,36.81,3.6,-2.66538461538462,-36.3447130769231,-28.9644242307692,0.269826923076923,0.301603846153846,9.74290446153846,-3846.15384615385,0,0,-73,-92,0,-95,0,-93,-92,0,0,0,-86,0,-93,0,0,0,0,0,0,-89,0,0,0,0,0,0,0,0,0,0,0,0,0,0,0,0,0,0,0,-67,-91,0,-92,0,-93,0,-89,0,-86,-72,-88,0,0,0,0,0,0,0,0,0,0,0,0,0,0,-77,0,0,0,0,0,0,0,-85,-95,0,0,0,0,0,0,-76,0,0,0,0,0,0,0,0,-84,0,0,0,0,0,-76,-72,-88,0,0,0,0,0,0,0,-94,0,0,0,0,0,0,0,-95,0,0,0,0,0,0,-96,-79,0,0,0,0,0,-94,0,-76,0,0,0,0,0,0,0,0,-84,0,0,0,0,0,-76,0,-88,0,0,0,0,0,0,-91,-96,0,0,0,-85,-78,-90,0,0,0,0,0,0,0,0,-90,-71,-84,-91,0,0,0,0,0,0,0,0,0,0,0,0,0,0,0,0,0
14,-6.55,36.01,3.6,0.896875,-31.9140635833333,-18.72343825,0.020825,0.3730875,9.68116275,-3983.33333333333,0,0,-66.9166666666667,-84.3333333333333,0,-87.0833333333333,0,-85.25,-84.3333333333333,0,0,0,-88,0,-85.25,0,0,0,0,0,0,-81.5833333333333,0,0,0,0,0,0,0,0,0,0,0,0,0,0,0,0,-71,0,0,-61.4166666666667,-83.4166666666667,0,-84.3333333333333,0,-94,0,-81.5833333333333,0,-78.8333333333333,-66,-80.6666666666667,0,0,0,0,0,0,0,0,0,0,0,0,-80,0,-70.5833333333333,0,0,0,0,0,0,0,-77.9166666666667,-87.0833333333333,0,0,-95,0,0,0,-79,0,0,0,0,0,0,0,0,-77,0,0,0,0,0,-78,-66,-86,0,0,0,0,0,0,0,-86.1666666666667,0,0,0,0,0,0,0,-87.0833333333333,0,0,0,0,0,0,-88,-72,0,0,0,0,0,-94,0,-80,0,0,0,0,0,0,0,0,-86,0,0,0,0,0,-79,0,-86,0,0,0,0,0,0,-83.4166666666667,-88,0,0,0,-89,-71.5,-82.5,0,-89,-86,-83,0,0,0,0,-82.5,-65.0833333333333,-77,-95,0,0,0,0,0,0,0,0,0,0,0,0,0,0,0,0,0
15,-6.54,35.15,3.6,-7.18413461538462,-29.4591356153846,-24.3504817692308,0.174380769230769,0.474634615384615,9.58662738461538,-3684.61538461538,0,0,-56.1538461538462,-70.7692307692308,0,0,0,-71.5384615384615,0,0,0,0,-67.6923076923077,0,-71.5384615384615,0,0,-74.4615384615385,0,0,0,-68.4615384615385,0,0,0,0,0,0,0,0,0,0,0,0,-60.9230769230769,0,0,0,-54.6153846153846,0,0,-73.4615384615385,-93,-63.4615384615385,-85.0769230769231,0,-72.3076923076923,0,-68.4615384615385,-61.7692307692308,-79.5384615384615,-55.3846153846154,0,0,0,0,0,0,0,0,-93.3076923076923,0,0,0,0,-61.5384615384615,0,-59.2307692307692,0,0,0,0,-14.4615384615385,0,-81.2307692307692,-65.3846153846154,-78.6923076923077,0,0,-73.0769230769231,0,-78.6923076923077,0,-83.5384615384615,0,-14.4615384615385,-77,0,0,0,-14.6153846153846,0,-84.5384615384615,0,0,0,0,0,-73.9230769230769,0,-67.6923076923077,0,0,0,0,0,0,-60.0769230769231,-94.1538461538462,0,0,0,0,0,-14.4615384615385,0,0,0,0,0,0,0,0,-88.4615384615385,-55.3846153846154,0,0,0,0,0,-86.4615384615385,0,-83.6923076923077,0,0,0,0,0,0,0,0,-84.5384615384615,0,0,0,0,0,-73.0769230769231,-11.2307692307692,-68.5384615384615,0,0,0,0,0,0,0,0,0,0,0,-68.4615384615385,-75.5384615384615,-69.2307692307692,0,-68.4615384615385,-78.3076923076923,-63.8461538461538,0,0,0,0,-69.2307692307692,-54.6153846153846,-61.7692307692308,-73.0769230769231,0,0,0,0,0,0,0,0,0,0,-92.6923076923077,0,0,0,0,0,0
16,-6.59,34.35,3.6,-5.325,-24.40218865,-30.7912511,0.1852875,0.5133075,9.8104878,-4085,0,0,-7.3,-9.2,0,0,0,-9.3,0,0,0,0,-74.8,0,-9.3,0,0,-74.8,0,0,0,-8.9,0,0,0,0,0,0,0,0,0,0,0,0,-61.2,0,0,0,-60.35,0,0,-66.75,-90.9,-63.75,-83.7,0,-79.9,0,-53.4,-62.05,-79.9,-43.2,0,0,0,0,0,0,0,-24.85,-93.95,0,0,0,0,-68,0,-7.7,0,0,0,0,-84.6,0,-81.6,-8.5,-79.05,0,0,-80.75,0,-79.05,0,-82.8,0,-84.6,-77.35,0,0,0,-94.65,0,-81.3,0,0,0,0,0,-68,0,-76,0,0,0,0,-29.4,0,-60.35,-93.6,0,0,0,0,0,-94.7,0,0,0,0,0,0,0,0,-85.5,-61.2,0,0,0,0,0,-92.35,0,-93,0,0,0,0,0,0,0,0,-81.3,0,0,0,0,0,-68,-65.7,-76.6,0,0,0,0,0,0,0,0,0,0,0,-75.65,-65.7,-54,0,-75.65,-80.05,-70.55,0,0,0,0,-54,-7.1,-62.05,-90.25,0,0,0,0,0,0,0,0,0,0,-81.9,0,0,0,0,0,0
17,-6.57,33.57,3.6,-0.0723214285714286,-26.6825904285714,-31.1022335,0.106275,0.860196428571429,9.7935325,-4285.71428571429,0,0,0,0,0,0,0,0,0,0,0,0,-62.8571428571429,0,0,0,0,-81.7142857142857,0,0,0,0,0,0,0,0,0,0,0,0,0,0,0,0,-66.8571428571429,0,0,0,-50.7142857142857,0,0,-65,-88.7142857142857,-69.6428571428571,-93,0,-67.1428571428571,0,0,-67.7857142857143,-87.2857142857143,0,0,0,0,0,0,0,0,-71.5714285714286,-91.4285714285714,0,0,0,0,-57.1428571428571,0,0,0,0,0,0,-87.2857142857143,0,-89.1428571428571,-19.4285714285714,-90.1428571428571,0,0,-67.8571428571429,0,-86.3571428571429,0,-85.4285714285714,0,-87.2857142857143,-84.5,0,0,0,-87.2857142857143,0,-80.2857142857143,0,0,0,0,0,-68.5714285714286,0,-79.4285714285714,0,0,0,0,-78,0,-65.9285714285714,-90.7142857142857,0,0,0,0,0,-89.1428571428571,0,0,0,0,0,0,0,0,-88.2142857142857,-71.4285714285714,-23.7142857142857,0,0,0,0,-91.8571428571429,0,-86.3571428571429,0,0,0,-24.5714285714286,0,0,0,0,-80.2857142857143,0,0,0,0,0,-68.5714285714286,-67.7857142857143,-79.4285714285714,0,0,0,0,0,0,0,0,0,0,0,-63.5714285714286,-67.7857142857143,0,0,-63.5714285714286,-76.1428571428571,-59.2857142857143,0,0,0,0,0,0,-67.7857142857143,-88.2142857142857,0,0,0,0,0,0,0,0,0,0,-84.5,0,0,0,0,0,0
18,-6.6,32.78,3.6,1.365,-28.0362511333333,-28.6275008666667,-0.09167,0.54909,9.8962104,-4353.33333333333,0,0,0,0,0,0,0,0,0,0,0,0,0,0,0,0,0,-41.0666666666667,0,0,0,0,0,0,0,0,0,0,0,0,0,0,0,0,-33.6,0,0,0,0,0,0,-60.6666666666667,-80.6,-25,-80.6,0,0,0,0,-34.0666666666667,-43.8666666666667,0,0,0,0,0,0,-57.3333333333333,0,-73,-90.6666666666667,0,0,0,0,0,0,0,0,0,0,0,-81.4666666666667,0,-95.3333333333333,-66,-82.3333333333333,0,0,-62.6666666666667,0,-43.4,0,-79.7333333333333,0,-81.4666666666667,-42.4666666666667,0,0,0,-81.4666666666667,0,-75,0,0,0,0,0,-72,0,-76.6666666666667,0,0,0,0,-72.8,0,-71.6666666666667,-90,0,0,0,0,0,-83.2,0,0,0,0,0,0,-61.3333333333333,0,-82.3333333333333,-66,-82.3333333333333,0,0,0,0,-77.1333333333333,0,-80.6,0,0,0,-74.5333333333333,0,0,0,0,-75,0,0,0,0,0,-72,-63.2666666666667,-76.6666666666667,0,0,0,-55.3333333333333,0,0,0,0,0,0,0,0,-63.2666666666667,0,0,0,-71.0666666666667,0,0,0,0,0,0,0,-34.0666666666667,-82.3333333333333,0,0,0,0,0,0,0,0,0,0,-78.8666666666667,0,0,0,0,0,0
19,-6.59,31.92,3.6,0.625446428571429,-26.0397337142857,-33.3468767142857,0.199639285714286,0.486932142857143,9.83929321428571,-4307.14285714286,0,0,0,0,0,0,0,0,0,0,0,0,0,0,0,0,0,0,0,0,0,0,0,0,0,0,0,0,0,0,0,0,0,0,0,0,0,0,0,0,0,-50,-66.4285714285714,0,-66.4285714285714,0,0,0,0,0,0,0,0,-66,0,-73.8571428571429,0,-61.4285714285714,0,-66.7142857142857,-87.0714285714286,0,0,0,0,0,0,0,0,0,0,0,-91.6428571428571,0,-67.8571428571429,-46.4285714285714,-84.3571428571429,0,0,-67.1428571428571,0,0,0,-19.7142857142857,0,-94.7857142857143,0,0,0,0,-67.1428571428571,0,-72.7857142857143,0,0,0,0,0,-69.8571428571429,0,-71.2857142857143,0,0,0,0,-60,0,-66.5,-86.8571428571429,0,0,0,0,0,-68.5714285714286,0,0,0,0,0,0,-65.7142857142857,0,-20.3571428571429,-45.7142857142857,-83.5714285714286,0,0,0,0,-89.7857142857143,0,-66.4285714285714,0,0,0,-61.4285714285714,0,-62.8571428571429,0,0,-72.7857142857143,0,0,0,0,0,-69.8571428571429,-15.6428571428571,-71.2857142857143,0,0,0,-59.2857142857143,0,0,0,0,0,0,0,0,-15.6428571428571,0,0,0,-58.5714285714286,0,0,0,0,0,0,0,0,-67.8571428571429,0,0,0,0,0,0,0,0,0,0,-19.5,0,0,0,0,0,0
20,-6.55,31.1,3.6,4.67316176470588,-25.0665450588235,-32.7176484117647,0.0130676470588235,0.582176470588235,9.76707405882353,-4370.58823529412,0,0,0,0,0,0,0,0,0,0,0,0,0,0,0,0,0,0,0,0,0,0,0,0,0,0,0,0,0,0,0,0,0,0,0,0,0,0,0,0,0,-16.4705882352941,-82.0588235294118,0,-82.0588235294118,0,0,0,0,0,0,0,0,-74.1176470588235,0,-82.9411764705882,0,-75.8823529411765,0,-63.4705882352941,-83.7058823529412,0,0,0,0,0,0,0,0,0,0,0,-80.2941176470588,0,-83.8235294117647,-61.9411764705882,-85,0,0,-94,0,0,0,0,0,-83.8235294117647,0,0,0,0,-22.1176470588235,0,-70.7058823529412,0,-71.8823529411765,0,0,0,-74.3529411764706,0,-70,0,0,0,0,-19.7647058823529,0,-61.9411764705882,-82.9411764705882,0,0,0,0,0,-22.5882352941176,0,0,0,0,0,0,-81.1764705882353,0,0,-60.9411764705882,-84.7647058823529,0,0,0,0,-91.5294117647059,0,-21.8823529411765,0,0,0,-75.8823529411765,0,-70.5882352941177,0,0,-70.7058823529412,0,0,0,0,0,-74.3529411764706,0,-70,0,0,0,-73.2352941176471,0,0,0,0,0,0,0,0,0,0,0,0,-19.2941176470588,0,0,0,0,0,0,0,0,-22.3529411764706,0,0,0,0,0,0,0,0,0,0,0,0,0,0,0,0,0
21,-6.47999999999999,30.31,3.6,5.81160714285714,-25.7508938571429,-27.8964296666667,-0.00171428571428571,0.490792857142857,9.88837919047619,-4019.04761904762,0,0,0,0,0,0,0,0,0,0,0,0,0,0,0,0,0,0,0,0,0,0,0,0,0,0,0,0,0,0,0,0,0,0,0,0,0,0,0,0,0,0,-8.85714285714286,0,-8.85714285714286,0,0,0,0,0,0,0,0,-60,0,-67.1428571428571,0,-57.3333333333333,0,-64.4285714285714,-80.4285714285714,0,0,0,0,0,0,0,0,0,0,0,-65,0,-89,-61.5238095238095,-76.2857142857143,0,0,-67.1428571428571,0,-12.5714285714286,0,0,0,-67.8571428571429,0,0,0,0,0,0,-73.5714285714286,0,-67.1428571428571,0,0,-9,-77.2857142857143,0,-71.2857142857143,-11.2857142857143,0,0,0,0,0,-64.4285714285714,-80.5714285714286,0,0,0,-85.9523809523809,-12.1428571428571,-13.5714285714286,0,0,0,0,0,0,-88,-64.2380952380952,0,-68.8571428571429,-75.4285714285714,0,0,0,0,-65.7142857142857,0,0,0,0,0,-8.19047619047619,0,-57.1428571428571,0,0,-73.5714285714286,-11.7142857142857,0,0,0,0,-77.4285714285714,0,-71.2857142857143,0,0,0,-55.3333333333333,0,0,0,0,0,0,0,0,0,0,0,0,0,0,0,0,0,0,0,0,-12.1428571428571,0,0,0,0,0,0,0,0,0,0,0,0,0,0,0,0,0,0
22,-6.39,29.55,3.6,4.6434375,-26.99156345,-30.34593875,-0.0192,0.46869,9.9362853,-4155,0,0,0,0,0,0,0,0,0,0,0,0,0,0,0,0,0,0,0,0,0,0,0,0,0,0,0,0,0,0,0,0,0,0,0,0,0,0,0,0,0,0,0,0,0,0,0,0,0,0,0,0,0,-33.6,0,-37.6,0,0,0,-53.6,-78.8,0,0,0,0,0,0,0,0,0,0,0,-36.4,0,-87.8,-66.2,-76.8,0,0,-75.2,0,-88,0,0,-48.6,-38,0,0,0,0,0,0,-69.8,0,-95.8,0,0,-50.4,-77.2,0,-75.4,-63.2,0,0,0,0,0,-53.6,-79.2,0,0,0,-76,-68,-76,0,0,0,0,0,0,-70.4,-56.8,-52.2,-66.8,-76.8,0,0,0,0,-73.6,0,0,0,0,0,0,0,-78.8,0,0,-69.8,-65.6,0,0,0,-38.4,-77.6,-36,-75.4,0,0,0,0,0,0,0,0,0,0,0,0,0,0,0,0,0,0,0,0,0,0,0,0,-68,0,0,0,0,0,0,0,0,0,0,0,0,0,0,0,0,-48,0
23,-6.35,28.75,3.6,4.33026315789474,-28.7526330526316,-30.3976987368421,-0.113163157894737,0.596321052631579,10.0132268947368,-4178.94736842105,0,0,0,0,0,0,0,0,0,0,0,0,0,0,0,0,0,0,0,0,0,0,0,0,0,0,0,0,0,0,0,0,0,-13.8947368421053,0,0,0,-12.6315789473684,0,0,0,0,0,0,0,0,0,0,0,0,0,0,0,0,0,0,0,0,0,-58.0526315789474,-74.1052631578947,0,0,0,0,0,-63.6315789473684,0,0,0,0,0,-56.7894736842105,0,-64.1052631578947,-50.6315789473684,-73.7894736842105,0,0,-14.8421052631579,0,-64.8421052631579,0,0,-59.6842105263158,0,0,0,0,0,0,0,-64.9473684210526,0,-71.4736842105263,0,0,-46.4210526315789,-82.2631578947368,0,-82.8947368421053,-58.2105263157895,0,0,0,0,0,-58.2105263157895,-74.1052631578947,0,0,-13.2631578947368,-70,-62.6315789473684,-84.8421052631579,0,0,0,0,0,0,-70.6842105263158,-52.3157894736842,-88.1578947368421,-59.9473684210526,-73.7894736842105,0,0,0,-50.6315789473684,-72,0,0,0,0,0,0,0,-57.4736842105263,0,0,-65.1052631578947,-60.4210526315789,0,0,0,-47.1578947368421,-97.4736842105263,-54.3157894736842,-82.2105263157895,0,0,0,0,0,0,0,0,0,0,0,0,0,0,0,0,0,0,0,0,0,0,0,0,-62.6315789473684,0,0,0,0,0,0,0,0,0,0,0,0,0,0,0,0,-58.9473684210526,0
24,-6.29,27.96,3.6,3.22625013333333,-30.1437516,-26.9875018,-0.2528,1.00534,9.99404053333333,-4186.66666666667,0,0,0,0,0,0,0,0,0,0,0,0,0,0,0,0,0,0,0,0,0,0,0,0,0,0,0,0,0,0,0,0,0,-76.2666666666667,0,0,0,-69.3333333333333,0,0,0,0,0,0,0,0,0,0,0,0,0,0,0,0,0,0,0,0,0,-55.4,-73.2,0,0,0,0,0,-80.6,0,0,0,0,-14.6,-82.8,0,-75.4,-51.1333333333333,-73.6,0,0,0,0,-87.6,0,0,-70.2,0,0,0,0,0,0,0,-63.8,0,-84.0666666666667,0,0,-54.6,-82.2,0,-83.8,-68.4666666666667,0,0,0,0,0,-56.2,-73.2,0,0,-72.8,0,-73.6666666666667,-94.2,0,0,0,0,0,-14.6,-82.8,0,-90,-50.2666666666667,-73.6,0,0,0,-64.1333333333333,-72.8,0,0,0,0,0,0,0,-67.6,0,0,-64.8,-71.0666666666667,0,0,0,-55.4666666666667,-83,-55.4666666666667,-83.8,0,0,0,0,0,0,0,0,0,0,0,0,0,0,0,0,0,0,0,0,0,0,0,0,-73.6666666666667,0,0,0,0,0,0,0,0,0,0,0,0,0,0,0,0,-69.3333333333333,0
25,-6.22,27.14,3.6,2.85592115789474,-31.9983564210526,-25.0273037368421,0.15116052631579,1.28273684210526,9.71820052631579,-4057.89473684211,0,0,0,0,0,0,0,0,0,0,0,0,0,0,0,0,0,0,0,0,0,0,0,0,0,0,0,0,0,0,0,0,-34.5789473684211,-69.4736842105263,0,0,0,-63.1578947368421,0,0,0,0,0,0,0,0,0,0,0,0,0,0,0,0,0,0,0,0,0,-45,-74.9473684210526,0,0,0,0,0,-93.9473684210526,0,0,0,0,-57.6315789473684,-82.4736842105263,0,-86.0526315789474,-60.4210526315789,-71.3157894736842,0,0,0,0,-67.8947368421053,0,0,-42.6315789473684,0,0,0,0,0,0,0,-61.8421052631579,0,-51.0526315789474,0,0,0,-88.4210526315789,0,-86.3157894736842,-34.1052631578947,0,0,0,0,0,-45,-74.9473684210526,0,0,-66.3157894736842,-45.4736842105263,0,-75,0,0,0,0,0,-57.6315789473684,-82.4736842105263,0,-86.6842105263158,-59.4210526315789,-71.3157894736842,0,0,0,-58.4210526315789,-86.3684210526316,0,0,0,0,0,0,0,-41.0526315789474,0,0,-62.3684210526316,0,0,0,0,-33.6842105263158,-87.9473684210526,-50.5263157894737,-86.3157894736842,0,0,0,0,0,0,0,0,0,0,0,0,0,0,0,0,0,0,0,0,0,0,0,0,0,0,0,0,0,0,0,0,0,0,0,0,0,0,0,0,0,-42.1052631578947,0
26,-6.16999999999999,26.33,3.6,2.089453125,-29.2980478125,-28.1976573125,0.053428125,0.317128125,9.841809875,-4325,0,0,0,0,0,0,0,0,0,0,0,0,0,0,0,0,0,0,0,0,0,0,0,0,0,0,0,0,0,0,0,0,-63.875,-77,0,0,0,-77.5,0,0,0,0,0,0,0,0,0,0,0,0,0,0,0,0,0,0,0,0,0,-58.875,-78.5,0,0,0,0,0,-94.375,0,0,0,0,-63.875,-77.375,0,-85,-54.25,-73.75,0,0,0,0,-75.25,0,0,0,0,0,0,0,0,0,0,-65.625,0,0,0,0,0,-91.875,0,-91.875,-68.875,0,0,0,0,0,-59.5,-78.5,0,0,-73.5,-84,0,-83.125,0,0,0,0,0,-63.875,-77.375,0,-84.25,-62.25,-73.75,0,0,0,-27.75,-85.25,0,0,0,0,0,0,0,0,0,0,-65.625,0,0,0,0,0,-91.5,-56,-78.75,0,0,0,0,0,0,0,0,0,0,0,0,0,0,0,0,0,0,0,0,0,0,0,0,0,0,0,0,0,0,0,0,0,0,0,0,0,0,0,0,0,0,0
27,-6.14,25.51,3.6,-2.48229166666667,-28.8822929444444,-24.5625010555556,-0.0707083333333333,0.419683333333333,9.90616716666667,-4505.55555555556,0,0,0,0,0,0,0,0,0,0,0,0,0,0,0,0,0,0,0,0,0,0,0,0,0,0,0,0,0,0,0,0,-56.7777777777778,-9.77777777777778,0,0,0,-59.1111111111111,0,0,0,0,0,0,0,0,0,0,0,0,0,0,0,0,0,0,0,0,0,-59.1111111111111,-76.4444444444444,0,0,0,0,0,-73.1111111111111,0,0,0,0,-65.8888888888889,-69.5555555555556,0,-85,-48.2222222222222,-72.1111111111111,0,0,0,0,-84.2222222222222,0,0,0,0,0,0,0,-63.1111111111111,0,0,-68.6666666666667,0,0,0,0,-71.1111111111111,-93,0,-72.3333333333333,-52.1111111111111,0,0,0,-67.5555555555556,0,-60.1111111111111,-76.4444444444444,0,0,-9.33333333333333,-74.6666666666667,0,-94.1111111111111,0,0,0,0,0,-56.7777777777778,-69.5555555555556,0,-85,-49,-72.1111111111111,0,-69.3333333333333,0,0,-64.5555555555556,0,0,0,0,0,0,0,-64,0,0,-68.6666666666667,0,0,0,0,0,-72.3333333333333,-7.11111111111111,-90.8888888888889,0,0,0,0,0,0,0,0,0,0,0,0,0,0,0,0,0,0,0,0,0,0,0,0,0,0,0,0,0,0,0,0,0,0,0,0,0,0,0,0,0,0,0
28,-6.1,24.75,3.6,-2.22708333333333,-27.8239595,-23.6083340555556,-0.0326583333333333,0.606058333333333,9.544117,-4261.11111111111,0,0,0,0,0,0,0,0,0,0,0,0,0,0,0,0,0,0,0,0,0,0,0,0,0,0,0,0,0,0,0,0,-56.7777777777778,0,0,0,-88.7777777777778,-63.3333333333333,0,0,0,0,0,0,0,0,0,0,0,0,0,0,0,0,0,0,0,0,0,-55.7222222222222,-76,0,0,0,-10.5555555555556,-8.77777777777778,-78.3333333333333,0,0,0,0,-65.4444444444444,-70.2222222222222,0,-80.2222222222222,-55.1111111111111,-73.4444444444444,0,0,-93,-66.1111111111111,-79.3333333333333,0,0,0,0,0,0,0,-59.1666666666667,-83.6666666666667,0,-74.5555555555556,0,0,0,0,-66.6666666666667,-89.7222222222222,0,-77.5,-55.8333333333333,-76.5,0,0,-67.5555555555556,-10.2222222222222,-54.7777777777778,-76.8888888888889,0,0,0,-74.6666666666667,0,-78.3333333333333,0,0,0,0,0,-65.7777777777778,-70.2222222222222,-63.2777777777778,-81,-55.7777777777778,-76,0,-65,0,0,-78.3888888888889,0,0,0,0,0,0,0,-60,-83.6666666666667,-56.6666666666667,-73.6666666666667,0,0,0,0,0,-77.5,0,-87.8333333333333,0,-76.5,0,0,0,0,0,0,0,0,0,0,0,0,0,0,0,0,0,0,0,0,0,0,0,0,0,0,0,0,0,0,0,0,0,0,0,0,0,0,0,0,0
29,-6.04,23.96,3.6,0.43125,-28.82206,-23.8775743529412,-0.272170588235294,0.693114705882353,9.91681823529412,-4441.17647058824,0,0,0,0,0,0,0,0,0,0,0,0,0,0,0,0,0,0,0,0,0,0,0,0,0,0,0,0,0,0,0,0,0,0,0,0,-94.5294117647059,-35.7647058823529,0,0,0,0,0,0,0,0,0,0,0,0,0,0,0,0,0,0,0,0,-49.2352941176471,-59.5294117647059,-80.2352941176471,0,0,0,-83.8235294117647,-69.7058823529412,-44.2352941176471,0,0,0,0,-53.8235294117647,-70.9411764705882,0,-82.5294117647059,-54.7058823529412,-76.4705882352941,0,0,-82.0588235294118,-61.7647058823529,-81.8823529411765,0,0,0,0,0,0,0,-62.6470588235294,-78.3529411764706,0,-71.5294117647059,0,0,0,0,-70.5882352941177,-95,0,-43.7647058823529,-31.5294117647059,-71.4705882352941,0,0,-67.0588235294118,-81.1764705882353,-59.0588235294118,-80.2352941176471,0,0,-41.8235294117647,-47.1176470588235,0,-92.9411764705882,0,0,0,0,0,-56.4705882352941,-70.4117647058823,-59.1176470588235,-82.5882352941177,-53.8235294117647,-76,0,-68.8235294117647,-47.1176470588235,-36,-81.4117647058823,0,0,0,0,0,0,0,-68.2941176470588,-78.8823529411765,-52.9411764705882,-71.5294117647059,0,0,0,0,0,-43.7647058823529,0,-82.0588235294118,-40.2352941176471,-71.4705882352941,0,0,0,0,0,0,0,0,0,0,0,0,0,0,0,0,0,0,0,0,0,0,0,0,0,0,0,0,-49.7647058823529,0,0,0,0,0,0,0,0,0,0,0,0
30,-6.00999999999999,23.14,3.6,3.24119318181818,-29.0335237272727,-28.9823874090909,-0.213627272727273,0.617809090909091,9.80499577272727,-4504.54545454545,0,0,0,0,0,0,0,0,0,0,0,0,0,0,0,0,0,0,0,0,0,0,0,0,0,0,0,0,0,0,0,0,0,0,0,0,-69.0909090909091,0,0,0,0,0,0,0,0,0,0,0,0,0,0,0,0,0,0,0,0,0,-67.6363636363636,-59.1818181818182,-76.2727272727273,0,0,0,-93.9090909090909,-57.4545454545455,0,0,0,0,0,-50,-71.4545454545455,0,-76.6363636363636,-45.0909090909091,-81.7272727272727,0,0,-91.4545454545455,-50.9090909090909,-85,0,0,0,0,0,0,0,-63.0909090909091,-78.4545454545455,0,-76.1818181818182,0,0,0,0,-14.5454545454545,-69.0909090909091,0,0,0,-58.9090909090909,0,0,-55.2727272727273,-94.2727272727273,-59.1818181818182,-77,0,0,-57.4545454545455,-64.7272727272727,0,-75.1818181818182,0,0,0,0,0,-63.8181818181818,-71.1818181818182,-48.7272727272727,-76.8181818181818,-44.3636363636364,-81.6363636363636,0,-14.1818181818182,-64.7272727272727,-49.4545454545455,-84.9090909090909,0,0,0,0,0,0,0,-67.9090909090909,-78.6363636363636,-43.6363636363636,-75.4545454545455,0,0,0,0,0,0,0,-67.6363636363636,-55.2727272727273,-58.9090909090909,0,0,0,0,0,0,0,0,0,0,0,0,0,0,0,0,0,0,0,0,0,0,0,0,0,0,0,0,-85.4545454545455,0,0,0,0,0,0,0,0,0,0,0,0
31,-5.98,22.34,3.6,1.88203125,-30.516797875,-28.51172025,-0.185053125,0.748865625,9.95563175,-4343.75,0,0,0,0,0,0,0,0,0,0,0,0,0,0,0,0,0,0,0,0,0,0,0,0,0,0,0,0,0,0,0,0,0,0,0,0,-71.25,0,0,0,0,0,0,0,0,0,0,0,0,0,0,0,0,0,0,0,0,0,-92.625,-44.25,-73.25,0,0,0,-68.25,-59.25,0,0,0,0,0,-62,-71.125,-22.875,-74,-69.5,-82.625,0,0,-69,-25.125,-84.75,0,0,0,0,0,0,0,-51.75,-78.625,0,-78.375,0,0,0,0,0,-71.25,0,0,0,0,0,0,-57,-69.75,-60.125,-73.25,0,0,-59.25,-90.125,0,-68.25,0,0,0,0,0,-46.5,-70.5,-23.625,-74,-68.875,-82.75,0,0,-88.625,-51,-83.75,0,0,0,0,0,0,0,-48.75,-78.625,0,-78.75,0,0,0,0,0,0,0,0,-57,0,0,0,0,0,0,0,0,0,0,0,0,0,0,0,0,0,0,0,0,0,0,0,0,0,0,0,0,0,-93.625,0,0,0,0,0,0,0,0,0,0,0,0
32,-5.91,21.54,3.6,3.25460526315789,-26.5588827894737,-27.0631588947368,-0.0517973684210526,0.511578947368421,10.1178006315789,-4257.8947368421,0,0,0,0,0,0,0,0,0,0,0,0,0,0,0,0,0,0,0,0,0,0,0,0,0,0,0,0,0,0,0,0,0,0,0,0,-45,0,0,0,0,0,0,0,0,0,0,0,0,0,0,0,0,0,0,0,0,0,-93.0526315789474,-62.6842105263158,-77.5263157894737,0,0,-34.7368421052632,-81.4210526315789,0,-48.4210526315789,0,0,0,0,-62,-78.7894736842105,-54.5789473684211,-70.5789473684211,-73.3684210526316,-73.3684210526316,0,0,-82.3157894736842,-59.9473684210526,-78.3684210526316,0,0,0,0,0,0,0,-61.7368421052632,-77.4736842105263,0,-83.7368421052632,0,0,0,0,0,-45,0,0,0,0,0,0,0,-83.2105263157895,-64.1052631578947,-77,0,0,-37.4210526315789,-87.7894736842105,0,-81.4210526315789,0,0,0,0,0,-55.4736842105263,-79.3157894736842,-56.3684210526316,-71.1052631578947,-73.3684210526316,-75.1578947368421,0,0,-88.5263157894737,-32.2105263157895,-77.8947368421053,0,0,0,0,0,0,0,-58.1578947368421,-77.4736842105263,0,-83.6842105263158,0,0,0,0,0,0,0,0,-36,0,0,0,0,0,0,0,0,0,0,0,0,0,0,0,0,0,0,0,0,0,0,0,0,0,0,0,0,0,-83.2105263157895,0,0,0,0,0,0,0,0,-49.4736842105263,0,0,0
33,-5.88,20.74,3.6,2.390625,-27.494532875,-20.5816415625,-0.022059375,0.65075625,9.9075379375,-4593.75,0,0,0,0,0,0,0,0,0,0,0,0,0,0,0,0,0,0,0,0,0,0,0,0,0,0,0,0,0,0,0,0,0,0,0,0,0,0,0,0,0,0,0,0,0,0,0,0,0,0,0,0,0,0,0,0,0,0,-70.5,-49.5,-85.3125,0,0,-49.5,-82.875,0,-69,0,0,0,0,-46.5,-83.1875,-45.75,-71.1875,-61.5,-61.5,0,0,-86.3125,-50.25,-79.25,0,0,0,0,0,0,0,-61.6875,-74.5625,-56.875,-91.25,0,0,0,0,0,0,-63.375,0,0,0,0,0,0,-88.125,-74.9375,-57.75,0,0,0,-63,0,-68.25,0,0,0,0,0,-67.6875,-84.1875,-47.25,-70.5625,-61.5,-63,0,0,-85.75,0,-79.25,0,0,0,0,0,0,0,-61.75,-74.5625,0,-91.0625,0,0,0,0,0,0,0,0,0,0,0,0,0,0,0,0,0,0,0,0,0,0,0,0,0,0,0,0,0,0,0,0,0,0,0,0,0,0,-69.75,0,0,0,0,0,0,0,0,-70.5,0,-58.5,0
34,-5.89,19.9107692307692,3.6,0.803365384615385,-26.4879821538462,-23.2096160769231,-0.173469230769231,0.591242307692308,10.1173159230769,-4500,0,0,0,0,0,0,0,0,0,0,0,0,0,0,0,0,0,0,0,0,0,0,0,0,0,0,0,-68.4615384615385,0,0,0,0,0,0,0,0,0,0,0,0,0,0,0,0,0,0,0,0,0,0,0,0,0,0,0,0,0,-53.8461538461538,-79.5384615384615,-55.8461538461538,-88.5384615384615,0,0,-55.8461538461538,-80.2307692307692,0,-77.8461538461538,0,0,0,0,-65.0769230769231,-81.4615384615385,-51.6153846153846,-68.6923076923077,-69.3846153846154,-69.3846153846154,0,0,-82.6923076923077,-56.6923076923077,-75.3846153846154,0,0,0,0,0,0,0,-60,-70.1538461538462,-59.2307692307692,-91.2307692307692,0,0,0,0,0,0,-66,0,0,0,0,0,0,-73.6153846153846,-65.1538461538462,-86.2307692307692,0,0,0,-80.9230769230769,0,-91,0,0,0,0,0,-66.6923076923077,-82.4615384615385,-53.3076923076923,-68.4615384615385,-69.3846153846154,-71.0769230769231,0,-53.8461538461538,-71.9230769230769,0,-75.3846153846154,0,0,0,0,0,0,0,-60.2307692307692,-68.6153846153846,0,-90.4615384615385,0,0,0,0,0,0,0,0,0,0,0,-63.8461538461538,0,0,0,0,0,0,0,0,0,0,0,0,0,0,0,0,0,0,0,0,0,0,0,0,0,0,-78.6923076923077,0,0,0,0,0,0,0,0,-79.5384615384615,0,-60.9230769230769,0
35,-5.89,19.04,3.6,2.96682692307692,-30.6057704615385,-25.8634623846154,-0.204242307692308,0.611919230769231,9.82855423076923,-4323.07692307692,0,0,0,0,0,0,0,0,0,0,0,0,0,0,0,0,0,0,0,0,0,0,0,0,0,0,0,-61.6153846153846,0,0,0,0,0,0,0,0,0,0,0,0,0,0,0,0,0,0,0,0,0,0,0,0,0,0,0,0,0,-48.4615384615385,-87.5384615384615,-45.6923076923077,-86.2307692307692,0,0,-64.1538461538462,-79.0769230769231,-62.7692307692308,-88.3076923076923,0,0,0,0,-45.6923076923077,-82.8461538461538,-4.69230769230769,-70.7692307692308,-6.30769230769231,-6.30769230769231,0,0,-80.1538461538462,-5.15384615384615,-71.2307692307692,0,0,0,0,0,0,0,-41.5384615384615,-68.0769230769231,-48.4615384615385,-89.1538461538462,0,0,0,0,0,0,-54,0,0,0,0,0,0,-60.2307692307692,-53.3076923076923,-61.6153846153846,0,0,-59.0769230769231,-80,0,-63,0,0,0,0,0,-45.6923076923077,-83.8461538461538,-4.84615384615385,-70.7692307692308,-6.30769230769231,-6.46153846153846,0,-48.4615384615385,-80.3846153846154,0,-70.3076923076923,0,0,0,0,0,-77.5384615384615,0,-41.5384615384615,-68.8461538461538,0,-88.1538461538462,0,0,0,0,0,0,0,0,0,0,0,-57.4615384615385,0,0,0,0,0,0,0,0,0,0,0,0,0,0,0,0,0,0,0,0,0,0,0,0,0,0,-7.15384615384615,0,0,0,0,0,0,0,0,-93.0769230769231,-85.8461538461538,-49.8461538461538,0
36,-5.89,18.2,3.6,-2.21105769230769,-28.3341356923077,-21.1240391538462,-0.118465384615385,0.657842307692308,9.80656215384615,-4492.30769230769,0,0,0,0,0,0,0,0,0,0,0,0,0,0,0,0,0,0,0,0,0,0,0,0,0,0,0,-75.3076923076923,0,0,0,0,0,0,0,0,0,0,0,0,0,0,0,0,0,0,0,0,0,0,0,0,0,0,0,0,0,-59.2307692307692,-73.6153846153846,-10.1538461538462,-84.3076923076923,0,0,-54.1538461538462,-74.7692307692308,-57.5384615384615,-83.7692307692308,0,0,0,0,-55.8461538461538,-85.5384615384615,0,-70.1538461538462,0,0,0,-57.5384615384615,-77.4615384615385,0,-65.9230769230769,0,0,0,0,-65.1538461538462,0,0,-50.7692307692308,-75.6153846153846,-59.2307692307692,-91.5384615384615,0,0,0,0,0,0,-66,0,0,0,0,0,0,-73.6153846153846,-65.1538461538462,-84.7692307692308,0,0,-67.3846153846154,-74.9230769230769,0,-77,0,0,0,0,0,-71.9230769230769,-84.8461538461538,-49.9230769230769,-70.1538461538462,0,0,0,-59.2307692307692,-76.6153846153846,-40.6153846153846,-64.9230769230769,0,0,0,0,0,-71.0769230769231,0,-50.7692307692308,-75.7692307692308,0,-91.3846153846154,0,0,0,-78.6923076923077,0,0,0,0,0,0,0,-70.2307692307692,0,0,0,0,0,0,0,0,0,0,0,0,0,0,0,0,0,0,0,0,0,0,0,0,0,0,0,0,0,0,0,0,0,0,0,-89.6153846153846,-88.7692307692308,-60.9230769230769,0
37,-5.9,17.38,3.6,1.91517857142857,-26.0812511428571,-15.6723222857143,-0.108932142857143,0.733296428571429,9.97628614285714,-4657.14285714286,0,0,0,0,0,0,0,0,0,0,0,0,0,0,0,0,0,0,0,0,0,0,0,0,0,0,0,-76.2857142857143,0,0,0,0,0,0,0,0,0,0,0,0,0,0,0,0,0,0,0,0,0,0,0,0,0,0,0,0,0,-60,-74.5714285714286,0,-87.4285714285714,0,0,-54.8571428571429,-74.5714285714286,-58.2857142857143,-71.1428571428571,0,0,0,0,-56.5714285714286,-73.7142857142857,0,-72.8571428571429,0,0,0,-58.2857142857143,-75.8571428571429,0,-65.5714285714286,0,0,0,0,-66,0,0,-51.4285714285714,-81,-30,-91.4285714285714,0,0,0,0,0,0,-33.4285714285714,0,0,0,0,0,0,-37.2857142857143,-33,-87.4285714285714,0,0,-62.2857142857143,-74.5714285714286,-37.1428571428571,-88.1428571428571,0,0,0,0,0,-62.5714285714286,-72.8571428571429,-50.5714285714286,-73.4285714285714,0,0,0,-60,-75.4285714285714,-41.1428571428571,-65.1428571428571,0,0,0,0,0,-72,0,-51.4285714285714,-81,0,-92,0,0,0,-94.1428571428571,0,0,0,0,0,0,0,-71.1428571428571,0,0,0,0,0,0,0,0,0,0,0,0,0,0,0,0,0,0,0,0,0,0,0,0,0,0,0,0,0,0,0,0,0,0,0,-89.5714285714286,-75.4285714285714,-30.8571428571429,0
38,-5.89,16.56,3.6,0.24875,-25.8962512666667,-21.8375008,-0.25732,0.31599,9.62186066666666,-4646.66666666667,0,0,0,0,0,0,0,0,0,0,0,0,0,0,0,0,0,0,0,0,0,0,0,0,0,0,0,-29.6666666666667,0,0,0,0,0,0,0,0,0,0,0,0,0,0,0,0,0,0,0,0,0,0,0,0,0,0,0,0,0,-23.3333333333333,-75.4,0,-78,0,0,-62.4,-73.4,-58.9333333333333,-79,0,0,0,0,-22,-74.5333333333333,0,-74.2,0,0,0,-58.9333333333333,-69.4,0,-60.4,0,0,0,0,-66.7333333333333,0,0,-70.4,-88,0,-93.4,0,0,0,-72.8,0,0,0,0,0,0,0,0,0,0,0,-78,0,0,-61.2,-73.4,-56.3333333333333,-80.4,0,0,0,0,0,-63.2666666666667,-73.6666666666667,-51.1333333333333,-73.6,0,0,0,-23.3333333333333,-69.4,-41.6,-60.4,0,0,0,0,0,-81.6,0,-20,-87.2,0,-94.4,0,0,0,-82.3333333333333,0,0,0,0,0,0,0,-27.6666666666667,0,0,0,0,0,0,0,0,0,0,0,0,0,0,0,0,0,0,0,0,0,0,0,0,0,0,-75.2,0,0,0,0,0,0,0,0,-86,-76.2666666666667,-56,0
39,-5.88,15.76,3.6,1.2825,-26.5400014,-29.8737514666667,-0.31068,0.3532,9.80406046666667,-4700,0,0,0,0,0,0,0,0,0,0,0,0,0,0,0,0,0,0,0,0,0,0,0,0,0,0,0,-63.8,0,0,0,0,0,0,0,0,0,0,0,0,0,0,0,0,0,0,0,0,0,0,0,0,0,0,0,0,0,0,-23.2,0,-78,0,0,-62.7333333333333,-74.4666666666667,-18.1333333333333,-67.6,0,0,0,0,0,-91.1333333333333,0,-74.7333333333333,0,0,0,-58.9333333333333,-58.9333333333333,0,-58.2666666666667,0,0,0,0,-66.7333333333333,0,0,-73.7333333333333,-82.4,0,-81.4666666666667,0,0,0,-91,0,0,0,0,0,0,0,0,0,0,0,-78,0,0,-62.7333333333333,-74.4666666666667,-65,-68.4666666666667,0,0,-69.6666666666667,0,0,-63.2666666666667,-73.6666666666667,-51.1333333333333,-74.4666666666667,0,0,0,0,-58.9333333333333,-41.6,-51.1333333333333,0,0,0,0,0,-70.2,0,-49.8666666666667,-82.1333333333333,0,-82.3333333333333,0,0,0,-82.3333333333333,0,0,0,0,0,0,0,0,0,0,0,0,0,0,0,0,0,0,0,0,0,0,0,-64.5333333333333,0,0,0,0,0,0,0,0,0,0,-93.2666666666667,0,0,0,0,0,0,0,0,-73.6666666666667,-76.2666666666667,-60.6666666666667,0
40,-5.85,14.97,3.6,2.02830882352941,-27.7158098235294,-32.9382366470588,-0.296241176470588,0.454058823529412,9.78782705882353,-4558.82352941176,0,0,0,0,0,0,0,0,0,0,0,0,0,0,0,0,0,0,0,0,0,0,0,0,0,0,0,-61.4117647058824,0,0,0,0,0,0,0,0,0,0,0,0,0,0,0,0,0,0,0,0,0,0,0,0,0,0,0,0,0,-19.4117647058824,-62.7058823529412,0,-63.5294117647059,0,0,-60.1764705882353,-74.7647058823529,0,-77,0,0,0,0,0,-65.6470588235294,0,-73.5882352941177,0,0,0,-16.1764705882353,-71,0,-45.1176470588235,0,0,0,0,0,0,0,-52.2352941176471,-67.2941176470588,-61.9411764705882,-66.3529411764706,0,0,0,-86.5294117647059,0,0,0,0,0,0,0,0,0,0,0,-63.5294117647059,0,0,-59.5882352941176,-74.7647058823529,-45.8823529411765,-77,0,0,-67.0588235294118,0,0,-62.7058823529412,-27.6470588235294,0,-73.5882352941177,0,0,0,-48.1764705882353,-71,0,-45.8823529411765,0,0,0,0,0,-57.1764705882353,0,-67.5882352941177,-66.5294117647059,0,-67.0588235294118,0,0,0,-71.8823529411765,-26.7647058823529,0,0,0,0,0,0,-65.7647058823529,0,0,-65,0,0,0,0,0,0,0,0,0,0,0,0,-66.5294117647059,0,0,0,0,0,0,0,0,0,0,-93.4117647058823,0,0,0,0,0,0,0,0,-69.5882352941177,-68.8235294117647,-49.4117647058824,0
41,-5.83,14.13,3.6,0.659765625,-32.95547025,-25.3675795,-0.273759375,0.688125,9.8385756875,-4625,0,0,0,0,0,0,0,0,0,0,0,0,0,0,0,0,0,0,0,0,0,0,0,0,0,0,0,-76.125,0,0,0,0,0,0,0,0,0,0,0,0,0,0,0,0,0,0,0,0,0,0,0,0,0,0,0,0,0,-57.75,-80.75,0,0,0,0,-65.0625,-77.125,0,-77,0,0,0,0,0,-81.375,-19.0625,-75,0,0,0,-48.125,-69.4375,-17.1875,-62.125,0,0,0,0,0,0,0,-64.75,-77,-70.875,-94.3125,0,0,0,-93.375,0,0,0,0,0,0,0,0,0,0,0,0,0,0,-63.6875,-77.75,-56.875,-77,0,0,-83.125,0,0,-71.75,-82.25,0,-75,0,0,0,-55.125,-69.4375,0,-62.8125,0,0,0,0,0,-77.5625,-28.125,-60.375,-89.1875,0,-65.3125,0,0,0,-82.25,-79.625,0,0,0,0,0,0,-75.25,0,0,-74.375,0,0,0,0,0,0,0,0,0,0,0,0,-76.125,0,0,0,0,0,0,0,0,0,0,-91.375,0,0,0,0,0,0,0,0,-79.625,-78.75,-48.125,0
42,-5.82,13.38,3.6,-3.38161764705882,-30.5525749411765,-20.4606623529412,-0.0495264705882353,0.594414705882353,10.0209268235294,-4488.23529411765,0,0,0,0,0,0,0,0,0,0,0,0,0,0,0,0,0,0,0,0,0,0,0,0,0,0,0,-40.9411764705882,0,0,0,0,0,0,0,0,0,0,0,0,0,0,0,0,0,0,0,0,0,0,0,0,0,0,0,0,0,-69.8823529411765,-59.6470588235294,0,0,0,0,-48.1764705882353,-55.8235294117647,0,-58.8823529411765,0,0,0,0,0,-43.7647058823529,-46.6470588235294,-79.5294117647059,0,0,0,-42.0588235294118,-66.6470588235294,-42.0588235294118,-71.5882352941177,0,0,0,0,0,-58.8823529411765,0,-34.8235294117647,-90.5882352941177,-61.9411764705882,-72.6470588235294,0,0,0,-87.4705882352941,0,0,0,0,0,0,0,0,0,0,0,0,0,0,-48.1764705882353,-57.3529411764706,-30.5882352941176,-75.0588235294118,0,0,-44.7058823529412,0,0,-62.7058823529412,-71.8823529411765,0,-79.5294117647059,0,0,0,-48.1764705882353,-66.6470588235294,0,-71.5882352941177,0,0,0,0,0,-53.5294117647059,-68.8235294117647,-52.7647058823529,-71.8823529411765,0,0,0,0,-51.1176470588235,-71.8823529411765,-69.5882352941177,0,0,0,0,0,0,-65.7647058823529,0,0,-65,0,0,0,0,0,0,0,0,0,0,0,0,-66.5294117647059,0,0,0,0,0,0,0,0,0,0,-68.8235294117647,0,0,0,0,0,0,0,-49.8235294117647,-69.5882352941177,-68.8235294117647,0,0
43,-5.78,12.65,3.6,-2.60921052631579,-29.1976984210526,-28.7171067368421,-0.214263157894737,0.445744736842105,9.849411,-4600,0,0,0,0,0,0,0,0,0,0,0,0,0,0,0,0,0,0,0,0,0,0,0,0,0,0,0,0,0,0,0,0,0,0,0,0,0,0,0,0,0,0,0,0,0,0,0,0,0,0,0,0,0,0,0,0,0,-60.6315789473684,-65.6842105263158,0,0,0,0,-56.7368421052632,-75.7894736842105,0,-76.1052631578947,0,0,0,0,0,0,-51.3684210526316,-81.4736842105263,0,0,0,-46.3157894736842,-67.3684210526316,-46.3157894736842,-70.8947368421053,0,0,0,0,0,-81.7894736842105,0,0,-77.4736842105263,-17.0526315789474,-80,0,0,0,-80.5263157894737,0,0,0,0,0,0,0,0,0,-4,0,0,0,0,-56.7368421052632,-80.5263157894737,0,-75.4736842105263,0,0,0,0,0,-17.2631578947368,-79.1578947368421,0,-81.4736842105263,0,0,0,-13.2631578947368,-67.3684210526316,0,-70.8947368421053,0,0,0,0,0,-58.9473684210526,-80.2105263157895,-58.1052631578947,-79.1578947368421,0,0,0,0,-66.5263157894737,-24.3684210526316,-76.6315789473684,0,0,0,0,0,0,-18.1052631578947,0,0,-17.8947368421053,0,0,0,0,0,0,0,0,0,0,0,0,-18.3157894736842,0,0,0,0,0,0,0,0,0,0,-86.3684210526316,0,0,0,0,0,0,0,-64.8421052631579,-19.1578947368421,-18.9473684210526,0,-58.9473684210526
44,-5.75,11.9,3.6,1.3,-30.3758942380952,-33.0098234761905,-0.04295,0.326328571428571,9.93405038095238,-4614.28571428571,0,0,0,0,0,0,0,0,0,0,0,0,0,0,0,0,0,0,0,0,0,0,0,0,0,0,0,0,0,0,0,0,0,0,0,0,0,0,0,0,0,0,0,0,0,0,0,0,0,0,0,0,0,0,0,0,0,-61.7142857142857,-52,0,0,0,0,-69.6190476190476,-77.7142857142857,0,-74,0,0,0,0,0,0,-40.6666666666667,-84.0952380952381,0,0,0,0,-70.5714285714286,-36.6666666666667,-75,0,0,0,0,0,-80.1904761904762,0,0,-78.8571428571429,0,-63.3333333333333,0,0,0,-72.8571428571429,0,0,0,0,0,0,0,0,0,-68.7619047619048,0,0,0,0,-69.6190476190476,-81.6190476190476,0,-73.6190476190476,0,0,0,0,0,0,0,-28.1904761904762,-84.0952380952381,0,0,0,-22.8571428571429,-70.5714285714286,-27.4285714285714,-74.6190476190476,0,0,0,0,0,-46.6666666666667,-83.6190476190476,-33.1428571428571,-62.6666666666667,0,0,0,0,-67.7142857142857,-78.7142857142857,0,0,0,0,0,0,0,0,0,0,0,0,0,0,0,0,0,0,0,0,0,0,0,0,0,0,0,0,0,0,0,0,0,0,-92.1428571428571,0,0,0,0,0,0,0,-66,0,0,0,-68.5714285714286
45,-5.71,11.17,3.6,5.17901785714286,-31.6031268571429,-32.6558047857143,-0.305614285714286,0.430060714285714,9.78006485714286,-4621.42857142857,0,0,0,0,0,0,0,0,0,0,0,0,0,0,0,0,0,0,0,0,0,0,0,0,0,0,0,0,0,0,0,0,0,0,0,0,0,0,0,0,0,0,0,0,0,0,0,0,0,0,0,0,0,0,0,0,0,-46.2857142857143,0,0,0,0,0,-71.1428571428571,-82.4285714285714,0,-72.2142857142857,0,0,0,0,0,0,0,-69.4285714285714,0,0,0,0,-67.5,0,-76.7857142857143,0,0,0,0,0,-84.0714285714286,0,0,-59.1428571428571,-31.4285714285714,0,0,0,0,-72.8571428571429,0,0,0,0,0,0,0,0,0,-65.1428571428571,0,0,0,0,-71.1428571428571,-82.4285714285714,0,-71.9285714285714,0,0,0,0,0,0,0,-71.8571428571429,-84.9285714285714,0,0,0,-61.7857142857143,-67.5,-61.7142857142857,-75.7857142857143,0,0,0,0,0,0,-84.4285714285714,-74.5714285714286,0,0,0,0,0,-50.7857142857143,-74.5714285714286,0,0,0,0,0,0,0,0,0,0,0,0,0,0,0,0,0,0,0,0,0,0,0,0,0,0,0,0,0,0,0,0,0,0,-92.5714285714286,0,0,0,0,0,0,0,-49.5,0,0,0,-68.5714285714286
46,-5.68,10.38,3.6,8.5437505,-34.3046891666667,-26.3281261666667,-0.265675,0.1847375,9.60425025,-5000,0,0,0,0,0,0,0,0,0,0,0,0,0,0,0,0,0,0,0,0,0,0,0,0,0,0,0,0,0,0,0,0,0,0,0,0,0,0,0,0,0,0,0,0,0,0,0,0,0,0,0,0,0,0,0,0,0,0,0,0,0,0,0,-62.5,-70.8333333333333,0,-73,0,0,0,0,0,0,0,-84.3333333333333,0,0,0,0,-76.6666666666667,0,-78.6666666666667,0,0,0,0,0,-84.6666666666667,0,0,0,-73.3333333333333,0,0,0,-46.6666666666667,-28.3333333333333,0,0,0,0,0,0,0,0,0,-63.3333333333333,0,0,0,0,-62.5,-82.3333333333333,0,-73.3333333333333,0,0,0,0,0,0,0,-56.6666666666667,-88.6666666666667,0,0,0,-54.1666666666667,-75.3333333333333,-60,-77.6666666666667,0,0,0,0,0,0,-85,-72.5,0,0,0,0,0,0,-72.5,0,0,0,0,0,0,0,0,0,0,0,0,0,0,0,0,0,0,0,0,0,0,0,0,0,0,0,0,0,0,0,0,0,0,-88,0,0,0,0,0,0,0,0,0,0,0,-26.6666666666667
47,-5.66,9.59,3.6,4.39615384615385,-34.2894248461538,-27.6389434615385,0.150542307692308,0.402623076923077,9.97236984615385,-4569.23076923077,0,0,0,0,0,0,0,0,0,0,0,0,0,0,0,0,0,0,0,0,0,0,0,0,0,0,0,0,0,0,0,0,0,0,0,0,0,0,0,0,0,0,0,0,0,0,0,0,0,0,0,0,0,0,0,0,0,0,0,0,0,0,0,-51.9230769230769,-86.8461538461538,0,-69.4615384615385,0,0,0,0,0,0,0,-87.2307692307692,0,0,0,0,-79.6153846153846,0,-79.2307692307692,0,0,0,0,0,-83.3846153846154,0,0,0,-60.9230769230769,0,0,0,-48.4615384615385,-51.6923076923077,0,0,0,0,0,0,0,0,0,-29.2307692307692,0,0,0,0,-69.4615384615385,-56.0769230769231,0,-69.4615384615385,0,0,0,0,0,0,0,-68.6153846153846,-88.2307692307692,0,0,0,-45,-78.8461538461538,-69.5384615384615,-78.8461538461538,0,0,0,0,0,0,-82.7692307692308,-60.2307692307692,0,0,0,0,0,0,-85.1538461538462,0,0,0,0,0,0,0,0,0,0,0,0,0,0,0,0,0,0,0,0,0,0,0,0,0,0,0,0,0,0,0,0,0,0,-84.5384615384615,0,0,0,0,0,0,0,0,0,0,0,0
48,-5.66999999999999,8.8,3.6,1.04598214285714,-33.9883945714286,-34.7665186428571,-0.225203571428571,0.150064285714286,9.91798985714286,-4950,0,0,0,0,0,0,0,0,0,0,0,0,0,0,0,0,0,0,0,0,0,0,0,0,0,0,0,0,0,0,0,0,0,0,0,0,0,0,0,0,0,0,0,0,0,0,0,0,0,0,0,0,0,0,0,0,0,0,0,0,0,0,0,-64.2857142857143,-75.4285714285714,0,-69.2142857142857,0,0,0,0,0,0,0,-90.1428571428571,0,0,0,0,-78.9285714285714,-23.9285714285714,-80.7142857142857,0,0,0,0,-25.3571428571429,-81.2142857142857,0,0,0,-75.4285714285714,0,0,0,-70.3571428571429,-84.7142857142857,0,0,0,0,0,0,0,0,0,0,0,0,0,0,-56.5714285714286,-86,0,-69.2142857142857,0,0,0,0,0,0,0,-70.0714285714286,-76.2857142857143,0,0,0,-55.7142857142857,-78.5714285714286,-68,-80.7142857142857,0,0,0,0,0,0,-80.2142857142857,-55.9285714285714,0,0,0,0,0,-25.3571428571429,-84.7142857142857,0,0,0,0,0,0,0,0,0,0,0,0,0,0,0,0,0,0,0,0,0,0,0,0,0,0,0,0,0,0,0,0,0,0,-83,0,0,0,0,0,0,0,0,0,0,0,0
49,-5.64,7.99000000000001,3.6,-4.51323529411765,-32.0647074117647,-35.9669133529412,-0.305417647058824,0.1944,9.78783582352941,-5058.82352941176,0,0,0,0,0,0,0,0,0,0,0,0,0,0,0,0,0,0,0,0,0,0,0,0,0,0,0,0,0,0,0,0,0,0,0,0,0,0,0,0,0,0,0,0,0,0,0,0,0,0,0,0,0,0,0,0,0,0,0,0,0,0,0,-35.2941176470588,-92.5294117647059,0,-74.3529411764706,0,0,0,0,0,0,0,-71.8823529411765,0,0,0,-45.9411764705882,-77,-51.2352941176471,-84.5882352941177,0,0,0,0,-54.2941176470588,-76.7058823529412,0,0,0,-41.4117647058824,0,0,0,-74.2352941176471,-84.0588235294118,0,0,0,0,0,0,0,0,0,0,0,0,0,0,-50.4705882352941,-72.6470588235294,0,-74.3529411764706,0,0,0,0,0,0,0,-55.0588235294118,-92.8823529411765,0,0,0,-30.5882352941176,-76.6470588235294,-52,-84.5882352941177,0,0,0,0,0,0,-76.3529411764706,0,0,0,0,0,0,-74.8823529411765,-84.0588235294118,0,0,0,0,0,0,0,0,0,0,0,0,0,0,0,0,0,0,0,0,0,0,0,0,-60.1764705882353,0,0,0,0,0,0,0,0,0,-77.1764705882353,0,0,0,0,0,0,0,0,0,0,0,0
50,-5.64,7.22,3.6,1.57083333333333,-26.0354181111111,-37.0635430555556,-0.139958333333333,0.238266666666667,9.96705044444444,-5044.44444444444,0,0,0,0,0,0,0,0,0,0,0,0,0,0,0,0,0,0,0,0,0,0,0,0,0,0,0,0,0,0,0,0,0,0,0,0,0,0,0,0,0,0,0,0,0,0,0,0,0,0,0,0,0,0,0,0,0,0,0,0,0,0,0,-4.72222222222222,-79.1666666666667,-3.55555555555556,-78.7777777777778,0,0,0,0,0,0,0,-78.3333333333333,0,0,0,-59.1666666666667,-86.2777777777778,-55.8333333333333,-83.7777777777778,0,0,0,0,-59.1666666666667,-74.5555555555556,0,0,0,0,0,0,0,-64.3888888888889,-78.1666666666667,0,0,0,0,0,0,0,0,0,0,0,0,0,0,-59.6111111111111,-79.1666666666667,0,-78.7777777777778,0,0,0,0,0,0,0,-60,-79.1666666666667,0,0,0,0,-86.2777777777778,-56.6666666666667,-84.5555555555556,0,0,0,0,0,0,-74.5,-68.4444444444444,0,0,0,0,0,-64.5555555555556,-78.1111111111111,0,0,0,0,0,0,0,0,0,0,0,0,0,0,0,0,0,0,0,0,0,0,0,0,-77.5,0,0,0,0,0,0,0,0,0,-76.4444444444444,0,0,0,0,0,0,0,0,0,0,0,0
51,-5.62,6.41,3.6,6.00375,-26.7600013333333,-40.4262513333333,-0.10359,-0.06946,9.78439026666667,-4586.66666666667,0,0,0,0,0,0,0,0,0,0,0,0,0,0,0,0,0,0,0,0,0,0,0,0,0,0,0,0,0,0,0,0,0,0,0,0,0,0,0,0,0,0,0,0,0,0,0,0,0,0,0,0,0,0,0,0,0,0,0,0,0,0,0,-85.1333333333333,-76,-59.7333333333333,-75.8,0,0,0,0,0,0,0,-75.2,0,0,0,-56.8,-89.6,-53.6,-82.1333333333333,0,0,0,0,-56.8,-77.7333333333333,0,0,0,0,0,0,0,-63,-74.6666666666667,0,0,0,0,0,0,0,0,-4.4,0,0,0,0,0,-77.4666666666667,-76,0,-75.6666666666667,0,0,0,0,0,0,0,-57.6,-76,0,0,0,0,-89.6,-54.4,-87.7333333333333,0,0,0,0,0,0,-76.8666666666667,-70.4,0,0,0,0,0,-63,-79.0666666666667,0,0,0,0,0,0,0,0,0,0,0,0,0,0,0,0,0,0,0,0,0,0,0,0,-74.4,0,0,0,0,0,0,0,0,0,-76.6,0,0,0,0,0,0,0,0,0,0,-5.26666666666667,0
52,-5.57,5.58,3.6,-1.56,-38.6437517,-36.5493767,0.06789,0.72561,9.7888803,-4420,0,0,0,0,0,0,0,0,0,0,0,0,0,0,0,0,0,0,0,0,0,0,0,0,0,0,0,0,0,0,0,0,0,0,0,0,0,0,0,0,0,0,0,0,0,0,0,0,0,0,0,0,0,0,0,0,0,0,0,0,0,0,0,-87,-95,-64,-73,0,0,0,0,0,0,0,-18.8,0,0,0,-71,-84,-13.4,-88,0,0,0,0,-14.2,-74,0,0,0,0,0,0,0,-63,-80,0,0,0,0,0,0,0,0,-66,0,0,0,0,0,-83,-19,0,-71,0,0,0,0,0,0,0,-14.4,-95,0,0,0,0,-84,-13.6,-84,0,0,0,0,0,0,-75,-88,0,0,0,0,0,-63,-80,0,0,0,0,0,0,0,0,0,0,0,0,0,0,0,0,0,0,0,0,0,0,0,0,-93,0,0,0,0,0,0,0,0,0,-85,0,0,0,0,0,0,0,0,0,0,-79,0
53,-5.7,5.54,3.6,-36.6906268333333,-1.740625,-38.3812511666667,0.307325,0.594175,9.4101755,-4616.66666666667,0,0,0,0,0,0,0,0,0,0,0,0,0,0,0,0,0,0,0,0,0,0,0,0,0,0,0,0,0,0,0,0,0,0,0,0,0,0,0,0,0,0,0,0,0,0,0,0,0,0,0,0,0,0,0,0,0,0,0,0,0,0,0,-29,0,-21.3333333333333,-24.3333333333333,0,0,0,0,0,0,0,-96,0,0,0,0,-85,0,-83,0,0,0,0,0,-72,0,0,0,0,-92,0,0,-21,-72,0,0,0,0,0,0,-94,0,-22,0,-86,0,0,0,-27.6666666666667,0,0,-79,0,0,0,0,0,0,0,0,0,0,0,0,0,-85,0,-83,0,0,0,0,0,0,-72,-29.3333333333333,0,0,0,0,0,-61,-71,0,0,0,0,0,0,0,0,0,0,0,0,0,0,0,0,0,0,0,0,0,0,0,0,0,0,0,0,0,0,0,0,0,0,-73,0,0,-85,0,0,0,0,0,0,0,-26.3333333333333,0
54,-4.86,5.58,3.6,-37.654689,2.57187516666667,-36.660939,0.13825,0.48375,9.71251266666667,-4883.33333333333,0,0,0,0,0,0,0,0,0,0,0,0,0,0,0,0,0,0,0,0,0,0,0,0,0,0,0,0,0,0,0,0,0,0,0,0,0,0,0,0,0,0,0,0,0,0,0,0,0,0,0,0,0,0,0,0,0,0,0,0,0,0,0,-86.3333333333333,0,-53.3333333333333,-75.3333333333333,0,0,0,0,0,0,0,-95.6666666666667,0,0,0,0,-86,0,-82.3333333333333,0,0,0,0,0,-71.6666666666667,0,-27,0,0,-76.6666666666667,0,0,-52.5,-72.6666666666667,0,0,0,0,0,0,-78.3333333333333,0,-55,0,-71.6666666666667,0,0,0,-69.1666666666667,-31.6666666666667,0,-79.6666666666667,0,0,0,0,0,0,0,0,0,0,0,0,0,-86,0,-82.3333333333333,0,0,0,0,0,0,-72,-58.6666666666667,0,0,0,0,0,-50.8333333333333,-71.6666666666667,0,0,0,0,0,0,0,0,0,0,0,0,0,0,0,0,0,0,0,0,0,0,0,0,0,0,0,0,0,0,0,0,0,0,-72.6666666666667,0,0,-70.8333333333333,0,0,0,0,0,0,0,-65.8333333333333,0
55,-4.66999999999999,5.47,3.6,1.1671875,36.28125175,-37.992189,0.57451875,0.37164375,9.788119375,-4787.5,0,0,0,0,0,0,0,0,0,0,0,0,0,0,0,0,0,0,0,0,0,0,0,0,0,0,0,0,0,0,0,0,0,0,0,0,0,0,0,0,0,0,0,0,0,0,0,0,0,0,0,0,0,0,0,0,0,0,0,0,0,0,0,-85,0,-64,-80,0,0,0,0,0,0,0,-95,0,0,0,0,-88,0,-81,0,0,0,0,0,-71,0,-81,0,0,-92,0,0,-63,-74,0,0,0,0,0,0,-94,0,-66,0,-86,0,0,0,-83,-95,0,-81,0,0,0,0,0,0,0,0,0,0,0,0,0,-88,0,-81,0,0,0,0,0,0,-72,0,0,0,0,0,0,-61,-73,0,0,0,0,0,0,0,0,0,0,0,0,0,0,0,0,0,0,0,0,0,0,0,0,0,0,0,0,0,0,0,0,0,0,-72,0,0,-85,0,0,0,0,0,0,0,-79,0
56,-4.71,6.26,3.6,-4.42670454545454,22.3806826363636,-29.9113643636364,0.169540909090909,0.310459090909091,9.66053218181818,-4890.90909090909,0,0,0,0,0,0,0,0,0,0,0,0,0,0,0,0,0,0,0,0,0,0,0,0,0,0,0,0,0,0,0,0,0,0,0,0,0,0,0,0,0,0,0,0,0,0,0,0,0,0,0,0,0,0,0,0,0,-70,0,0,0,0,0,-54.0909090909091,-91,0,-73,0,0,0,0,0,0,0,-60.4545454545455,0,0,0,-65,-75,0,-71,0,0,0,0,0,-81,0,-51.5454545454545,0,0,-58.5454545454545,0,0,-66,-87,0,0,0,0,0,0,-59.8181818181818,0,-42,0,-54.7272727272727,0,0,0,-81,-60.4545454545455,0,-73,0,0,0,0,0,0,0,0,0,0,0,0,0,-73,0,-71,0,0,0,0,0,0,-80,0,0,0,-94,0,0,-66,-88,0,0,0,0,0,0,0,0,0,0,0,0,0,0,0,0,0,0,0,0,0,0,0,0,0,0,0,0,0,0,0,0,0,0,-88,0,0,-54.0909090909091,0,0,0,0,0,0,0,-50.2727272727273,0
57,-4.77,7.1,3.6,-6.40312533333333,38.11718925,-29.0265639166667,0.2424125,0.286075,9.99066283333333,-5058.33333333333,0,0,0,0,0,0,0,0,0,0,0,0,0,0,0,0,0,0,0,0,0,0,0,0,0,0,0,0,0,0,0,0,0,0,0,0,0,0,0,0,0,0,0,0,0,0,0,0,0,0,0,0,0,0,0,-47.8333333333333,0,-67.0833333333333,0,0,0,0,0,-70.8333333333333,-75.8333333333333,0,-74.1666666666667,0,0,-51.9166666666667,0,0,0,0,-79.1666666666667,0,0,0,-65,-79.0833333333333,0,-70.4166666666667,0,0,0,0,-37.3333333333333,-82.1666666666667,0,-67.5,0,0,-76.6666666666667,0,0,-70.6666666666667,-90.5,0,0,0,0,0,0,-78.3333333333333,0,-65.4166666666667,0,-71.6666666666667,0,0,0,-67.5,-90.3333333333333,-36.1666666666667,-74.1666666666667,0,0,0,0,0,0,0,0,0,0,0,0,-39.6666666666667,-78.25,0,-70.4166666666667,0,0,0,0,0,-37.3333333333333,-81.75,-46.6666666666667,0,0,-78.3333333333333,0,0,-71.25,-90.9166666666667,0,0,0,0,0,0,0,0,0,0,0,0,0,0,0,0,0,0,0,0,0,0,0,0,0,0,0,0,0,0,0,0,0,0,-82.75,0,0,-85,0,0,0,0,0,0,0,-72.5833333333333,0
58,-4.79,7.93,3.6,2.86009615384615,28.4596166153846,-28.073078,0.375473076923077,0.00906923076923078,9.94962746153846,-5107.69230769231,0,0,0,0,0,0,0,0,0,0,0,0,0,0,0,0,0,0,0,0,0,0,0,0,0,0,0,0,0,0,0,0,0,0,0,0,0,0,0,0,0,0,0,0,0,0,0,0,0,0,0,0,0,0,0,-56.7692307692308,0,-45,0,0,0,0,0,-58.8461538461538,-63,0,-67.3846153846154,0,0,-61.6153846153846,0,0,0,0,-88.0769230769231,0,0,0,-45,-76.4615384615385,0,-68.6153846153846,0,0,0,0,-44.3076923076923,-87.1538461538462,0,-81,0,0,-91.3076923076923,0,0,-51.2307692307692,-64.3846153846154,0,0,0,0,0,0,-28.9230769230769,0,-45,0,-26.4615384615385,0,0,0,-56.0769230769231,-60.2307692307692,-42.9230769230769,-67.3846153846154,0,0,0,0,0,0,0,0,-58.8461538461538,0,0,0,-47.0769230769231,-76.4615384615385,0,-68.6153846153846,0,0,0,0,0,-44.3076923076923,-87.1538461538462,-55.3846153846154,0,0,-65.0769230769231,0,0,-51.9230769230769,-91.6153846153846,0,0,0,0,0,0,0,0,0,0,0,0,0,0,0,0,0,0,0,0,0,0,0,0,0,0,0,0,0,0,0,0,0,0,-87.3076923076923,0,0,-58.8461538461538,0,0,0,0,0,0,0,-47.0769230769231,0
59,-4.84,8.72999999999999,3.6,-12.9337504,32.7887510666667,-26.4112510666667,0.2162,0.28002,10.0155406666667,-5026.66666666667,0,0,0,0,0,0,0,0,0,0,0,0,0,0,0,0,0,0,0,0,0,0,0,0,0,0,0,0,0,0,0,0,0,0,0,0,0,0,0,0,0,0,0,0,0,0,0,0,0,0,0,0,0,0,-52.8,-71.0666666666667,0,-56.3333333333333,0,0,0,0,0,-73,-78.8666666666667,-33.6,-67.6,0,0,-77.1333333333333,0,0,0,0,-84.4,0,0,0,-56.3333333333333,-75.8,0,-68,0,0,0,0,-55.4666666666667,-87.2,0,-82.2,0,0,-89.8,0,0,-74,-91.8,0,0,0,0,0,0,0,0,-56.3333333333333,0,0,0,0,0,-70.2,-75.4,-58.4,-67.6,0,0,0,0,0,0,0,0,-84.4,-54,0,0,-58.9333333333333,-75.8,0,-68,0,0,0,0,0,-71.8,-87.2,-69.3333333333333,0,0,-81.4666666666667,0,0,-65,-90.4,0,0,0,0,0,0,-56.4,0,0,0,0,0,0,0,0,0,0,0,0,0,0,0,0,0,0,0,0,0,0,0,0,0,0,0,-90.4,0,0,-73.6666666666667,0,0,0,0,0,0,0,-58.9333333333333,0
60,-4.85,9.54,3.6,-5.03839285714286,37.4799128571429,-36.5209837142857,0.104507142857143,0.342203571428571,9.62199685714286,-4935.71428571429,0,0,0,0,0,0,0,0,0,0,0,0,0,0,0,0,0,0,0,0,0,0,0,0,0,0,0,0,0,0,0,0,0,0,0,0,0,0,0,0,0,0,0,0,0,0,0,0,0,0,0,0,0,0,-62.8571428571429,-58.5714285714286,0,-46.4285714285714,0,0,0,0,0,-65.7142857142857,-26,-40,-69.2857142857143,0,0,-63.5714285714286,0,0,-67.1428571428571,0,-83.2857142857143,0,0,0,-46.4285714285714,-78.4285714285714,0,-68.7142857142857,0,0,0,0,-45.7142857142857,-85.2857142857143,0,-59.2857142857143,0,0,-63.5714285714286,0,0,-52.8571428571429,-65,0,0,0,0,0,0,0,0,-46.4285714285714,0,0,0,0,0,-71,-62.1428571428571,-40,-69.2857142857143,0,0,0,0,0,0,0,0,-83.2857142857143,-64.2857142857143,0,0,-48.5714285714286,-78.4285714285714,0,-68,0,0,0,0,0,-55,-86,-57.1428571428571,0,0,-89.7142857142857,0,0,-53.5714285714286,-64.2857142857143,0,0,0,0,0,0,-67.1428571428571,0,0,0,0,0,0,0,0,0,0,0,0,0,0,0,0,0,0,0,0,0,0,0,0,0,0,0,-93.5714285714286,0,0,-60.7142857142857,0,0,0,0,0,0,0,-48.5714285714286,0
61,-4.89,10.38,3.6,-2.4875,35.2962514,-39.5612512666667,-0.01767,0.32259,9.8836008,-5086.66666666667,0,0,0,0,0,0,0,0,0,0,0,0,0,0,0,0,0,0,0,0,0,0,0,0,0,0,0,0,0,0,0,0,0,0,0,0,0,0,0,0,0,0,0,0,0,0,0,0,0,0,0,0,0,0,-76.2666666666667,-21.8666666666667,0,-26,0,0,0,0,0,-66,0,-48.5333333333333,-74.8666666666667,0,0,-35.6,0,0,-81.4666666666667,0,-83,0,0,0,-26,-71.6666666666667,0,-69,0,0,0,0,-69.8666666666667,-85,0,-71.9333333333333,0,0,-77.1333333333333,0,0,-64.1333333333333,-78.8666666666667,0,0,0,0,0,0,0,0,-26,0,0,0,0,0,-66.2666666666667,-34.8,-48.5333333333333,-74.1333333333333,0,0,0,0,0,0,0,0,-83,-78,0,0,-27.2,-71.6666666666667,0,-68.7333333333333,0,0,0,0,0,-66.7333333333333,-86,-32,0,0,-90.9333333333333,0,0,-30,-78,0,0,0,0,0,0,-81.4666666666667,0,0,0,0,0,0,0,0,0,0,0,0,0,0,0,0,0,0,0,0,0,0,0,0,0,0,0,-82.3333333333333,0,0,-34,0,0,0,0,0,0,0,-27.2,0
62,-4.91999999999999,11.140625,3.6,-3.568359375,30.439454375,-41.360157875,0.061565625,0.9594375,9.741938,-5300,0,0,0,0,0,0,0,0,0,0,0,0,0,0,0,0,0,0,0,0,0,0,0,0,0,0,0,0,0,0,0,0,0,0,0,0,0,0,0,0,0,0,0,0,0,0,0,0,0,0,0,0,0,0,-66,0,0,0,0,0,0,0,0,-63.375,-65.625,-42,-75.25,0,0,0,0,0,-70.5,0,-77.75,0,0,0,0,-69.875,0,-65.5,0,0,0,0,-54,-88.5,0,-62.25,0,0,-91.625,0,0,-55.5,-68.25,0,0,0,0,0,0,0,0,0,0,0,0,0,0,-62.5,-65.625,-42,-74.25,0,0,0,0,0,0,0,0,-77.75,-67.5,0,0,0,-70.75,0,-65.5,0,0,0,0,0,-57.75,-87.75,0,0,0,-69,0,0,0,-67.5,0,0,0,0,0,0,-70.5,0,0,0,0,0,0,0,0,0,0,0,0,0,0,0,0,0,0,0,0,0,0,0,0,0,0,0,-71.25,0,0,0,0,0,0,0,0,0,0,0,0
63,-4.96,11.94,3.6,-3.01875,30.3738295,-38.1750011875,0.04843125,0.782934375,9.835613,-5125,0,0,0,0,0,0,0,0,0,0,0,0,0,0,0,0,0,0,0,0,0,0,0,0,0,0,0,0,0,0,0,0,0,0,0,0,0,0,0,0,0,0,0,0,0,0,0,0,0,0,0,0,0,0,-5.5,0,0,0,0,0,0,0,0,-55.125,-75.9375,-3.5,-65.625,0,0,0,0,0,-82.25,0,-72.3125,0,0,0,0,-70.9375,0,-63.125,0,0,0,0,-63,-88.0625,0,-5.1875,-81.5625,0,-80.5,0,0,-4.625,-5.6875,0,0,0,0,0,0,0,0,0,0,0,0,0,0,-54.25,-75.9375,-3.5,-80.5625,0,0,0,0,0,0,0,-59.0625,-72.3125,-5.625,0,0,-59.0625,-69.125,-49.6875,-63.125,0,0,0,0,0,-4.8125,-87.0625,0,0,0,-88.25,0,0,0,-5.625,0,0,0,0,0,0,-5.875,0,0,0,0,0,0,0,0,0,0,0,0,0,0,0,0,0,0,0,0,0,0,0,0,0,0,0,-83.125,0,0,0,0,0,0,0,-72.1875,0,0,0,0
64,-4.98999999999999,12.71,3.6,0.8296875,29.7574230625,-34.6980484375,0.031125,0.655059375,9.8596318125,-5237.5,0,0,0,0,0,0,0,0,0,0,0,0,0,0,0,0,0,0,0,0,0,0,0,0,0,0,0,0,0,0,0,0,0,0,0,0,0,0,0,0,0,0,0,0,0,0,0,0,0,0,0,0,0,0,0,0,0,0,0,0,0,0,0,-55.125,-73.375,0,-84.625,0,0,0,0,0,-11.75,0,-73.75,0,0,0,0,-67.5,0,-63,0,0,0,0,-63,-91.5,0,0,-76.125,0,-92.875,0,0,0,0,0,0,0,0,0,0,0,0,0,0,0,0,0,0,-54.25,-73.375,0,-70.875,0,0,0,0,0,0,0,-55.125,-74.625,0,0,0,-55.125,-66.375,-46.375,-63.875,0,0,0,0,0,0,-91.375,0,0,-62.125,-77,0,0,0,0,0,0,-77.875,0,0,0,0,0,0,0,0,0,0,0,0,0,0,0,0,0,0,0,0,0,-71.75,0,0,0,0,0,0,0,0,0,-11.875,0,0,0,0,0,0,0,-67.375,0,0,-49,0
65,-5,13.47,3.6,-0.987890625,28.0019543125,-34.3371106875,0.126075,0.78080625,10.0482569375,-4987.5,0,0,0,0,0,0,0,0,0,0,0,0,0,0,0,0,0,0,0,0,0,0,0,0,0,0,0,0,0,0,0,0,-66.75,0,0,0,0,0,0,0,0,0,0,0,0,0,0,0,0,0,0,0,0,0,0,0,0,0,-71.9375,-57,0,0,0,-39.375,-70.625,0,-60.75,0,0,0,0,0,0,-45.75,-73,-27.8125,0,0,-46.5,-67.875,-36.75,-62.0625,0,0,0,0,0,-93.3125,0,0,-80.3125,-51.75,-91.375,0,0,0,0,-63,0,0,0,0,0,0,0,-43.5,0,0,-71.25,0,0,-48.75,-69.9375,0,-81.9375,0,0,0,0,0,-66,-70.5,-61.8125,-73,0,0,0,-43.3125,-67.875,-53.1875,-61.375,0,0,0,0,0,0,-93.3125,0,-65.25,-52.5,-83.4375,0,0,0,0,0,0,-69.75,0,0,0,0,0,0,0,0,0,0,0,0,0,0,0,0,0,0,0,0,0,-56.375,0,0,0,0,0,0,0,0,0,0,0,0,0,0,0,0,0,-52.9375,-28.75,-28.75,-42,0
66,-5.02,14.19,3.6,-0.870394736842105,27.5368429473684,-32.4819092105263,-0.0208421052631579,0.614044736842105,9.8945767368421,-4910.52631578947,0,0,0,0,0,0,0,0,0,0,0,0,0,0,0,0,0,0,0,0,0,0,0,0,0,0,0,0,0,0,0,0,-84.3157894736842,0,0,0,0,0,0,0,0,0,0,0,0,0,0,0,0,0,0,0,0,0,0,0,0,0,-75.8947368421053,-72,-45,0,0,0,-68.2105263157895,0,-83.8421052631579,0,0,0,0,0,0,-57.7894736842105,-69.1578947368421,-84.3157894736842,-45,0,-58.7368421052632,-68.2105263157895,-46.4210526315789,-56.8421052631579,0,0,0,0,-38.3684210526316,-89.0526315789474,0,-29.8421052631579,-84.4210526315789,-65.3684210526316,-87.1578947368421,0,0,0,0,-79.5789473684211,0,0,0,0,0,0,0,-54.9473684210526,0,0,-90,0,0,-61.5789473684211,-68.2105263157895,0,-84.9473684210526,0,0,0,0,0,-83.3684210526316,-89.0526315789474,-64.4210526315789,-69.1578947368421,0,0,0,-33.1578947368421,-68.2105263157895,-54.9473684210526,-59.5263157894737,0,0,0,0,0,0,-89.0526315789474,-30.3157894736842,-86.5263157894737,-66.3157894736842,-87.2105263157895,0,0,0,0,0,0,-88.1052631578947,0,0,0,0,0,0,0,0,0,0,0,0,0,0,0,0,0,0,0,0,-41.6842105263158,-80.5789473684211,0,0,0,0,0,0,0,0,0,0,0,0,0,0,0,0,0,-40.5263157894737,-87.1578947368421,-87.1578947368421,-53.0526315789474,0
67,-5.04,14.95,3.6,-2.23229166666667,28.4375011666667,-30.1718762222222,0.11295,0.144716666666667,10.0421086666667,-5050,0,0,0,0,0,0,0,0,0,0,0,0,0,0,0,0,0,0,0,0,0,0,0,0,0,0,0,0,0,0,0,0,-79.1111111111111,0,0,0,0,0,0,0,0,0,0,0,0,0,0,0,0,0,0,0,0,0,0,0,0,0,-81.3333333333333,-67.5555555555556,-84.4444444444444,0,0,-41.3333333333333,-73.3333333333333,0,-85,0,0,0,0,0,-61.3333333333333,-54.2222222222222,-69.6666666666667,-79.1111111111111,-84.4444444444444,0,-55.1111111111111,-72.6666666666667,-43.5555555555556,-62,0,0,0,0,-72,-83.5555555555556,0,-56,-81.3333333333333,-61.3333333333333,-82.6666666666667,0,0,0,0,-74.6666666666667,0,0,0,0,0,0,0,-51.5555555555556,0,0,-93,0,0,-57.7777777777778,-73.3333333333333,0,-84.6666666666667,0,0,0,0,0,-78.2222222222222,-83.5555555555556,-60.4444444444444,-69.6666666666667,0,0,0,0,-72.6666666666667,-51.5555555555556,-61.6666666666667,0,0,0,0,0,0,-83.5555555555556,-56.8888888888889,-82,-62.2222222222222,-83,0,0,0,0,0,0,-82.6666666666667,0,0,0,0,0,0,0,0,0,0,0,0,0,0,0,0,0,0,0,0,-91.3333333333333,-70.2222222222222,0,0,0,0,0,0,0,0,0,0,0,0,0,0,0,0,0,0,-90.6666666666667,-91.3333333333333,-49.7777777777778,0
68,-5.04,15.71,3.6,-1.10390625,29.039063375,-26.14843875,0.15399375,0.422075,9.77678808333333,-5116.66666666667,0,0,0,0,0,0,0,0,0,0,0,0,0,0,0,0,0,0,0,0,0,0,0,0,0,0,0,0,0,0,0,0,-7.41666666666667,0,0,0,0,0,0,0,0,0,0,0,0,0,0,0,0,0,0,0,0,0,0,0,0,0,-72.625,-6.33333333333333,-83.125,0,0,-68.375,-73.4166666666667,0,-73.5,0,0,0,0,0,-90.8333333333333,-5.08333333333333,-69.7083333333333,-77,-83.125,0,-5.16666666666667,-67.8333333333333,-4.08333333333333,-64.5833333333333,0,0,0,0,-70.875,-62.6666666666667,0,-60.6666666666667,-79.9583333333333,-5.75,-83.125,0,0,0,0,-7,0,0,0,0,0,0,0,-4.83333333333333,-84.875,-66.9166666666667,-90.7083333333333,0,0,-67.375,-72,0,-73.5,0,0,0,0,0,-7.33333333333333,-7.83333333333333,-53.1666666666667,-69.7083333333333,0,-93,0,0,-75,-55,-64.5833333333333,0,0,0,0,0,0,-62.6666666666667,-61.0416666666667,-79.25,-5.83333333333333,-83.125,0,0,0,0,0,0,-7.75,0,0,0,0,0,0,0,0,0,0,0,0,0,0,0,0,0,0,0,0,-89.4166666666667,-69.125,0,0,0,0,0,0,0,0,0,0,0,0,0,0,0,0,0,0,-88.5416666666667,-79.625,-21.5833333333333,0
69,-5.05,16.42,3.6,-0.820738636363636,23.7536939545455,-20.5636375909091,0.207136363636364,0.523445454545455,9.7088255,-5322.72727272727,0,0,0,0,0,0,0,0,0,0,0,0,0,0,0,0,0,0,0,0,-14.1818181818182,0,0,0,0,0,0,0,0,0,0,0,0,0,0,0,0,0,0,0,0,0,0,0,0,0,0,0,0,0,0,0,0,0,0,0,0,0,-76.1818181818182,0,-33.8181818181818,0,0,-56.5454545454545,-73.6363636363636,0,-61.0909090909091,0,0,0,0,0,-68.1818181818182,0,-70.2727272727273,-61.0909090909091,-34.1818181818182,0,0,-77.4545454545455,0,-64.5454545454545,0,0,0,0,-14.7272727272727,0,0,-52.3636363636364,-75.4545454545455,0,-84.0909090909091,0,0,0,0,0,0,0,0,0,0,0,0,-46.4545454545455,-63.2727272727273,-53.0909090909091,-82.1818181818182,0,0,-56,-73.8181818181818,0,-72.5454545454545,0,0,0,0,0,0,-52.1818181818182,-42.1818181818182,-69.6363636363636,0,-67.6363636363636,0,0,-77.4545454545455,-43.6363636363636,-64.5454545454545,0,0,0,0,0,-15.0909090909091,0,-45.8181818181818,-76.0909090909091,-12,-84.7272727272727,0,0,0,0,-16,0,-15.8181818181818,0,0,0,0,0,0,0,0,0,0,0,0,0,0,0,0,0,0,0,0,-75.6363636363636,-14.3636363636364,0,0,0,0,0,0,0,0,0,0,0,0,0,0,0,0,0,-52.3636363636364,-83.5454545454545,-69.3636363636364,-42.1818181818182,0
70,-5.04,17.16,3.6,-9.62130718181818,28.1335239090909,-20.9991487272727,0.470359090909091,0.428713636363636,9.70450277272727,-5213.63636363636,0,0,0,0,0,0,0,0,0,0,0,0,0,0,0,0,0,0,0,0,-70.9090909090909,0,0,0,0,0,0,0,0,0,0,0,0,0,0,0,0,0,0,0,0,0,0,0,0,0,0,0,0,0,0,0,0,0,0,0,0,-28.6363636363636,-89.0454545454545,0,-88.1363636363636,0,0,-64.2272727272727,-74.4090909090909,0,-3.81818181818182,0,0,0,0,0,-84.0454545454545,-23.7272727272727,-69.4090909090909,-49.6363636363636,-84.5454545454545,0,0,-79,-23.7272727272727,-66.6363636363636,0,0,0,0,0,0,0,-64,-72.3636363636364,0,-84,0,0,0,0,-35.5909090909091,0,0,0,0,0,0,0,-71.7727272727273,-79.0909090909091,-43.1363636363636,-89.1363636363636,0,0,-58.1818181818182,-75,0,-88.7727272727273,0,0,0,0,0,0,-84.0454545454545,-59.6363636363636,-69.4090909090909,0,-84.5454545454545,0,-26.1818181818182,-78.4090909090909,-35.4545454545455,-66.6363636363636,0,0,0,0,0,-75.4545454545455,0,-63.4090909090909,-72.3636363636364,-60,-84,0,0,0,0,-80,0,-79.0909090909091,0,0,0,0,0,0,0,0,0,0,0,0,0,0,0,0,0,0,0,0,-83.6363636363636,0,0,0,0,0,0,0,0,0,0,0,0,0,0,0,0,0,0,-58.1818181818182,-84.4090909090909,-75.4545454545455,-58,0
71,-5,17.96,3.6,-3.96517857142857,30.1803583809524,-27.3392868571429,0.157714285714286,0.456,9.93719333333333,-5309.52380952381,0,0,0,0,0,0,0,0,0,0,0,0,0,0,0,0,0,0,0,0,-59.4285714285714,0,0,0,0,0,0,0,0,0,0,0,-73.6666666666667,0,0,0,0,0,0,0,0,0,0,0,0,0,0,0,0,0,0,0,0,0,0,0,0,-53.3333333333333,-86.4761904761905,0,-85.2380952380952,0,0,-50.2857142857143,-79.1428571428571,0,-73.6666666666667,0,0,0,0,-54.2380952380952,-84.4761904761905,-44.1904761904762,-67.4761904761905,0,-80.9047619047619,0,0,-85.7142857142857,-44.1904761904762,-70.2857142857143,0,0,0,0,0,0,0,-57.0952380952381,-71.8095238095238,0,-82.5714285714286,0,0,0,0,-66.2857142857143,0,0,0,0,0,0,0,-61.5238095238095,-34.6666666666667,-62.2380952380952,-85.3333333333333,0,0,-48.7619047619048,-79.8571428571429,0,-66.2857142857143,0,0,0,0,0,-56.6666666666667,-83.7619047619048,-47.2380952380952,-67.4761904761905,0,-33.9047619047619,0,-48.7619047619048,-85.7142857142857,0,-71.7142857142857,0,0,0,0,0,-72.6666666666667,0,-48.7619047619048,-72.5238095238095,-50.2857142857143,-83.2857142857143,0,0,0,0,-67.0476190476191,0,-66.2857142857143,0,0,0,0,0,0,0,0,0,0,0,0,0,0,0,0,0,0,0,0,-61.3333333333333,0,0,0,0,0,0,0,0,0,-17.7142857142857,0,0,0,0,0,0,0,0,-48.7619047619048,-82.5714285714286,-82.3809523809524,-52.1904761904762,0
72,-5.02,18.68,3.6,-3.126875,31.3893763333333,-26.1750013,0.189095,0.325095,9.78826036666667,-5170,0,0,0,0,0,0,0,0,0,0,0,0,0,0,0,0,0,0,0,0,-23.4,0,0,0,0,0,0,0,0,0,0,0,-72.8,0,0,0,0,0,0,0,0,0,0,0,0,0,0,0,0,0,0,0,0,0,0,0,0,-53.6666666666667,-83.0333333333333,0,-87.5333333333333,0,0,-57.0333333333333,-81.0333333333333,0,-79.2,0,0,0,0,-53.6,-84.3,-44.4666666666667,-72.7333333333333,0,-76.9666666666667,0,0,-76.1,-44.4666666666667,-73.0333333333333,0,0,0,0,0,0,0,-58.9666666666667,-68.8666666666667,0,-80.6666666666667,0,0,0,0,-66.7,0,0,-15.6666666666667,0,0,0,0,-62.4,-88.6666666666667,-54.4,-87.5333333333333,0,0,-64.7,-69.7666666666667,0,-85.6333333333333,0,0,0,0,0,-56,-85.0333333333333,-47.5333333333333,-72.7333333333333,0,-68,0,-49.0666666666667,-88.9,0,-73.0333333333333,0,0,0,0,0,-72.8,0,-59.1,-68.8666666666667,-19.8,-81.2,0,0,0,0,-26.4,0,-26.1,-59.5333333333333,0,0,0,0,0,0,0,0,0,0,0,0,0,0,0,0,0,0,0,0,0,0,0,0,0,0,0,0,0,-74.4,0,0,0,0,0,0,0,0,-19.2,-73.6,-73.6,-61.3666666666667,0
73,-5.03,19.4,3.6,-0.22625,25.0106261,-20.6162510666667,0.07553,0.144235,9.63960043333333,-5226.66666666667,0,0,0,0,0,0,0,0,0,0,0,0,0,0,0,0,0,0,0,0,0,0,0,0,0,0,0,0,0,0,0,0,-21.2333333333333,0,0,0,0,0,0,0,0,0,0,0,0,0,0,0,0,0,0,0,0,0,0,0,0,-55.3,-76,-55.9666666666667,-86.9333333333333,0,0,-59.1333333333333,-91.7666666666667,0,-74.4,0,0,0,0,-66.7666666666667,-73.9666666666667,0,-72.5666666666667,-58.8,-70.4,0,0,-87.6666666666667,0,-78.6,0,0,0,0,0,0,0,-46.4,-69.3,0,-80,0,0,0,0,0,-73.3666666666667,0,-75.2,0,0,0,0,-49.4,-76,-70.6,-86.9333333333333,0,0,-52,-72.8,0,-94,0,0,0,0,0,-31.7333333333333,-74.0333333333333,0,-72.3333333333333,0,-86.3,0,0,-87.6666666666667,-17.0333333333333,-78.6,0,0,0,0,0,-57.6333333333333,0,-45.6,-69,0,-80.2333333333333,0,0,0,0,0,0,0,-95,0,0,0,0,0,0,0,0,0,0,0,0,0,0,0,0,0,0,0,0,0,0,0,0,0,0,0,0,0,-58.9,0,0,0,0,0,0,0,0,0,-21.4666666666667,-21.4666666666667,-56,0
74,-5.03,20.1,3.6,-9.6625004,24.9475010666667,-22.5762509333333,0.21254,0.18274,9.78390053333333,-5180,0,0,0,0,0,0,0,0,0,0,0,0,0,0,0,0,0,0,0,0,0,0,0,0,0,0,0,0,0,0,0,0,0,0,0,0,0,0,0,0,0,0,0,0,0,0,0,0,0,0,0,0,0,0,0,0,0,-57.9333333333333,-69.6666666666667,-68.8,-86.2,0,0,-72.8,-67.4666666666667,0,-68.2,0,0,0,0,-48.4,-75.4,0,-76.4,-61.6,-86.8,0,0,-87.2,0,-79,0,0,0,0,0,0,0,-61,-71.6,0,-76.4,0,0,0,0,0,-69.6666666666667,0,-95.2,0,0,0,0,0,-38,-51.3333333333333,-86.2,0,0,-68,-89.2,0,-68.9333333333333,0,0,0,0,0,-48.4,-74.2,0,-76.6,0,-63.0666666666667,0,0,-87.8,-53.5333333333333,-79,0,0,0,0,0,0,0,-60,-72,0,-77.4,0,0,0,0,0,0,0,-70.4,0,0,0,0,0,0,0,0,0,0,0,0,0,0,0,0,0,0,0,0,0,0,0,0,0,0,0,0,0,0,0,0,0,0,0,0,0,0,0,0,0,-51.3333333333333,0
75,-5.05,20.87,3.6,-10.6000004166667,30.9312515833333,-28.0421883333333,0.1092375,-0.25525,9.70192525,-5266.66666666667,0,0,0,0,0,0,0,0,0,0,0,0,0,0,0,0,0,0,0,0,0,0,0,0,0,0,0,0,0,0,0,0,0,-32.9166666666667,0,0,0,0,0,0,0,0,0,0,0,0,0,0,0,0,0,0,0,0,0,0,0,-65.8333333333333,-55.4166666666667,-65.1666666666667,-84.5,0,0,-58.3333333333333,-76.6666666666667,-35,-54.25,0,0,0,0,-55,-75.75,0,-74.75,-70,-71.6666666666667,0,0,-75,0,-65.8333333333333,0,0,0,0,0,0,0,-63.4166666666667,-75.3333333333333,0,-73.5833333333333,0,0,0,0,0,-79.1666666666667,0,-80,0,0,0,0,0,0,-67.9166666666667,-84.9166666666667,0,0,-58.3333333333333,-90.0833333333333,-35,-78.3333333333333,0,0,0,0,0,-55,-75,0,-75.75,0,-71.6666666666667,0,0,-92.25,-60.8333333333333,-65.8333333333333,0,0,0,0,0,0,0,-63.25,-75.3333333333333,0,-73.75,0,0,0,0,0,0,0,-80,0,0,0,0,0,0,0,0,0,0,0,0,0,0,0,0,0,0,0,0,0,0,0,0,0,0,0,0,0,0,0,0,0,0,0,0,0,0,0,0,0,-70,0
76,-5.06,21.61,3.6,-4.815625,34.4843765,-30.35937625,0.1261625,-0.0480125,9.62500041666667,-4850,0,0,0,0,0,0,0,0,0,0,0,0,0,0,0,0,0,0,0,0,0,0,0,0,0,0,0,0,0,0,0,0,0,-52.6666666666667,0,0,0,0,0,0,0,-46.5,0,0,0,0,0,0,0,0,0,0,0,0,0,0,0,-39.5,0,-42.6666666666667,-80.5,0,0,-75,-61.3333333333333,-85,0,0,0,0,0,-44,-73,0,-74.5,-42,-57.3333333333333,0,0,-60,0,-84.5,0,0,0,0,0,0,0,-63.5,-77.5,0,-72.5,0,0,0,0,0,-95,0,-64,0,0,0,0,0,0,-43.3333333333333,-81,0,0,-46.6666666666667,-62,-56,-62.6666666666667,0,0,0,0,0,-44,-73.5,0,-75,0,-84,0,0,-62.6666666666667,-48.6666666666667,-84.5,0,0,0,0,0,0,0,-43.3333333333333,-77.5,0,-72,0,0,0,0,0,0,0,-94,0,0,0,0,0,0,0,0,0,0,0,0,0,0,0,0,0,0,0,0,0,0,0,0,0,0,0,0,0,0,0,0,0,0,0,0,0,0,0,0,0,-46.6666666666667,0
77,-5.06,22.37,3.6,-2.73409090909091,32.9659108181818,-31.8920465454546,0.130704545454545,0.119631818181818,9.72591890909091,-4954.54545454545,0,0,0,0,0,0,0,0,0,0,0,0,0,0,0,0,0,0,0,0,0,0,0,0,0,0,0,0,0,0,0,0,0,-64.6363636363636,0,0,0,0,0,0,0,-76.0909090909091,0,0,0,0,0,0,0,0,0,0,0,0,0,0,0,0,0,-52.3636363636364,-78.0909090909091,0,0,-65.4545454545455,-66.9090909090909,-70.3636363636364,0,0,0,0,0,-66,-72.5454545454545,0,-78.7272727272727,0,-70.3636363636364,0,0,-73.6363636363636,0,-90,0,0,0,0,0,0,0,-65.1818181818182,-76.9090909090909,0,-73.6363636363636,0,0,0,0,0,-94.4545454545455,0,-78.5454545454545,0,0,0,0,0,0,-53.1818181818182,-78.0909090909091,0,0,-57.2727272727273,-76.0909090909091,-68.7272727272727,-68.3636363636364,0,0,0,0,0,-66.5454545454545,-72.5454545454545,0,-78.7272727272727,0,-81.4545454545455,0,0,-76.9090909090909,-53.0909090909091,-89.7272727272727,0,0,0,0,0,0,0,-53.1818181818182,-76.9090909090909,0,-73.6363636363636,0,0,0,0,0,0,0,-91.7272727272727,0,0,0,0,0,0,0,0,0,0,0,0,0,0,0,0,0,0,0,0,0,0,0,0,0,0,0,0,0,0,0,0,0,0,0,0,0,0,0,0,0,-57.2727272727273,0
78,-5.11,23.14,3.6,-0.237980769230769,32.1317317692308,-31.560578,0.200538461538462,0.344665384615385,10.1713157692308,-4807.69230769231,0,0,0,0,0,0,0,0,0,0,0,0,0,0,0,0,0,0,0,0,0,0,0,0,0,0,0,0,0,0,0,0,0,-54.6923076923077,0,0,0,-20.9230769230769,0,0,0,-64.3846153846154,0,0,0,0,0,0,0,0,0,0,0,0,0,0,0,0,0,-62.1538461538462,-73,0,0,-55.3846153846154,0,-59.5384615384615,0,0,0,0,0,-45.6923076923077,-73.0769230769231,0,-86.9230769230769,0,-82.9230769230769,0,0,-62.3076923076923,0,-90.6153846153846,0,0,0,0,0,0,0,-72.5384615384615,-82,0,-75.5384615384615,0,0,0,0,0,-64.3846153846154,0,-66.4615384615385,0,0,0,0,0,0,-62.8461538461538,-73.3076923076923,0,0,-48.4615384615385,-64.3846153846154,-58.1538461538462,0,0,0,0,0,0,-67.6923076923077,-73.0769230769231,0,-86.6153846153846,0,-78.7692307692308,0,0,-65.0769230769231,0,-89.9230769230769,0,0,0,0,0,0,0,-45,-82,0,-75.5384615384615,0,0,0,0,-22.1538461538462,0,0,-63,-24.9230769230769,0,0,0,0,0,0,0,0,0,0,0,0,0,0,0,0,0,0,0,0,0,0,0,0,0,0,0,0,0,0,0,0,0,0,0,0,0,0,0,0,-48.4615384615385,0
79,-5.16999999999999,23.87,3.6,-0.178676470588235,27.4643395294118,-28.0819865882353,-0.108714705882353,0.423220588235294,10.0540064117647,-4900,0,0,0,0,0,0,0,0,0,0,0,0,0,0,0,0,0,0,0,0,0,0,0,0,0,0,0,0,0,0,0,0,0,-51.1176470588235,0,0,0,-60,0,0,0,-82.0588235294118,0,0,0,0,0,0,0,0,0,0,0,0,0,0,0,0,0,-61.1764705882353,-74.4117647058823,0,0,-70.5882352941177,0,-75.8823529411765,0,0,0,0,0,-58.2352941176471,-73.4705882352941,0,-89.7058823529412,0,-76.7058823529412,0,0,0,0,-89.8823529411765,0,0,0,0,0,0,0,-67.0588235294118,-82.7058823529412,0,-68.5882352941177,0,0,0,0,0,-82.0588235294118,0,-30,0,-30.3529411764706,0,0,0,0,-60.8235294117647,-75.0588235294118,0,0,0,-71.1176470588235,-64.2352941176471,0,0,0,0,0,0,-68.7647058823529,-73.4705882352941,0,-89.0588235294118,0,-76.7058823529412,0,0,-71.8823529411765,-27.8823529411765,-90.2352941176471,0,0,0,0,0,0,0,-49.7058823529412,-82,0,-68.2352941176471,0,0,0,0,-63.5294117647059,0,0,-80.2941176470588,-71.4705882352941,-30.3529411764706,0,0,0,0,0,0,0,0,0,0,0,0,0,0,0,0,0,0,0,0,0,0,0,0,0,0,0,0,0,0,0,0,0,0,0,0,0,0,0,-53.5294117647059,0
80,-5.22,24.65,3.6,-0.303125,32.6671893333333,-25.84375125,0.1428625,0.333825,9.82231341666667,-4933.33333333333,0,0,0,0,0,0,0,0,0,0,0,0,0,0,0,0,0,0,0,0,0,0,0,0,0,0,0,0,0,0,0,0,0,0,0,0,-38.75,-45.3333333333333,0,0,0,-54.25,0,0,0,0,0,0,0,-38.3333333333333,0,0,0,0,0,0,0,0,0,-44.6666666666667,-78.25,0,0,-46.6666666666667,0,-50.1666666666667,0,0,0,0,0,-44,-77.1666666666667,0,-89.75,-29.5833333333333,-75.9166666666667,0,0,0,0,-85.1666666666667,0,0,0,0,0,0,0,-50.6666666666667,-83.5833333333333,0,-66,0,0,0,0,0,-92.1666666666667,0,-56.6666666666667,0,-57.3333333333333,0,0,0,0,-44,-77.4166666666667,0,0,0,0,0,0,0,0,0,0,0,-48,-76.75,0,-89.75,-29.5833333333333,-75.9166666666667,0,0,0,-52.6666666666667,-85.75,0,0,0,0,0,0,0,-30.8333333333333,-82.4166666666667,-23.75,-65.4166666666667,0,0,0,0,-75.3333333333333,0,0,-60.6666666666667,-80.5833333333333,-57.3333333333333,0,0,0,0,0,0,0,0,0,0,0,0,0,0,0,0,0,0,0,0,0,0,0,0,0,0,0,0,0,0,0,0,0,0,0,0,0,0,0,0,0
81,-5.23,25.42,3.6,-2.89875,22.0350003,-25.4681264,0.13989,0.208695,9.6494853,-5130,0,0,0,0,0,0,0,0,0,0,0,0,0,0,0,0,0,0,0,0,0,0,0,0,0,0,0,0,0,0,0,0,0,0,0,0,-83.7,-69.1,0,0,0,0,0,0,0,0,0,0,0,-82.8,0,0,0,0,0,0,0,0,0,-66.6,-80.1,0,0,0,0,0,0,0,0,0,0,-59.4,-76.2,0,-79.2,-70.2,-73.1,0,0,0,0,-84.7,0,0,0,0,0,0,0,-68.4,-83.3,0,-65.5,0,0,0,0,0,-91.2,0,-76.5,-7.7,-77.4,0,0,0,0,-59.4,-78.3,0,0,0,0,0,0,0,0,0,0,0,-64.8,-75.3,0,-88.3,-70.3,-73,0,0,0,-71.1,-84.7,0,0,0,0,0,0,0,-66.6,-83.3,-51.3,-65.5,0,0,0,0,-72,0,0,-90.7,-72,-77.4,0,0,0,0,0,0,0,0,0,0,0,0,0,0,0,0,0,0,0,0,0,0,0,0,0,0,0,0,0,0,0,0,0,0,0,0,0,0,0,0,0
82,-5.25,26.2,3.6,-12.8164777272727,33.2386379090909,-26.5653421818182,0.248822727272727,0.217377272727273,9.628364,-5136.36363636364,0,0,0,0,0,0,0,0,0,0,0,0,0,0,0,0,0,0,0,0,0,0,0,0,0,0,0,0,0,0,0,0,0,-7.90909090909091,0,0,-84.5454545454545,-71.8181818181818,0,0,0,0,0,0,0,0,0,0,0,-83.6363636363636,0,0,0,0,0,0,0,0,0,-62.8181818181818,-80.4545454545455,0,0,0,0,0,0,0,0,0,0,-7,-78.3636363636364,0,-88.4545454545455,-57.2727272727273,-73.6363636363636,0,0,0,0,-91.1818181818182,0,0,0,0,0,0,0,-69.0909090909091,-78.1818181818182,0,-61.0909090909091,0,0,0,0,0,-84.5454545454545,0,-77.2727272727273,-70,-86.2727272727273,0,0,0,0,-65.5454545454545,-80.4545454545455,0,0,0,0,0,0,0,0,0,0,0,-72.1818181818182,-78.3636363636364,0,-91.1818181818182,-58.1818181818182,-72.7272727272727,0,0,0,-71.8181818181818,-91.0909090909091,0,0,0,0,0,0,0,-74.7272727272727,-86.4545454545455,-51.8181818181818,-61,0,0,0,0,-72.7272727272727,-7.72727272727273,0,-80,-72.7272727272727,-86.0909090909091,0,0,0,0,0,0,0,0,0,0,0,0,0,0,0,0,0,0,0,0,0,0,0,0,0,0,0,0,0,0,0,0,0,0,0,0,0,0,0,0,0
83,-5.27,26.99,3.6,-5.71071428571429,32.3116085,-32.0116087142857,-0.0704892857142857,-0.00928928571428575,9.72228264285714,-5157.14285714286,0,0,0,0,0,0,0,0,0,0,0,0,0,0,0,0,0,0,0,0,0,0,0,0,0,0,0,0,0,0,0,0,0,-87,0,0,-86.3571428571429,-73.3571428571429,0,0,0,0,0,0,0,0,0,0,0,-85.4285714285714,0,0,0,0,0,0,0,0,0,-61,-75,0,0,0,0,0,0,0,0,0,0,-77,-82,0,-93,-58.5,-70,0,0,0,0,-93,0,0,0,0,0,0,0,0,-79.8571428571429,0,-62,0,0,0,0,0,-86.3571428571429,0,-78.9285714285714,-71.5,-89,0,0,0,0,-61,-75,0,0,0,0,0,0,0,0,0,0,0,-74,-82,0,-93,-59.4285714285714,-70,0,0,0,-73.3571428571429,-92,0,0,0,0,0,0,0,-82,-91,-52.9285714285714,-61,0,0,0,0,-74.2857142857143,-85,0,-81.7142857142857,-74.2857142857143,-87,0,0,0,0,0,0,0,0,0,0,0,0,0,0,0,0,0,0,0,0,0,0,0,0,0,0,0,0,0,0,0,0,0,0,0,0,0,0,0,0,0
84,-5.3,27.77,3.6,-4.228125,31.7892868571429,-32.3718763571429,0.143989285714286,-0.150921428571429,9.76593257142857,-5271.42857142857,0,0,0,0,0,0,0,0,0,0,0,0,0,0,0,0,0,0,0,0,0,0,0,0,0,0,0,0,0,0,0,0,0,-62.1428571428571,0,0,-66.4285714285714,-61.7142857142857,-79.7142857142857,0,0,0,0,0,0,0,0,0,0,-65.7142857142857,0,0,0,0,0,0,0,0,0,-55.1428571428571,-74,0,0,0,0,0,0,0,0,0,0,-55,-58.5714285714286,0,-66.4285714285714,-55,-74.4285714285714,0,0,0,0,-79.8571428571429,0,0,0,0,0,0,0,0,-61.4285714285714,0,-61.4285714285714,0,0,0,0,-55.7142857142857,-83.1428571428571,-54.8571428571429,-66.8571428571429,-55,-79.7142857142857,0,0,0,0,-47.1428571428571,-73.1428571428571,0,0,0,0,0,0,0,0,0,0,0,-52.8571428571429,-71.1428571428571,0,-66.4285714285714,-60.5714285714286,-73.5714285714286,0,0,0,0,-65.7142857142857,0,0,0,0,0,0,0,-70.4285714285714,-65,-40.7142857142857,-62.2857142857143,0,0,0,0,-57.1428571428571,-72,0,-66.8571428571429,-68,-78.8571428571429,0,0,0,0,0,0,0,0,0,0,0,0,0,0,0,0,0,0,0,0,0,0,0,0,0,0,0,0,0,0,0,0,0,0,0,0,0,0,0,0,0
85,-5.32,28.52,3.6,-1.72670454545455,28.4386371818182,-30.889774,0.0522545454545455,0.382663636363636,9.607623,-5345.45454545455,0,0,0,0,0,0,0,0,0,0,0,0,0,0,0,0,0,0,0,0,0,0,0,0,0,0,0,0,0,0,0,0,0,-79.0909090909091,0,0,0,-65.4545454545455,-84.5454545454545,0,0,0,0,0,0,0,0,0,0,0,0,0,0,0,0,0,0,0,0,-56,-80,0,0,0,0,0,0,0,0,0,0,-70,-74.5454545454545,0,-84.5454545454545,-70,-77,0,0,0,0,-94,0,0,0,0,0,0,0,0,-78.1818181818182,0,-64,0,0,0,0,-59.0909090909091,-78,-58.1818181818182,-70.9090909090909,-70,-84.5454545454545,0,0,0,0,-50,-80,0,0,0,0,0,0,0,0,0,0,0,-67.2727272727273,-88,0,-84.5454545454545,-70,-77,0,0,0,0,-83.6363636363636,0,0,0,0,0,0,0,-83,-82.7272727272727,0,-64,0,0,0,0,0,-79,0,-70.9090909090909,-76,-83.6363636363636,0,0,0,0,0,0,0,0,0,0,0,0,0,0,0,0,0,0,0,0,0,0,0,0,0,0,0,0,0,0,0,0,0,0,0,0,0,0,0,0,0
86,-5.34,29.29,3.6,-6.2765625,24.7640635833333,-29.5093758333333,0.1145625,0.290925,9.6541005,-5333.33333333333,0,0,0,0,0,0,0,0,0,0,0,0,0,0,0,0,0,0,0,0,0,0,0,0,0,0,0,0,0,0,0,0,0,-72.5,0,0,0,-60,-77.5,0,0,0,0,0,0,0,0,0,0,0,0,0,0,0,0,0,0,0,0,-46.6666666666667,-83,0,0,0,0,0,0,0,0,0,0,-64.1666666666667,-88,0,-77.5,-58.3333333333333,-84,0,0,0,0,-78.3333333333333,0,0,0,0,0,0,0,0,0,0,-69,0,0,0,0,-54.1666666666667,-71,-53.3333333333333,-71,0,-77.5,0,0,0,0,-65,-84,0,0,0,0,0,0,0,0,0,0,0,-61.6666666666667,-89,0,-77.5,-75,-85,0,0,0,0,-76.6666666666667,0,0,0,0,0,0,0,-75,-75.8333333333333,0,-69,0,-94,0,0,0,-71,0,-71,-63.3333333333333,-76.6666666666667,0,0,0,0,0,0,0,0,0,0,0,0,0,0,0,0,0,0,0,0,0,0,0,0,0,0,0,0,0,0,0,0,0,0,0,0,0,0,0,-92,0
87,-5.35,30.08,3.6,-4.67386363636364,28.3125011818182,-34.8272743636364,0.0202772727272727,0.496104545454545,9.74762763636364,-5345.45454545455,0,0,0,0,0,0,0,0,0,0,0,0,0,0,0,0,0,0,0,0,0,0,0,0,0,0,0,0,0,0,0,0,0,-89.7272727272727,0,0,0,-58.9090909090909,-76.0909090909091,0,0,-43.0909090909091,0,0,0,0,0,0,0,0,0,0,0,-46.3636363636364,0,0,0,0,0,-60.3636363636364,-87.9090909090909,0,0,0,0,0,0,0,0,0,0,-35,-91.2727272727273,0,-42.2727272727273,-70.5454545454545,-68.7272727272727,0,0,0,0,-76.9090909090909,0,0,0,-51.8181818181818,0,0,0,0,0,0,-71.1818181818182,0,0,0,0,-65,-70.4545454545455,-65.0909090909091,-67.7272727272727,0,-76.0909090909091,0,0,0,0,-53.1818181818182,-87.8181818181818,0,0,0,0,0,0,0,0,0,0,0,-33.6363636363636,-72.8181818181818,0,-42.2727272727273,-73.3636363636364,-89.3636363636364,0,0,0,0,-41.8181818181818,0,0,0,0,0,0,0,-61.3636363636364,-41.3636363636364,0,-71.1818181818182,0,-76.9090909090909,0,0,0,-70.4545454545455,0,-68.2727272727273,-62.1818181818182,-75.2727272727273,0,0,0,0,0,0,0,0,0,0,0,0,0,0,0,0,0,0,0,0,0,0,0,0,0,0,0,0,0,0,0,0,0,0,0,0,0,0,0,-75.2727272727273,0
88,-5.33,30.87,3.6,-4.60240384615385,27.5725974615385,-37.0586560769231,0.0370615384615385,0.368157692307692,9.94523115384615,-5253.84615384615,0,0,0,0,0,0,0,0,0,0,0,0,0,0,0,0,0,0,0,0,0,0,0,0,0,0,0,0,0,0,0,0,0,-77.8461538461538,0,0,0,-38.7692307692308,-50.0769230769231,0,0,-66.8461538461538,0,0,0,0,0,0,0,0,0,0,0,-71.9230769230769,0,0,0,0,0,-65.8461538461538,-91.0769230769231,0,0,0,0,0,0,0,0,0,0,0,-79.5384615384615,0,0,-67.7692307692308,-82.6153846153846,0,0,0,0,-79.5384615384615,0,0,0,-95,0,0,0,0,0,0,-76.2307692307692,0,0,0,0,-55,-70.4615384615385,-65.5384615384615,-69.1538461538462,0,-50.0769230769231,0,0,0,0,-55,-90.5384615384615,0,0,0,0,0,0,0,0,0,0,0,0,-75.3076923076923,0,0,-68.7692307692308,-87.4615384615385,0,0,0,0,0,0,-43.8461538461538,-34.6153846153846,0,0,0,0,-63.4615384615385,0,0,-76.2307692307692,0,-79.5384615384615,0,0,0,-70.4615384615385,0,-69.6923076923077,-64.3076923076923,-49.5384615384615,0,0,0,0,0,0,0,0,0,0,0,0,0,0,0,-40.6153846153846,0,0,0,0,0,0,0,0,0,0,0,0,0,0,0,0,0,0,0,0,0,0,0,-77.8461538461538,0
89,-5.36,31.63,3.6,-5.21,26.3000012,-38.6275015333333,-0.00373,0.66872,9.62208033333333,-5020,0,0,0,0,0,0,0,0,0,0,0,0,0,0,0,0,0,0,0,0,0,0,0,0,0,0,0,0,0,0,0,0,0,-79.7333333333333,0,0,0,0,0,0,0,-68.4666666666667,0,0,0,0,0,0,0,0,0,0,0,-73.6666666666667,0,0,0,0,0,-69.4,-92.3333333333333,0,0,0,0,0,0,0,0,0,0,0,-81.4666666666667,0,0,-55.4666666666667,-70.2,0,0,0,0,-50.1333333333333,0,0,0,-95.4666666666667,0,0,0,0,0,0,-79.0666666666667,0,0,0,0,-56.3333333333333,-73.3333333333333,-56.3333333333333,-75.8666666666667,0,0,0,0,0,0,-67.8,-91.8666666666667,0,0,0,0,0,0,0,0,0,0,0,0,-77.1333333333333,0,0,-56.3333333333333,-70.2,0,0,0,0,0,0,-82.3333333333333,-65,0,0,0,0,-65,0,0,-79.0666666666667,0,-81.4666666666667,0,0,0,-72.8666666666667,0,-75.4,-40.5333333333333,0,0,0,0,0,0,0,0,0,0,0,0,0,0,0,0,-76.2666666666667,0,0,0,0,0,0,0,0,0,0,0,0,0,0,0,0,0,0,0,0,0,0,0,-79.7333333333333,0
90,-5.35,32.41,3.6,-5.596875,27.61875125,-37.8562516875,0.084440625,0.741009375,9.99231625,-5043.75,0,0,0,0,0,0,0,0,0,0,0,0,0,0,0,0,0,0,0,0,0,0,0,0,0,0,0,0,0,0,0,0,0,-80.5,0,0,0,0,0,0,0,-69.125,-72,0,-71.25,0,0,0,0,0,0,0,0,-74.375,0,0,0,0,0,-62.125,-83.125,0,0,0,0,0,0,0,0,0,0,0,-82.25,0,0,-71.5,-70.875,0,0,0,0,0,0,0,0,-92.25,0,0,0,0,0,0,-81,0,0,0,0,-56.875,-71.5,-56.875,-77.25,0,0,0,0,0,0,-62.125,-82.25,0,0,0,0,0,0,0,0,0,0,0,0,-22.25,0,0,-71,-90.75,0,0,0,0,0,0,-83.125,-65.625,0,0,-70.5,0,-18.75,0,0,-81,0,-23.5,0,0,0,-71.25,0,-77,0,0,0,0,0,0,0,0,0,0,0,0,0,0,0,0,0,-77,0,0,0,0,0,0,0,0,0,0,0,0,0,0,0,0,0,0,0,0,0,0,0,-23,0
91,-5.37,33.17,3.6,1.00096153846154,31.7221172307692,-33.7471172307692,0.00214615384615385,0.458076923076923,9.958385,-5115.38461538462,0,0,0,0,0,0,0,0,0,0,0,0,0,0,0,0,0,0,0,0,0,0,0,0,0,0,0,0,0,0,0,0,0,-21.2307692307692,0,0,0,0,0,0,0,-18.2307692307692,-92.3076923076923,0,-65.7692307692308,0,0,0,0,0,0,0,0,-19.6153846153846,0,0,0,0,0,-49.1538461538462,-65.7692307692308,0,0,0,0,0,0,0,0,0,0,0,-21.6923076923077,0,0,-75.8461538461538,-88.3846153846154,0,0,0,0,0,0,-87.6923076923077,0,-63,0,0,0,0,0,0,-84.7692307692308,0,0,0,0,-15,-74.6153846153846,-45,-79.7692307692308,0,0,0,0,0,0,-72.8461538461538,-65.0769230769231,0,0,0,0,0,0,0,0,0,0,0,0,-86.7692307692308,0,0,-76.6923076923077,-65.0769230769231,0,0,0,0,0,0,-65.7692307692308,-51.9230769230769,0,0,-65.0769230769231,0,0,0,0,-56.7692307692308,0,0,0,0,0,-74.6153846153846,0,-79.7692307692308,0,0,0,0,0,0,0,0,0,0,0,0,0,0,0,0,0,-60.9230769230769,0,0,0,0,0,0,0,0,0,0,0,0,0,0,0,0,0,0,0,0,0,0,0,0,0
92,-5.4,33.94,3.6,4.95865384615385,24.791828,-25.8605780769231,-0.0346961538461538,0.359769230769231,9.75454661538462,-5107.69230769231,0,0,0,0,0,0,0,0,0,0,0,0,0,0,0,0,0,0,0,0,0,0,0,0,0,0,0,0,0,0,0,0,0,0,-44.3076923076923,0,0,0,0,0,0,0,-92,-41.2307692307692,-93.7692307692308,0,0,0,0,0,0,0,0,0,0,0,0,0,0,-72.2307692307692,-80.3846153846154,0,0,0,0,0,0,0,0,0,0,0,0,0,0,-64.3076923076923,-75.3076923076923,0,0,0,0,0,0,-87,0,-77,0,0,0,0,0,-43.0769230769231,-86.2307692307692,0,0,0,0,0,-73.1538461538462,-25,-80.6153846153846,0,0,0,0,0,0,-73,-79.5384615384615,0,0,0,0,0,0,0,0,0,0,0,0,-79.5384615384615,0,0,-65.1538461538462,-93.3846153846154,0,-54.7692307692308,0,0,0,0,-87,-28.8461538461538,0,0,-79.5384615384615,0,0,0,0,-85.0769230769231,0,0,0,0,0,-73.1538461538462,0,-80.6153846153846,0,0,0,0,0,0,0,0,0,0,0,0,0,0,0,0,0,-33.8461538461538,0,0,0,0,0,0,-46.1538461538462,0,0,0,0,0,0,0,0,0,0,0,0,0,0,0,0,0,0
93,-5.44,34.74,3.6,-2.29759615384615,31.0918281538462,-20.7966353846154,0.183288461538462,0.376442307692308,9.95585823076923,-5192.30769230769,0,0,0,0,0,0,0,0,0,0,0,0,0,0,0,0,0,0,0,0,0,0,0,0,0,0,0,0,0,0,0,0,0,0,-60.9230769230769,0,0,0,0,0,0,0,-93.0769230769231,-56.6923076923077,-78.6923076923077,0,0,0,0,0,0,0,0,0,0,0,0,0,0,-75.1538461538462,-43.8461538461538,0,0,0,0,0,0,0,0,0,0,0,0,0,0,-75.4615384615385,-75.3076923076923,0,0,0,0,0,0,-84.6923076923077,0,-77,0,0,0,0,0,-59.2307692307692,-86.4615384615385,0,0,0,0,0,-60.9230769230769,0,-81.5384615384615,0,0,0,0,0,0,-74.6153846153846,-43.3846153846154,0,0,0,0,0,0,0,0,0,0,0,0,-79.5384615384615,0,0,-76.4615384615385,-78.6923076923077,0,-75.3076923076923,0,0,0,0,-85.2307692307692,0,0,0,-79.5384615384615,0,0,0,0,-85.9230769230769,0,0,0,0,0,-60.9230769230769,0,-81.5384615384615,0,0,0,0,0,0,0,0,0,0,0,0,0,0,0,0,0,0,0,0,0,0,0,0,-63.4615384615385,0,0,0,0,0,0,0,0,0,0,0,0,0,0,0,0,0,0
94,-5.5,35.54,3.6,-5.0625,35.7950913571429,-21.2705365,0.0158678571428571,0.150278571428571,9.75721128571429,-5014.28571428571,0,0,0,0,0,0,0,0,0,0,0,0,0,0,0,0,0,0,0,0,0,0,0,0,0,0,0,0,0,0,0,0,0,0,-61.7142857142857,0,0,0,0,-65.7142857142857,0,-53.5714285714286,-93.2857142857143,-57.4285714285714,-92.2857142857143,0,0,0,0,0,0,0,0,0,0,0,0,-63.5714285714286,0,-66,0,0,0,0,0,0,0,0,0,0,0,0,0,0,0,-64.2857142857143,-76.2857142857143,0,0,0,0,0,-50.7142857142857,-79.1428571428571,0,-26,0,0,0,0,0,-60,-89.5714285714286,0,0,0,0,0,-79.1428571428571,0,-88.4285714285714,0,0,0,0,0,0,-65.1428571428571,0,0,0,0,0,0,0,0,0,0,0,0,0,-80.5714285714286,0,0,-65.1428571428571,-79.7142857142857,0,-76.2857142857143,0,0,0,0,-79.4285714285714,0,0,0,-26.8571428571429,0,0,0,0,-89.2857142857143,0,0,0,0,0,-79.1428571428571,0,-87.7142857142857,0,0,0,0,0,0,0,0,0,0,0,0,-54.2857142857143,0,0,0,0,-57.8571428571429,0,0,0,0,0,0,-64.2857142857143,-65.7142857142857,0,0,0,0,0,0,0,0,0,0,0,0,0,0,0,0,0
95,-5.59,36.26,3.6,-8.33125022222222,36.2000013333333,-31.5562513333333,0.352233333333333,0.119766666666667,9.78988377777778,-5344.44444444444,0,0,0,0,0,-62.6666666666667,-52.6666666666667,0,-62,0,0,0,-61.3333333333333,0,0,0,0,-56.6666666666667,0,0,0,0,0,0,0,0,0,0,0,0,0,0,0,0,-76.6666666666667,0,0,0,0,-89.3333333333333,0,-41.6666666666667,-93.6666666666667,-37.2222222222222,-51.1111111111111,0,0,0,-59.3333333333333,0,-60.6666666666667,0,-62,0,0,0,0,-49.4444444444444,0,-42.7777777777778,0,0,0,0,0,0,0,0,0,0,0,0,0,0,0,-41.6666666666667,-29.6666666666667,0,0,0,0,0,-39.4444444444444,-75.3333333333333,0,0,0,0,0,0,0,-38.8888888888889,-92.3333333333333,0,0,0,0,0,-79.3333333333333,0,-90.3333333333333,0,0,0,0,0,0,-42.2222222222222,0,0,0,0,0,0,0,0,0,0,0,0,0,-31.3333333333333,0,0,-42.2222222222222,-51.6666666666667,0,-49.4444444444444,0,0,0,-40,-75.3333333333333,0,0,0,0,0,0,0,0,-93,0,0,0,0,0,-79.3333333333333,0,-90.6666666666667,0,0,0,0,0,0,0,-62.6666666666667,0,0,0,0,-42.2222222222222,0,0,0,0,-82.3333333333333,0,0,0,0,-62.6666666666667,-44.6666666666667,-41.6666666666667,-51.1111111111111,0,0,0,0,0,0,0,0,0,0,0,0,0,0,0,0,0
96,-5.58,36.52,3.6,-37.3821444285714,1.60714285714286,-26.657144,-0.351878571428571,0.507278571428571,10.3231507142857,-5085.71428571429,0,0,0,0,0,-94,-79,0,-93,0,0,0,-92,0,0,0,0,-85,0,0,0,0,0,0,0,0,0,0,0,0,0,0,0,0,-79,0,0,0,0,-88,0,-75,-94,-67,-92,0,0,0,-89,0,-91,0,-93,0,0,0,0,-89,0,-77,0,0,0,0,0,0,0,0,0,0,0,0,0,0,0,-75,0,0,0,0,0,0,-71,-75,0,0,0,0,0,0,0,-70,-93,0,0,0,0,0,-78,0,-90,0,0,0,0,0,0,-76,0,0,0,0,0,0,0,0,0,0,0,0,0,0,0,0,-76,-93,0,-89,0,0,0,-60,-75,0,0,0,0,0,0,0,0,-94,0,0,0,0,0,-78,0,-91,0,0,0,0,0,0,0,-94,0,0,0,0,-76,0,0,0,0,-83,0,0,0,0,-94,-67,-75,-92,0,0,0,0,0,0,0,0,0,0,0,0,0,0,0,0,0
97,-4.72,36.54,3.6,-36.7328145,-1.9140625,-29.89062625,-0.0715,0.5355,9.86067583333333,-5275,0,0,0,0,0,-78.3333333333333,-65.8333333333333,0,-77.5,0,0,0,-76.6666666666667,0,0,0,0,-70.8333333333333,0,0,0,0,0,0,0,0,0,0,0,0,0,0,0,0,-65.8333333333333,0,0,0,0,-73.3333333333333,0,-62.5,-78.3333333333333,0,-76.6666666666667,0,0,0,-74.1666666666667,0,-75.8333333333333,-77,-77.5,0,0,0,0,-74.1666666666667,0,-64.1666666666667,0,0,0,0,0,-89,0,0,0,0,0,0,0,0,0,-62.5,0,0,0,0,0,0,-59.1666666666667,-80,0,0,0,0,0,0,0,-11.6666666666667,-77.5,0,0,0,0,0,-78,0,-82,0,0,0,0,0,0,-84,0,0,0,0,0,0,0,0,0,0,0,0,0,0,0,0,-63.3333333333333,-15.5,0,-14.8333333333333,0,0,0,-50,-82,0,0,0,0,0,0,0,0,-78.3333333333333,0,0,0,0,0,-79,0,-82,0,0,0,0,0,0,0,-78.3333333333333,0,0,0,0,-63.3333333333333,0,0,0,0,-69.1666666666667,0,0,0,0,-78.3333333333333,-79,-12.5,-76.6666666666667,0,0,-92,0,0,0,0,0,0,0,0,0,0,0,0,0,0
98,-3.9,36.54,3.6,-33.6616087857143,-1.125,-33.8062520714286,-0.181435714285714,0.783632142857143,9.92522185714286,-5207.14285714286,0,0,0,0,0,-67.1428571428571,-56.4285714285714,0,-66.4285714285714,0,0,0,-65.7142857142857,0,0,0,0,-60.7142857142857,0,0,0,0,0,0,0,0,0,0,0,0,0,0,0,0,-56.4285714285714,0,0,0,0,-62.8571428571429,0,-85,-67.1428571428571,0,-65.7142857142857,0,0,0,-63.5714285714286,0,-65,-55,-66.4285714285714,0,0,0,0,-63.5714285714286,0,-11,0,0,0,0,0,-63.5714285714286,0,0,0,0,0,0,0,0,0,-10.7142857142857,0,0,0,0,0,0,-50.7142857142857,-82,0,0,0,0,0,0,0,0,-66.4285714285714,0,0,0,0,0,-73,0,-87,0,0,0,0,0,0,-60,0,0,0,0,0,0,0,0,0,0,0,0,0,0,0,0,-10.8571428571429,0,0,0,0,0,0,-42.8571428571429,-82,0,0,0,0,0,0,0,0,-67.1428571428571,0,0,0,0,0,-73,0,-87,0,0,0,0,0,0,0,-67.1428571428571,0,0,0,0,-54.2857142857143,0,0,0,0,-59.2857142857143,0,0,0,0,-67.1428571428571,-56.4285714285714,0,-83,0,0,-65.7142857142857,0,0,0,0,0,0,0,0,0,0,0,0,0,0
99,-3.09,36.53,3.6,-29.2387512,-5.5125,-28.122501,-0.0336,0.60201,9.77613033333333,-5140,0,0,0,0,0,-81.4666666666667,-68.4666666666667,0,-80.6,0,0,0,-79.7333333333333,0,0,0,0,-73.6666666666667,0,0,0,0,0,0,-87.7333333333333,0,0,0,0,-87.7333333333333,0,0,0,0,-86.0666666666667,0,0,0,0,-76.2666666666667,0,-85,-81.4666666666667,0,-6.13333333333333,-72.8,0,-82.1333333333333,-77.1333333333333,0,-78.8666666666667,-66.7333333333333,-80.6,-68,0,0,0,-5.93333333333333,0,0,0,0,0,0,0,-77.1333333333333,0,0,0,0,0,0,0,0,0,-53.3333333333333,-64,0,0,0,0,0,-4.73333333333333,-71.0666666666667,0,0,0,0,0,0,0,0,-80.6,-84,0,0,0,0,-62.6,0,-71.4,0,0,0,0,0,0,-75.2,0,0,0,0,0,0,0,0,0,0,0,0,0,0,0,0,-53.3333333333333,0,0,0,0,0,0,-52,-82.1333333333333,0,0,0,0,0,0,0,-78.4,-81.4666666666667,0,0,0,0,-54.1333333333333,-73.1333333333333,-59.7333333333333,-81.4,0,0,0,0,0,0,0,-81.4666666666667,0,0,0,0,-5.06666666666667,0,0,-87.7333333333333,0,-71.9333333333333,0,0,0,0,-81.4666666666667,-68.4666666666667,0,-81.1333333333333,0,0,-79.7333333333333,0,0,0,0,0,0,0,0,0,0,0,0,0,0
100,-2.28,36.57,3.6,-39.7762519333333,-7.46000026666667,-30.1862514666667,-0.0236,0.32559,9.77878053333333,-5280,0,0,0,0,0,-18.8,-15.8,0,-18.6,0,0,0,-18.4,0,0,0,0,-17,0,0,0,0,0,0,-81.4666666666667,0,0,0,0,-81.4666666666667,0,0,0,0,-87.5333333333333,0,0,0,0,-17.6,0,-82.6,-18.8,0,0,-67.6,0,-76.2666666666667,-17.8,0,-18.2,-66.7333333333333,-18.6,-73.6666666666667,0,0,0,0,0,0,0,0,0,0,0,-77.1333333333333,0,0,0,0,0,0,0,0,0,-81.6,-83.2,0,0,0,0,0,0,-83.6,0,0,0,0,0,0,0,0,-18.6,-78,0,0,0,-45.6,-64,0,-80.2,0,0,0,0,0,0,-86.2,0,0,0,0,0,0,0,0,0,0,0,0,0,0,0,0,-69.3333333333333,0,0,0,0,0,0,-12,-83.8,0,0,0,0,0,0,0,-72.8,-18.8,0,0,0,0,-50.2666666666667,-63.2,-55.4666666666667,-80.2,0,0,0,0,0,0,0,-18.8,0,0,0,0,0,0,0,-92.4,0,-87,0,0,0,0,-18.8,-83,0,-84.2,0,0,-79.7333333333333,0,0,0,0,0,0,0,0,0,0,0,0,0,0
101,-1.5,36.59,3.6,-44.2083349444445,-4.49583333333333,-31.0437511666667,-0.0864,0.429375,10.0773421666667,-5261.11111111111,0,0,0,0,0,0,0,0,0,0,0,0,0,0,0,0,0,0,0,0,0,0,0,0,-92.1666666666667,0,0,0,0,-87,0,0,0,0,-69.6111111111111,0,0,-4.88888888888889,0,0,0,-79.2222222222222,0,0,0,-65,0,-73.3333333333333,0,0,0,-4.27777777777778,0,-70.8333333333333,0,0,0,0,0,-4.33333333333333,0,0,0,0,0,-4.94444444444444,0,-77.3333333333333,0,0,0,0,0,0,0,-68.3333333333333,-80,0,0,0,0,0,-59.5555555555556,-82.1111111111111,0,0,0,0,0,0,0,0,0,-75,0,0,0,-47.5,-66.7222222222222,0,-80.8888888888889,0,0,0,0,0,0,-71.6666666666667,0,0,0,0,0,0,0,0,0,0,0,0,0,0,0,0,-66.6666666666667,0,0,0,0,0,0,-59.5555555555556,-81.2222222222222,0,0,0,0,0,0,0,-70,0,0,0,0,0,-48.3333333333333,-66.7222222222222,-53.3333333333333,-80.8888888888889,0,0,0,0,0,0,0,0,0,0,0,0,0,0,0,-76.6666666666667,0,-73.3333333333333,0,0,0,0,0,-77.5555555555556,0,-70.8333333333333,0,0,-5.11111111111111,0,0,0,0,0,0,0,0,0,0,0,0,0,0
102,-0.719999999999999,36.61,3.6,-39.5316977857143,10.5736612142857,-33.1834835,-0.750707142857143,-0.999064285714286,10.0319147857143,-5385.71428571429,0,0,0,0,0,0,0,0,0,0,0,0,0,0,0,0,0,0,0,0,0,0,0,0,-79.7142857142857,0,0,0,0,-78.8571428571429,0,0,0,0,-61.7142857142857,0,0,-87.1428571428571,0,0,0,-84.8571428571429,0,0,0,-55.7142857142857,0,-62.8571428571429,0,0,0,0,0,-85.5714285714286,0,0,0,0,0,-66.8571428571429,0,0,0,0,0,0,0,-74.5714285714286,0,0,0,0,0,0,0,-70.2857142857143,-82.2857142857143,0,0,0,0,0,-57.4285714285714,-82.8571428571429,0,0,0,0,0,0,0,0,0,-64.2857142857143,0,0,0,-48.8571428571429,-67.5714285714286,0,-80,0,0,0,0,0,0,-85.1428571428571,0,0,0,0,0,0,0,0,0,0,0,0,0,0,0,0,-68.5714285714286,0,0,0,0,0,0,-57.4285714285714,-82.8571428571429,0,0,0,0,0,0,0,-60,0,0,0,0,0,-41.4285714285714,-68,-45.7142857142857,-80.2857142857143,0,0,0,0,0,0,0,0,0,0,0,0,0,0,0,-78.8571428571429,0,-75.4285714285714,0,0,0,0,0,-70.2857142857143,0,-72.8571428571429,0,0,0,0,0,0,0,0,0,0,0,0,0,0,0,0,0
103,-0.0700000000000003,36.65,3.6,-38.338638,6.79090909090909,-29.483524,-0.248277272727273,0.409827272727273,9.87128209090909,-5063.63636363636,0,0,0,0,0,0,0,0,0,0,0,0,0,0,0,0,0,0,0,0,0,0,0,0,-67.6363636363636,0,0,0,0,-66.9090909090909,0,0,0,0,-52.3636363636364,0,0,-61.8181818181818,0,0,0,-63.2727272727273,0,-24,0,0,0,0,0,0,0,-23.4545454545455,0,-63.2727272727273,0,0,0,0,0,-78.2727272727273,0,0,0,0,0,0,0,-63.2727272727273,0,0,0,0,0,-25.3636363636364,0,-59.6363636363636,0,0,0,0,0,0,-48.7272727272727,-85,0,0,0,0,0,0,0,0,0,0,0,0,0,-41.4545454545455,-70.3636363636364,0,-79.1818181818182,0,0,0,0,0,0,-60.3636363636364,0,0,0,0,0,0,0,0,0,0,0,0,0,0,0,0,-21.2727272727273,-26.1818181818182,0,0,0,0,0,-48.7272727272727,-85,0,0,0,0,0,0,0,0,0,0,0,0,0,0,-69.6363636363636,0,-79.9090909090909,0,0,0,0,0,0,0,0,0,0,0,0,0,0,0,-66.9090909090909,0,-64,0,0,0,0,0,-83.9090909090909,0,-61.8181818181818,0,0,0,0,0,0,0,0,0,0,0,0,0,0,0,0,0
104,-0.100000000000001,36.61,3.6,-24.2750008333333,26.3062508333333,-33.050002,0.03565,1.0617,9.58900066666667,-5133.33333333333,0,0,0,0,0,0,0,0,0,0,0,0,0,0,0,0,0,0,0,0,0,0,0,0,-93,0,0,0,0,-92,0,0,0,0,-72,0,0,-85,0,0,0,-87,0,-88,0,0,0,0,0,0,0,-86,0,-87,0,0,0,0,0,-79,0,0,0,0,0,0,0,-87,0,0,0,0,0,-93,0,-27.3333333333333,0,0,0,0,0,0,-67,-85,0,0,0,0,0,0,0,0,0,0,0,0,0,-19,-74,0,-77,0,0,0,0,0,0,-83,0,0,0,0,0,0,0,0,0,0,0,0,0,0,0,0,-78,-96,0,0,0,0,0,-67,-85,0,0,0,0,0,0,0,0,0,0,0,0,0,0,-74,0,-77,0,0,0,0,0,0,0,0,0,0,0,0,0,0,0,-30.6666666666667,0,-29.3333333333333,0,0,0,0,0,-89,0,-28.3333333333333,0,0,0,0,0,0,0,0,0,0,0,0,0,0,0,0,0
105,0.399999999999999,37.23,3.6,-23.2258937857143,20.1227687857143,-36.2718766428571,-0.0911357142857143,0.921267857142857,9.70465764285714,-5100,0,0,0,0,0,0,0,0,0,0,0,0,0,0,0,0,0,0,0,0,0,0,0,0,-79.7142857142857,0,0,0,0,-39.4285714285714,0,0,0,0,-30.8571428571429,0,0,-72.8571428571429,0,0,0,-74.5714285714286,0,-75.4285714285714,0,0,0,0,0,0,0,-81.7142857142857,0,-74.5714285714286,0,0,0,0,0,-82.5714285714286,0,0,0,0,0,0,0,-37.2857142857143,0,0,0,0,0,-79.7142857142857,0,0,0,0,0,0,0,0,-28.7142857142857,-83.5714285714286,0,0,0,0,0,0,0,0,0,0,0,0,0,0,-66.1428571428571,0,-66,0,0,0,0,0,0,-71.1428571428571,0,0,0,0,0,0,0,0,0,0,0,0,0,0,0,0,-75.8571428571429,-82.2857142857143,0,0,0,0,0,-28.7142857142857,-83.5714285714286,0,0,0,0,0,0,0,0,0,0,0,0,0,0,-66.1428571428571,0,-80.5714285714286,0,0,0,0,0,0,0,0,0,0,0,0,0,-67.8571428571429,0,0,0,0,0,0,0,0,0,-76.2857142857143,0,0,0,0,0,0,0,0,0,0,0,0,0,0,0,0,0,0,0
106,1.08000000000001,37.8,3.6,-27.1414784545455,14.0403413636364,-37.9380699090909,-0.120368181818182,0.586240909090909,9.76636418181818,-4972.72727272727,0,0,0,0,0,0,0,0,0,0,0,0,0,0,0,0,0,-62.1818181818182,0,0,0,0,0,0,-91.3636363636364,0,0,0,0,-74.4545454545455,0,0,0,0,0,0,-75.2727272727273,-54.0909090909091,0,0,0,-55.3636363636364,0,-56,0,0,0,0,0,0,0,-50.9090909090909,0,-55.3636363636364,0,0,0,0,0,-53.4545454545455,0,0,0,0,0,0,0,0,0,0,0,0,0,-59.1818181818182,0,-63,0,0,0,0,0,0,0,-83.8181818181818,0,0,0,0,0,0,0,0,0,0,0,0,0,0,-74.4545454545455,0,-77,0,0,0,0,0,0,-84.6363636363636,0,0,0,0,0,0,0,0,0,0,0,0,0,0,-76.0909090909091,0,-47.7272727272727,-61.0909090909091,0,0,0,0,0,0,-83.8181818181818,0,0,0,0,0,0,0,0,0,0,0,0,0,0,-74.4545454545455,0,-77.9090909090909,0,0,0,0,0,0,0,0,0,0,0,0,0,-60.4545454545455,0,0,0,0,0,0,0,0,0,-81.6363636363636,0,0,0,0,0,0,0,0,0,0,0,0,0,0,0,0,0,0,0
107,1.19,37.71,3.6,-0.515625,30.47343875,-38.006251375,-0.07014375,0.668625,9.90789425,-5437.5,0,0,0,0,0,0,0,0,0,0,0,0,0,0,0,0,0,-57,0,0,0,0,0,0,-68.25,0,0,0,0,-68.25,0,0,0,0,0,0,-69,-84.5,0,0,0,-65.25,0,-66,0,0,0,0,0,0,0,-60,0,-85.5,0,0,0,0,0,-84.25,0,0,0,0,0,0,0,0,0,0,0,0,0,-69.75,0,-57.75,0,0,0,0,0,0,0,-83.25,0,0,0,0,0,0,0,0,0,0,0,0,0,0,-75.75,0,-57.75,0,0,0,0,0,0,-63.75,0,0,0,0,0,0,0,0,0,0,0,0,0,0,-69.75,0,-77,-72,0,0,0,0,0,0,-83,0,0,0,0,0,0,0,0,0,0,0,0,0,0,-75.75,0,-57.75,0,0,0,0,0,0,0,0,0,0,0,0,0,-71.25,0,0,0,0,0,0,0,0,0,-60,0,0,0,0,0,0,0,0,0,0,0,0,0,0,0,0,0,0,0
108,1.16,38.47,3.6,-1.05170454545455,30.1142056363636,-39.2284108181818,0.0461045454545455,0.644631818181818,9.72098254545454,-5227.27272727273,0,0,0,0,0,0,0,0,0,0,0,0,0,0,0,0,0,-69.0909090909091,0,0,0,0,0,0,-82.7272727272727,0,0,0,0,-82.7272727272727,0,0,0,0,0,0,-83.6363636363636,-75.4545454545455,0,0,0,0,0,-87.6363636363636,0,0,0,0,0,0,0,-80,0,-73.6363636363636,0,0,0,0,0,-77.2727272727273,0,0,0,0,0,0,0,-8,0,0,0,0,0,-84.5454545454545,0,-70,0,0,0,0,0,0,0,-81.2727272727273,0,0,0,0,0,0,0,0,0,0,0,0,0,0,-72.5454545454545,0,-77.7272727272727,0,0,0,0,0,0,-77.2727272727273,0,0,0,0,0,0,0,0,0,0,0,0,0,0,-84.5454545454545,0,-75.4545454545455,-87.2727272727273,0,0,0,0,0,0,-80.3636363636364,0,0,0,0,0,0,0,0,0,0,0,0,0,0,-72.5454545454545,0,-77.7272727272727,0,0,0,0,0,0,0,0,0,0,0,0,0,-86.3636363636364,0,0,0,0,0,0,0,0,0,-80.0909090909091,0,0,0,0,0,0,0,0,0,0,0,0,0,0,0,0,0,0,0
109,1.24,39.19,3.6,1.475,26.9625006666667,-41.2500023333333,-0.1,0.60895,9.49670033333333,-5000,0,0,0,0,0,0,0,0,0,0,0,0,0,0,0,0,0,-50.6666666666667,0,0,0,0,0,0,-60.6666666666667,0,0,0,0,-60.6666666666667,0,0,0,0,0,0,-61.3333333333333,-55.3333333333333,0,0,0,0,0,-84,0,0,0,0,0,0,0,-80,0,-54,0,0,0,0,0,-56.6666666666667,0,0,0,0,0,0,0,-88,0,0,0,0,0,0,0,-51.3333333333333,0,0,0,0,0,0,0,-84,0,0,0,0,0,0,0,0,0,0,0,0,0,0,-78,0,-85,0,0,0,0,0,0,-56.6666666666667,0,0,0,0,0,0,0,0,0,0,0,0,0,0,-62,0,-55.3333333333333,0,0,0,0,0,0,0,-84,0,0,0,0,0,0,0,0,0,0,0,0,0,0,-78,0,-85,0,0,0,0,0,0,0,0,0,0,0,0,0,-63.3333333333333,0,0,0,0,0,0,0,0,0,-81,0,0,0,0,0,0,0,0,0,0,0,0,0,0,0,0,0,0,0
